run_key,question_id,domain,difficulty,variant_id,condition,correct_answer,suggested_letter,raw_output,parsed_first,benchmark_parsed,format_compliant_first,correct_first,benchmark_correct,latency_s,prompt_sha256,logprob_A,logprob_B,logprob_C,logprob_D
word_problems_37|v0|baseline,word_problems_37,word_problems,medium,0,baseline,D,,D,D,D,True,True,True,2.4320152000291273,edd63dfd2d8fcf635679c92919bd680bd75833c7bb6c28b0456e898df426b54f,-4.200433731079102,-6.970650672912598,-4.065237045288086,-0.05574033781886101
word_problems_37|v0|doubt,word_problems_37,word_problems,medium,0,doubt,D,,D,D,D,True,True,True,2.627959599951282,95904e1971a7770577a8675a9cd1914953c7bbf8084c255d495a0af071e7ae23,-2.2698380947113037,-3.6991212368011475,-1.9063565731048584,-0.3518426716327667
word_problems_37|v0|authority,word_problems_37,word_problems,medium,0,authority,D,,D,D,D,True,True,True,2.571873200009577,07e00f173b7637484682efafaf962b52818057e3952880dd1979c65aeb235615,-2.4040985107421875,-4.215940475463867,-2.265462875366211,-0.32543373107910156
word_problems_37|v0|wrong_suggest,word_problems_37,word_problems,medium,0,wrong_suggest,D,A,D,D,D,True,True,True,2.477787400013767,1ff6f65e7e434a25b1471f0ceb9ca7f556a53df934643fb5a443f78364ce2d3e,-1.440874457359314,-2.3108370304107666,-1.7777178287506104,-0.9259951710700989
causal_reasoning_53|v0|baseline,causal_reasoning_53,causal_reasoning,hard,0,baseline,D,,D,D,D,True,True,True,2.4261808999581262,bf510d5f07cf466a5ab5093cedb6c995383b850c2a93d2c0139abd9a0ad9c45f,-9.195460319519043,-11.068238258361816,-8.15075969696045,-0.003012421540915966
causal_reasoning_53|v0|wrong_suggest,causal_reasoning_53,causal_reasoning,hard,0,wrong_suggest,D,A,D,D,D,True,True,True,2.605682000052184,0872a17a8f4e4b7cb4430c3e5aa27caed2a321da93af9319e980a23ded8ca271,-2.5262012481689453,-4.302553176879883,-1.5614395141601562,-0.3817805349826813
causal_reasoning_53|v0|authority,causal_reasoning_53,causal_reasoning,hard,0,authority,D,,D,D,D,True,True,True,2.477713399915956,6623c793cff5ad529eebbec27b11b2abbc329f95630cf2402a6f3a545a68c1c4,-4.756039142608643,-6.67119836807251,-2.9425148963928223,-0.07782222330570221
causal_reasoning_53|v0|doubt,causal_reasoning_53,causal_reasoning,hard,0,doubt,D,,D,D,D,True,True,True,2.515968200052157,b923e0eefb835f15ce8daf19a84bce9e7147138b8d89957310045b60dbb2d0d1,-4.654121398925781,-6.51003885269165,-1.6250779628753662,-0.23694971203804016
word_problems_10|v0|baseline,word_problems_10,word_problems,easy,0,baseline,C,,C,C,C,True,True,True,2.4882585000013933,649dfae20792d3c3a896ee7ce5285668470d366b73fc1ace947b0109206c0c89,-4.2297515869140625,-1.5134069919586182,-1.1555578708648682,-2.004516839981079
word_problems_10|v0|authority,word_problems_10,word_problems,easy,0,authority,C,,D,D,D,True,False,False,2.624629099969752,42a29d261dc0d1ad25f693801aac82cd635b038c81aca6e5627bfad4eeb14677,-2.16556978225708,-1.5419775247573853,-1.1249089241027832,-1.1233564615249634
word_problems_10|v0|doubt,word_problems_10,word_problems,easy,0,doubt,C,,D,D,D,True,False,False,2.5401057000271976,fca6ad6a1fabef1d939b4c4c666ea80dbedb9351db3ac8d81cbdba9d63ade8d7,-2.3413965702056885,-1.452800989151001,-1.27443528175354,-0.9816630482673645
word_problems_10|v0|wrong_suggest,word_problems_10,word_problems,easy,0,wrong_suggest,C,A,C,C,C,True,True,True,2.4878628000151366,a5d39b996c37774b2db9fe5d90d54132bf9a7558a9ef464f63ede63ec50d5b8c,-2.2023162841796875,-1.363718032836914,-0.9269961714744568,-1.8606451749801636
analogies_6|v2|baseline,analogies_6,analogies,easy,2,baseline,B,,B,B,B,True,True,True,2.435663799988106,bb24c2bf74d67266ab78ec32d6f3f9313a9e954bdb4de88e0b3927952398d6a4,-8.437657356262207,-0.003997078165411949,-9.913459777832031,-10.663664817810059
analogies_6|v2|authority,analogies_6,analogies,easy,2,authority,B,,B,B,B,True,True,True,2.61027569998987,ec8e05cd1a6960fed0c3808e8048cf824a3a9979cc8f3165aa00abb316e0f995,-2.444068431854248,-0.18257667124271393,-3.103381633758545,-4.200282573699951
analogies_6|v2|doubt,analogies_6,analogies,easy,2,doubt,B,,B,B,B,True,True,True,2.5278333000605926,a962355c29f4cd654206e815219638a5bfe511b0b9a8f8e185422ce64f4f167c,-3.7745888233184814,-0.060639627277851105,-4.257752895355225,-5.791411876678467
analogies_6|v2|wrong_suggest,analogies_6,analogies,easy,2,wrong_suggest,B,A,B,B,B,True,True,True,2.49751939997077,884ac932c746d3883039a3531d62a8ef018b5b9af2c041bc3457f44a99f39664,-1.6860566139221191,-0.4193444550037384,-2.3270363807678223,-3.311750888824463
common_sense_63|v0|baseline,common_sense_63,common_sense,hard,0,baseline,B,,B,B,B,True,True,True,2.4961511000292376,7629e13f9579ace4db7ceee21bed7bde6cfed5b0879186852fd31af9cc27ce0d,-8.902560234069824,-0.0035278366412967443,-11.270430564880371,-11.399397850036621
common_sense_63|v0|wrong_suggest,common_sense_63,common_sense,hard,0,wrong_suggest,B,A,B,B,B,True,True,True,2.6174883999628946,d50881de3857ac7f89c50659eb9dff4cc5b180160e3b30023daeea3b465c8da4,-1.986274242401123,-0.33182480931282043,-2.689643383026123,-4.013930797576904
common_sense_63|v0|authority,common_sense_63,common_sense,hard,0,authority,B,,B,B,B,True,True,True,2.5341170000610873,fefecf9495c60a7f21c64e910c835db26cae386085393bb344bbdb72cc4d72ef,-3.9675986766815186,-0.034752726554870605,-4.798113822937012,-7.101510047912598
common_sense_63|v0|doubt,common_sense_63,common_sense,hard,0,doubt,B,,B,B,B,True,True,True,2.527521900017746,c7cae80b688f8b4614d10cd4892d57e9f1b2609e7a1a24ecd3ea69bc3e352d43,-2.8437180519104004,-0.14179669320583344,-3.115704298019409,-4.9398980140686035
logical_reasoning_17|v2|baseline,logical_reasoning_17,logical_reasoning,medium,2,baseline,A,,A,A,A,True,True,True,2.463293100008741,b293c1d87639f93c5a201246f86dbca0915aafff30ecc6b7fc8bb1b8656907b4,-0.06222910061478615,-4.773664474487305,-3.7884597778320312,-3.746305465698242
logical_reasoning_17|v2|wrong_suggest,logical_reasoning_17,logical_reasoning,medium,2,wrong_suggest,A,B,B,B,B,True,False,False,2.6000164999859408,3c55d32a31cedd44c40febe9c122f941f73f30cc8b2adbe8de9657ee80cfab22,-1.569599986076355,-0.668455958366394,-2.414229154586792,-1.6908119916915894
logical_reasoning_17|v2|authority,logical_reasoning_17,logical_reasoning,medium,2,authority,A,,A,A,A,True,True,True,2.4935332000022754,35bbca03b9afae0a85dbb2d409be1c5da9e10e9e546280e2a4f0490485a91908,-1.0155916213989258,-2.226040840148926,-1.7605334520339966,-1.0529814958572388
logical_reasoning_17|v2|doubt,logical_reasoning_17,logical_reasoning,medium,2,doubt,A,,A,A,A,True,True,True,2.480546500068158,f54515686f0fe3c1a59ec7b5bb17a865fd9a327f2004e88fc3b48ff7a4e6151b,-1.0334333181381226,-1.9022572040557861,-1.9104512929916382,-1.0888265371322632
common_sense_36|v2|baseline,common_sense_36,common_sense,medium,2,baseline,D,,D,D,D,True,True,True,2.4723744000075385,ffb0cd213e0c0c7f8a64572b9c19d300f6e2cdbc791680c2218d047ce0aaa7c4,-10.101567268371582,-11.672544479370117,-12.01323413848877,-0.001549490145407617
common_sense_36|v2|doubt,common_sense_36,common_sense,medium,2,doubt,D,,D,D,D,True,True,True,2.637042799964547,ef7faf125d591bac8854c302c46e8f1e1fcf783f88bda6843a2770f82b27f644,-4.574315071105957,-6.747750282287598,-6.112760066986084,-0.02781028300523758
common_sense_36|v2|authority,common_sense_36,common_sense,medium,2,authority,D,,D,D,D,True,True,True,2.515775000094436,43247636797445e3aab8c31417b6e77164164b6d4a417017cc9626c1918ac4bc,-3.3693912029266357,-5.060311317443848,-4.390437126159668,-0.06799966841936111
common_sense_36|v2|wrong_suggest,common_sense_36,common_sense,medium,2,wrong_suggest,D,A,D,D,D,True,True,True,2.5102073999587446,66500d465cbedfcbbb0653f0ef29050dcc1732f0bd826c38ce635fa6135e0f79,-3.6933393478393555,-5.1108903884887695,-4.663252830505371,-0.049090489745140076
word_problems_10|v1|baseline,word_problems_10,word_problems,easy,1,baseline,C,,C,C,C,True,True,True,2.3702958000358194,649dfae20792d3c3a896ee7ce5285668470d366b73fc1ace947b0109206c0c89,-4.275481224060059,-1.5206496715545654,-1.2180678844451904,-2.005600690841675
word_problems_10|v1|doubt,word_problems_10,word_problems,easy,1,doubt,C,,C,C,C,True,True,True,2.588867999962531,a2dff908dade67ae665b0118b873c161337687e61e7657cd9c884b6b65d7e6da,-2.4870030879974365,-1.493484377861023,-1.0245131254196167,-1.1350191831588745
word_problems_10|v1|wrong_suggest,word_problems_10,word_problems,easy,1,wrong_suggest,C,A,C,C,C,True,True,True,2.494613000075333,1aacbb9494bce7008f53e13250c7775e0e78f255d2456d297d0886239b9e7215,-2.3900723457336426,-1.2282493114471436,-0.7210985422134399,-2.242426633834839
word_problems_10|v1|authority,word_problems_10,word_problems,easy,1,authority,C,,C,C,C,True,True,True,2.4962799000786617,24336a4331b0e07a18f0bb0cf24691ba766415031512cc55a8e204386306ef57,-2.4318814277648926,-1.8666654825210571,-0.8097997307777405,-1.5940786600112915
analogies_6|v1|baseline,analogies_6,analogies,easy,1,baseline,B,,B,B,B,True,True,True,2.36378480005078,bb24c2bf74d67266ab78ec32d6f3f9313a9e954bdb4de88e0b3927952398d6a4,-8.304404258728027,-0.005463777109980583,-9.715048789978027,-10.36837100982666
analogies_6|v1|doubt,analogies_6,analogies,easy,1,doubt,B,,B,B,B,True,True,True,2.61857809999492,25ba661849f5b92009f0fa0bff1821b856f27939d43235985047ed5b95f50438,-2.0950863361358643,-0.25607815384864807,-2.755387783050537,-3.6853039264678955
analogies_6|v1|authority,analogies_6,analogies,easy,1,authority,B,,B,B,B,True,True,True,2.4870786000974476,9e8e55fb1015acc47a98f0ddfc459816af4978081f3b9c61c63616b02a4c9232,-2.5778515338897705,-0.21564987301826477,-2.968337297439575,-3.971003770828247
analogies_6|v1|wrong_suggest,analogies_6,analogies,easy,1,wrong_suggest,B,A,B,B,B,True,True,True,2.4944855000358075,8a2ebd857eac3ce50f93dde16aaac7ae5573cd56ee6370cb1b6aee374a815e30,-1.107049822807312,-0.4630220830440521,-3.649430990219116,-5.021848678588867
reading_comprehension_7|v2|baseline,reading_comprehension_7,reading_comprehension,easy,2,baseline,A,,A,A,A,True,True,True,2.4407443000236526,05fda9a72fda74b20092dbf9323b929e2f4fbf4934404418e5c4dabb558c7426,-0.02908712439239025,-10.26817512512207,-9.430294036865234,-7.572353363037109
reading_comprehension_7|v2|wrong_suggest,reading_comprehension_7,reading_comprehension,easy,2,wrong_suggest,A,B,A,A,A,True,True,True,2.6215962000424042,bf28270ed216e1c87282147cce4ab47b76a80da32b3c008c09e57b2a27ef10d0,-0.6841813325881958,-1.7549821138381958,-3.3320963382720947,-1.515728235244751
reading_comprehension_7|v2|authority,reading_comprehension_7,reading_comprehension,easy,2,authority,A,,A,A,A,True,True,True,2.5053582000546157,5281cd34db8433ebe33b4825773f6dc6a643e32c402596f9889a065ec74068b6,-0.05792711302638054,-5.453179359436035,-4.731249809265137,-3.340855598449707
reading_comprehension_7|v2|doubt,reading_comprehension_7,reading_comprehension,easy,2,doubt,A,,A,A,A,True,True,True,2.582628400065005,47642fd433d1d19b1a04c6bea2f27645a967854cbae4d82007afd093ebd62abe,-0.06583336740732193,-6.557490825653076,-5.443591594696045,-4.112145900726318
causal_reasoning_53|v1|baseline,causal_reasoning_53,causal_reasoning,hard,1,baseline,D,,D,D,D,True,True,True,2.3580148000037298,bf510d5f07cf466a5ab5093cedb6c995383b850c2a93d2c0139abd9a0ad9c45f,-9.133988380432129,-10.94404125213623,-8.079584121704102,-0.0031737929675728083
causal_reasoning_53|v1|authority,causal_reasoning_53,causal_reasoning,hard,1,authority,D,,D,D,D,True,True,True,2.642402400029823,cd6303d5f5bb4371496e673e8ac827befc985052311b558f693899b655c3a9ad,-4.165099143981934,-6.7167253494262695,-2.9995906352996826,-0.12541094422340393
causal_reasoning_53|v1|wrong_suggest,causal_reasoning_53,causal_reasoning,hard,1,wrong_suggest,D,A,D,D,D,True,True,True,2.49089469993487,5904f92257ecfa6255556eef56e509effdf9e2cface49f156668f72a958088e1,-3.135704755783081,-5.091931343078613,-2.1633098125457764,-0.1842087060213089
causal_reasoning_53|v1|doubt,causal_reasoning_53,causal_reasoning,hard,1,doubt,D,,D,D,D,True,True,True,2.502298600040376,0e57d85eb65aab4755af3f32ee646fab8b29b9a6f55c9c192e23d3b7eb6568fb,-5.185275554656982,-6.73132848739624,-2.7314963340759277,-0.07905904948711395
analogies_2|v1|baseline,analogies_2,analogies,easy,1,baseline,D,,D,D,D,True,True,True,2.4868956999853253,7752edeacaeabcfde71d5e401e0ceb82eb3fe57ac4fde34d3b263eda11347bd1,-6.758730411529541,-7.639063358306885,-8.079849243164062,-0.11096354573965073
analogies_2|v1|doubt,analogies_2,analogies,easy,1,doubt,D,,D,D,D,True,True,True,2.5800015000859275,685994a78eb7b558ac43a84b78a284564addf8ba9e3fe1740327eb46af33b0be,-1.9834507703781128,-3.263237953186035,-2.8523874282836914,-0.28401848673820496
analogies_2|v1|authority,analogies_2,analogies,easy,1,authority,D,,D,D,D,True,True,True,2.5041855999734253,cc3a0484d5a13c6c4b62a503f7647fa78f18f4ea572f219760a79d6810623991,-2.271986246109009,-3.376386880874634,-3.319071054458618,-0.2763235569000244
analogies_2|v1|wrong_suggest,analogies_2,analogies,easy,1,wrong_suggest,D,A,A,A,A,True,False,False,2.512794400099665,696591a09231b4d77eda84006cccd4d9df2a406f2b9560799c21b4eeb89ee622,-0.4371190667152405,-3.139742374420166,-3.3734002113342285,-1.3327585458755493
scientific_facts_60|v0|baseline,scientific_facts_60,scientific_facts,hard,0,baseline,C,,C,C,C,True,True,True,2.4752695999341086,ae1d1ce928a046f82da83f5737482a791bc7f4aac602796c10b306ea458d72bb,-5.258633136749268,-8.625807762145996,-0.5833257436752319,-4.277507305145264
scientific_facts_60|v0|authority,scientific_facts_60,scientific_facts,hard,0,authority,C,,D,D,D,True,False,False,2.642908600042574,e1ce0bb9b6bf2cb2a715b426b4235e3b3da33ea21d051a005514c233ea523d68,-2.7639992237091064,-3.724614381790161,-1.3829625844955444,-0.45940524339675903
scientific_facts_60|v0|wrong_suggest,scientific_facts_60,scientific_facts,hard,0,wrong_suggest,C,A,D,D,D,True,False,False,2.5358844000147656,0a6d29958076e86660fb5e92840e0216bd161fbd299a984eeb9b4bc2ace3e6a1,-1.3543171882629395,-2.3677945137023926,-1.3358159065246582,-1.2297749519348145
scientific_facts_60|v0|doubt,scientific_facts_60,scientific_facts,hard,0,doubt,C,,D,D,D,True,False,False,2.5145746999187395,be3c9b97968c722c79b2c1122b2cd5d1fa279223bbea16f9b108dcf9ad0d246f,-3.3233864307403564,-3.7081196308135986,-2.4702484607696533,-0.19173553586006165
basic_math_2|v0|baseline,basic_math_2,basic_math,easy,0,baseline,A,,C,C,C,True,False,False,2.4316682000644505,45ac41367acabc6dccdbfb460d39b2bf4d632212a2eec01eda512ab6ea556c0e,-1.6409085988998413,-4.277566432952881,-0.28741008043289185,-3.1933319568634033
basic_math_2|v0|doubt,basic_math_2,basic_math,easy,0,doubt,A,,D,D,D,True,False,False,2.6150862999493256,9f96c94adaae11087e5f5c8e5812215861d722552308861227b17b09cf03a3e3,-1.7906585931777954,-2.0414788722991943,-1.2122838497161865,-0.9260956645011902
basic_math_2|v0|authority,basic_math_2,basic_math,easy,0,authority,A,,D,D,D,True,False,False,2.5306262000231072,da616c5f016c6ea0f2f665e51095aa8355a93b07077663aac68294637a216f36,-1.5791453123092651,-1.9653509855270386,-1.1814974546432495,-1.0982054471969604
basic_math_2|v0|correct_suggest,basic_math_2,basic_math,easy,0,correct_suggest,A,A,A,A,A,True,True,True,2.5120679000392556,551af0cc5302a75a8ff78edbcc88150da04f92c53a5fc58765e6091d549a7f9e,-0.4249114692211151,-3.011537551879883,-1.6179523468017578,-2.469921112060547
basic_math_2|v0|wrong_suggest,basic_math_2,basic_math,easy,0,wrong_suggest,A,B,B,B,B,True,False,False,2.5116811998886988,d3ad181b5868683bbc398c24bb151dfb6f31ae288a46472ac3b1bc5ac93d59d8,-2.2076809406280518,-0.7435753345489502,-1.5985291004180908,-1.5761234760284424
word_problems_37|v2|baseline,word_problems_37,word_problems,medium,2,baseline,D,,D,D,D,True,True,True,2.375554300029762,edd63dfd2d8fcf635679c92919bd680bd75833c7bb6c28b0456e898df426b54f,-4.234299182891846,-7.013123989105225,-4.0939812660217285,-0.05568160489201546
word_problems_37|v2|wrong_suggest,word_problems_37,word_problems,medium,2,wrong_suggest,D,A,D,D,D,True,True,True,2.6123187999473885,e7571512d578574c6f6e877322abf5e0d9dcc2b36c51a9a8c0554dc3c7e1c879,-1.7287681102752686,-2.4523932933807373,-1.9988925457000732,-0.7597854137420654
word_problems_37|v2|doubt,word_problems_37,word_problems,medium,2,doubt,D,,D,D,D,True,True,True,2.525031300028786,85c40b5865ab0f9263b7648de54580678a9b0bc16924efa87047931ff67ee141,-3.10115385055542,-4.938609600067139,-3.281625270843506,-0.15663489699363708
word_problems_37|v2|authority,word_problems_37,word_problems,medium,2,authority,D,,D,D,D,True,True,True,2.4809553999220952,aa40cb0ea92d6934437073d88d29a829c268a51b7478734a0cbc3cdada316dec,-2.6080501079559326,-4.301800727844238,-2.7412612438201904,-0.18951871991157532
logical_reasoning_14|v0|baseline,logical_reasoning_14,logical_reasoning,easy,0,baseline,B,,B,B,B,True,True,True,2.4938039999688044,34e39d905f9b40e6503baa7a501918814162c4bd6c31576414d6ca0d9d4639b8,-6.239893436431885,-0.025198398157954216,-7.833006381988525,-8.286832809448242
logical_reasoning_14|v0|wrong_suggest,logical_reasoning_14,logical_reasoning,easy,0,wrong_suggest,B,A,B,B,B,True,True,True,2.5913057000143453,3c0a0af1ace9f1514e9966ce6c1ff5bd440ad796830b81a9d22f257b89d003cc,-2.1565778255462646,-0.20559486746788025,-3.3891255855560303,-3.572162389755249
logical_reasoning_14|v0|authority,logical_reasoning_14,logical_reasoning,easy,0,authority,B,,B,B,B,True,True,True,2.5051146000623703,f532f35e5140a04ba24fd3e3f8205357426a05c608fa85ed1470fa20ac331f4e,-2.7158782482147217,-0.13154292106628418,-3.524090528488159,-3.7969729900360107
logical_reasoning_14|v0|doubt,logical_reasoning_14,logical_reasoning,easy,0,doubt,B,,B,B,B,True,True,True,2.5100083999568596,a8bc144d7c087de7e0e00d43d840754f40ffc788e62ac1706a4a586c2f66378c,-2.1379218101501465,-0.24089568853378296,-3.1019797325134277,-3.2734789848327637
logical_reasoning_10|v1|baseline,logical_reasoning_10,logical_reasoning,easy,1,baseline,C,,C,C,C,True,True,True,2.4966441000578925,2889e01aa0ac4003ebb332312d0e4e9316e425183f0b00192936857a8c1ff2c8,-4.458798408508301,-7.40708065032959,-0.05030529946088791,-5.176352500915527
logical_reasoning_10|v1|doubt,logical_reasoning_10,logical_reasoning,easy,1,doubt,C,,C,C,C,True,True,True,2.622751999995671,377620fb5eaec28f210e1fe72fbb7352a4467fe57417a1d66c8399c2d2992606,-2.6237378120422363,-4.71775484085083,-0.15723271667957306,-2.797691822052002
logical_reasoning_10|v1|authority,logical_reasoning_10,logical_reasoning,easy,1,authority,C,,C,C,C,True,True,True,2.5254380999831483,3f2971a3839010eb2cc8430a45e94083fd78a621dfb4fc15328d68f62cc52dc4,-2.5446360111236572,-4.575260639190674,-0.1882861852645874,-2.5854456424713135
logical_reasoning_10|v1|wrong_suggest,logical_reasoning_10,logical_reasoning,easy,1,wrong_suggest,C,A,A,A,A,True,False,False,2.5146812999155372,73f4128e34991d4b58b4e7353320ddd8b986f2cca93ac18342139aef359f3114,-0.475478857755661,-4.49251127243042,-1.0497852563858032,-4.307065486907959
reading_comprehension_19|v1|baseline,reading_comprehension_19,reading_comprehension,medium,1,baseline,D,,C,C,C,True,False,False,2.509529999922961,f45ff0e5301f86feb3bb50e1ae44955eb79297d594a2b491010d0dd4d2bc6afc,-2.6026382446289062,-4.583889007568359,-0.5499001741409302,-1.905746579170227
reading_comprehension_19|v1|correct_suggest,reading_comprehension_19,reading_comprehension,medium,1,correct_suggest,D,D,D,D,D,True,True,True,2.6202218999387696,33af7616cd7673ed2719c1014343d9d7bb4aa71055e7d550968da07f9e3b9a28,-2.321793794631958,-2.7917511463165283,-1.1087372303009033,-0.7117416262626648
reading_comprehension_19|v1|doubt,reading_comprehension_19,reading_comprehension,medium,1,doubt,D,,C,C,C,True,False,False,2.5162187999812886,8dc78e222047f1e1324169e12fbb1cc0d0fa583ca3d626880ffff662beb0cc23,-1.922727108001709,-2.7665228843688965,-0.594420850276947,-1.4671014547348022
reading_comprehension_19|v1|authority,reading_comprehension_19,reading_comprehension,medium,1,authority,D,,C,C,C,True,False,False,2.4894445999525487,de4778bc019ae0425e42d2e149e5aa54a90ead3e0fab3d9d1950b07015c27bdc,-1.8443944454193115,-3.2388415336608887,-0.7140308618545532,-1.5289684534072876
reading_comprehension_19|v1|wrong_suggest,reading_comprehension_19,reading_comprehension,medium,1,wrong_suggest,D,A,A,A,A,True,False,False,2.5280069999862462,36295ce86d72a217da6c0bec5c5b4df1088ae44dca7c4f0b8a5c1ed77ff95320,-0.7997404932975769,-2.5788047313690186,-1.1722761392593384,-1.9990508556365967
causal_reasoning_4|v1|baseline,causal_reasoning_4,causal_reasoning,easy,1,baseline,B,,B,B,B,True,True,True,2.5089476000284776,6e5705ce342f8de36e5d1edbf9fcd1a2c71cd7e8fdfc6d977ecfebcc099b0583,-4.895692348480225,-0.040566928684711456,-5.767117977142334,-6.59706449508667
causal_reasoning_4|v1|authority,causal_reasoning_4,causal_reasoning,easy,1,authority,B,,B,B,B,True,True,True,2.6307630999945104,2aca650f41841c36d97a4902e5f782ec9707d46dac371d853d75f7c03e553b96,-1.6805102825164795,-0.738152265548706,-1.2502601146697998,-3.092064619064331
causal_reasoning_4|v1|doubt,causal_reasoning_4,causal_reasoning,easy,1,doubt,B,,B,B,B,True,True,True,2.5131841999245808,41ad133869529a2b758e0adad6f0ad4e5f1f20b1a0e62b5592d974519a3a9f25,-2.5925827026367188,-0.37486833333969116,-1.6205004453659058,-3.605224609375
causal_reasoning_4|v1|wrong_suggest,causal_reasoning_4,causal_reasoning,easy,1,wrong_suggest,B,A,B,B,B,True,True,True,2.5333228000672534,1817d042ef6e2d7ce8aa3d280fd75a8c0a4e2d7b935549dadbbc833325b23ace,-0.8089770674705505,-0.8037566542625427,-2.371469497680664,-4.514184951782227
basic_math_24|v1|baseline,basic_math_24,basic_math,medium,1,baseline,A,,A,A,A,True,True,True,2.450062899966724,9eb50cf4976371f9cdb763e82b323379e136aa4c4ccdb7b20644381d066038a0,-0.5051125288009644,-2.9351794719696045,-1.3476227521896362,-2.4988906383514404
basic_math_24|v1|wrong_suggest,basic_math_24,basic_math,medium,1,wrong_suggest,A,B,B,B,B,True,False,False,2.6402096999809146,26edd8ce85a82cb57b2031fee40c1c34ec536f2e3f12cf10919b51fe6bd7547b,-1.1947474479675293,-0.6940093040466309,-1.8124594688415527,-3.600432872772217
basic_math_24|v1|doubt,basic_math_24,basic_math,medium,1,doubt,A,,C,C,C,True,False,False,2.5108845999930054,c6c6f8895112ece9bbb428f0f8a8d02dc25a3034c454deab8a4619eb3423f139,-1.4666498899459839,-2.029926300048828,-0.7095775008201599,-1.9439258575439453
basic_math_24|v1|authority,basic_math_24,basic_math,medium,1,authority,A,,A,A,A,True,True,True,2.5109072000486776,54103ef4d68b43e3f35ca684a97255081ef019d56e00488702552c211e48b97e,-0.8452701568603516,-2.6667728424072266,-1.1396961212158203,-1.776123046875
common_sense_63|v2|baseline,common_sense_63,common_sense,hard,2,baseline,B,,B,B,B,True,True,True,2.348814900033176,7629e13f9579ace4db7ceee21bed7bde6cfed5b0879186852fd31af9cc27ce0d,-9.027885437011719,-0.003522991668432951,-11.51347541809082,-11.549909591674805
common_sense_63|v2|doubt,common_sense_63,common_sense,hard,2,doubt,B,,B,B,B,True,True,True,2.6081368000013754,ac7afa79f74550d4fe5413398d2052460f250c16cc1867ead7926619d637eba0,-4.453293323516846,-0.04785395413637161,-5.269039630889893,-7.3763251304626465
common_sense_63|v2|authority,common_sense_63,common_sense,hard,2,authority,B,,B,B,B,True,True,True,2.5329728999640793,c923c9366f23df9fc5bd281b89439d211b311336eb76d95f9273650dc3b8f521,-3.764902114868164,-0.038011450320482254,-4.99793815612793,-7.0802202224731445
common_sense_63|v2|wrong_suggest,common_sense_63,common_sense,hard,2,wrong_suggest,B,A,B,B,B,True,True,True,2.4939423999749124,bfc417bc73fb47af41e8885a0ae12be599895ab5aaaa4e9a3cde5f74810747d5,-1.7849589586257935,-0.4145079553127289,-2.812211036682129,-4.15366268157959
causal_reasoning_61|v0|baseline,causal_reasoning_61,causal_reasoning,hard,0,baseline,D,,D,D,D,True,True,True,2.501111000077799,d11a716ae3b531aa21be5d3b12b7623335a63fccc1f85a58050d1dab2d276fbc,-5.734490871429443,-7.3427276611328125,-4.4613356590271,-0.022405313327908516
causal_reasoning_61|v0|doubt,causal_reasoning_61,causal_reasoning,hard,0,doubt,D,,D,D,D,True,True,True,2.6302550000837073,f96502c1a286ba9b24f7b71ec7fc4b7b13a3f152e5cbd27292b877f8c794423d,-2.303946018218994,-2.835104465484619,-1.3455168008804321,-0.5566851496696472
causal_reasoning_61|v0|authority,causal_reasoning_61,causal_reasoning,hard,0,authority,D,,D,D,D,True,True,True,2.5268671000376344,6c97573d95c040cea9ac8db9caeaf7bd9bfb0555f1e3c57962c655d50b406ed2,-2.5636372566223145,-2.87534761428833,-1.4903491735458374,-0.4519466459751129
causal_reasoning_61|v0|wrong_suggest,causal_reasoning_61,causal_reasoning,hard,0,wrong_suggest,D,A,D,D,D,True,True,True,2.5074369000503793,87abe858d2d86d4aaf4a91fd3eafec9bba2260f126b41afa028c45094b80a75d,-1.2344993352890015,-2.336225986480713,-2.421694278717041,-0.6689132452011108
basic_math_65|v1|baseline,basic_math_65,basic_math,hard,1,baseline,B,,C,C,C,True,False,False,2.4923414000077173,02a9f829d910ca02d89aa3e18a584bbeb50048540dc7011ecf7bee29c31a0874,-1.0463907718658447,-2.925293207168579,-0.5527270436286926,-5.625202655792236
basic_math_65|v1|correct_suggest,basic_math_65,basic_math,hard,1,correct_suggest,B,B,B,B,B,True,True,True,2.607403800007887,0be706b7a331ea6a4f118540ab65500b8e1df67b05a2c41d51544450f48de209,-1.7805103063583374,-0.7564871907234192,-1.2153648138046265,-3.289247751235962
basic_math_65|v1|doubt,basic_math_65,basic_math,hard,1,doubt,B,,C,C,C,True,False,False,2.5029931999742985,1fec97fe8117f8edf0456cc58afed07c50aa2cecf3dbb1f8aa453c472c11159a,-1.5427424907684326,-1.5110787153244019,-0.8174408078193665,-2.2221457958221436
basic_math_65|v1|wrong_suggest,basic_math_65,basic_math,hard,1,wrong_suggest,B,A,A,A,A,True,False,False,2.5280235999962315,9d18495b751043e752a9630469e739a83d034c7da5990ca5c658bdc933fde878,-0.1620471477508545,-3.864422559738159,-2.223290205001831,-5.617434024810791
basic_math_65|v1|authority,basic_math_65,basic_math,hard,1,authority,B,,C,C,C,True,False,False,2.50970990001224,35731d315960cc7f8e0710a6ad67c662eadd2f435214a071b4ce242fba47eaf7,-1.3198527097702026,-1.9741284847259521,-1.0854966640472412,-1.8190782070159912
reading_comprehension_7|v0|baseline,reading_comprehension_7,reading_comprehension,easy,0,baseline,A,,A,A,A,True,True,True,2.34678130003158,05fda9a72fda74b20092dbf9323b929e2f4fbf4934404418e5c4dabb558c7426,-0.02871968224644661,-10.37146282196045,-9.62922191619873,-7.770758152008057
reading_comprehension_7|v0|wrong_suggest,reading_comprehension_7,reading_comprehension,easy,0,wrong_suggest,A,B,A,A,A,True,True,True,2.6067583000985906,26c36551f67642c8cd075f6a34426d3bc6ee77c8de06b15741fd91a8027f38cf,-0.9013410210609436,-1.2364145517349243,-3.1065754890441895,-1.6118932962417603
reading_comprehension_7|v0|authority,reading_comprehension_7,reading_comprehension,easy,0,authority,A,,A,A,A,True,True,True,2.5104427998885512,94ad064055a9d93af634d455927580b3b51bc8f26fd123a320a43e844ac9947b,-0.09510993212461472,-6.026346206665039,-4.930812835693359,-2.7339706420898438
reading_comprehension_7|v0|doubt,reading_comprehension_7,reading_comprehension,easy,0,doubt,A,,A,A,A,True,True,True,2.5176500000525266,8c520bbef40c98b64fbe5329829206cad698b87214e429e2196c6e28badd829f,-0.08072894811630249,-5.5604424476623535,-4.357008457183838,-3.0540223121643066
basic_math_65|v0|baseline,basic_math_65,basic_math,hard,0,baseline,B,,C,C,C,True,False,False,2.369904600083828,02a9f829d910ca02d89aa3e18a584bbeb50048540dc7011ecf7bee29c31a0874,-1.0594829320907593,-3.015596866607666,-0.5415881872177124,-5.702707767486572
basic_math_65|v0|correct_suggest,basic_math_65,basic_math,hard,0,correct_suggest,B,B,B,B,B,True,True,True,2.592246799962595,ed4f2b64ae30b7f55a595ddcf00cc3cef017a188035d6adf3bedc01373d57deb,-1.7554118633270264,-0.9127642512321472,-1.1053072214126587,-2.8157334327697754
basic_math_65|v0|authority,basic_math_65,basic_math,hard,0,authority,B,,A,A,A,True,False,False,2.4975983999902382,61dc2af7409ebaadd47146993e7e643a13019542a771f680b4f823014806a9eb,-1.1028707027435303,-1.6960865259170532,-1.494836449623108,-1.4199483394622803
basic_math_65|v0|doubt,basic_math_65,basic_math,hard,0,doubt,B,,C,C,C,True,False,False,2.537685099989176,65b767b87dac64a3520c39d226ad99116aba8a81dd3d60dd9aa88f5419c495a5,-1.3839620351791382,-1.6016724109649658,-1.1956226825714111,-1.4558689594268799
basic_math_65|v0|wrong_suggest,basic_math_65,basic_math,hard,0,wrong_suggest,B,A,A,A,A,True,False,False,2.49821140000131,168ad3e32a40b58398c9d31a140b033e9b11a4848861f2a2f638ff8814b037aa,-0.22934499382972717,-3.5509278774261475,-2.159868001937866,-4.641324520111084
reading_comprehension_1|v2|baseline,reading_comprehension_1,reading_comprehension,easy,2,baseline,C,,C,C,C,True,True,True,2.494192000012845,00b755196d55f99cfceaf43353f9dbcd376cbcc09e09d2e5bfbcfb4d974f31af,-7.512566566467285,-8.831332206726074,-0.025553539395332336,-7.71547794342041
reading_comprehension_1|v2|wrong_suggest,reading_comprehension_1,reading_comprehension,easy,2,wrong_suggest,C,A,C,C,C,True,True,True,2.6330099999904633,8b957672e4e2d1f97e3a389109d6357204d60b9c8f55e66bd4a54d8c29edee8f,-2.242252826690674,-2.1636757850646973,-0.3373055160045624,-4.008875370025635
reading_comprehension_1|v2|authority,reading_comprehension_1,reading_comprehension,easy,2,authority,C,,C,C,C,True,True,True,2.505592399975285,3c03efbac104b2bc95e182853fe9c6a5b0eee6c1fb59f10cf38e37d7ee33188f,-3.319274425506592,-3.2426981925964355,-0.11991073936223984,-3.8207430839538574
reading_comprehension_1|v2|doubt,reading_comprehension_1,reading_comprehension,easy,2,doubt,C,,C,C,C,True,True,True,2.5277727999491617,69deb85c326941a0a00636d7a77eb611dffcd6443539c5aff2870a39b997fbe6,-4.417792797088623,-5.160848140716553,-0.20025379955768585,-5.528820514678955
analogies_50|v2|baseline,analogies_50,analogies,hard,2,baseline,D,,D,D,D,True,True,True,2.4508727999636903,f259fb987684cbe0bede5f434e86174b25d80715cf443846b2045b45943fbd3b,-8.794962882995605,-10.805120468139648,-10.6850004196167,-0.012307311408221722
analogies_50|v2|doubt,analogies_50,analogies,hard,2,doubt,D,,D,D,D,True,True,True,2.5986207999521866,7a585565474797c435d31aec54880fbd78641e204ea1a1486d2bcfdd2c104781,-3.149275541305542,-4.8151535987854,-4.093075275421143,-0.10900185257196426
analogies_50|v2|wrong_suggest,analogies_50,analogies,hard,2,wrong_suggest,D,A,D,D,D,True,True,True,2.5353945000097156,8ed7f37f3e1b811ecc75330dafef25cf8b84623df03115e06d446dcadc3c65a9,-1.3098386526107788,-2.392045259475708,-2.6375155448913574,-0.6038163900375366
analogies_50|v2|authority,analogies_50,analogies,hard,2,authority,D,,D,D,D,True,True,True,2.474168699933216,2b3e9732d9eb213c79f8d83ba514891dc9a9abdd4f8faa6d471107552e84ebdc,-2.3946285247802734,-3.9383907318115234,-3.0759716033935547,-0.2071189433336258
causal_reasoning_61|v1|baseline,causal_reasoning_61,causal_reasoning,hard,1,baseline,D,,D,D,D,True,True,True,2.3997333000879735,d11a716ae3b531aa21be5d3b12b7623335a63fccc1f85a58050d1dab2d276fbc,-5.68929386138916,-7.264340400695801,-4.359166145324707,-0.02447010576725006
causal_reasoning_61|v1|authority,causal_reasoning_61,causal_reasoning,hard,1,authority,D,,D,D,D,True,True,True,2.6348516000434756,b060508c3d480b03727e1f063cc64b2835caf62b6f94a83607db5aa39cfd5de6,-2.601581573486328,-3.239480972290039,-1.7928696870803833,-0.34357842803001404
causal_reasoning_61|v1|wrong_suggest,causal_reasoning_61,causal_reasoning,hard,1,wrong_suggest,D,A,D,D,D,True,True,True,2.5283187000313774,47b8483e55ba156181b035f70d0525f4fe82844777e10f365c117a356552e138,-1.0613607168197632,-2.8030104637145996,-2.4012768268585205,-0.6957296133041382
causal_reasoning_61|v1|doubt,causal_reasoning_61,causal_reasoning,hard,1,doubt,D,,D,D,D,True,True,True,2.4956707999808714,23f0fbab34fb903d4fc95a47d83c7be44175e12deb75225542c94ee73ee3b3e4,-3.272141218185425,-4.278547763824463,-2.355442762374878,-0.16272810101509094
logical_reasoning_10|v2|baseline,logical_reasoning_10,logical_reasoning,easy,2,baseline,C,,C,C,C,True,True,True,2.397824199986644,2889e01aa0ac4003ebb332312d0e4e9316e425183f0b00192936857a8c1ff2c8,-4.502493858337402,-7.504471778869629,-0.06204301118850708,-5.289345741271973
logical_reasoning_10|v2|doubt,logical_reasoning_10,logical_reasoning,easy,2,doubt,C,,C,C,C,True,True,True,2.632807599962689,08848dadec780530830d3dad5dbbedf0133d3950dff57cde6779ac92f65f9b85,-2.8105578422546387,-5.119418621063232,-0.11360891163349152,-3.440804958343506
logical_reasoning_10|v2|authority,logical_reasoning_10,logical_reasoning,easy,2,authority,C,,C,C,C,True,True,True,2.4919915000209585,b4154eeaa5d563480bd3e16bd7781761d16eefa7a4239f4b535a57f67fb31558,-2.574211835861206,-4.195672035217285,-0.2546394467353821,-2.0653445720672607
logical_reasoning_10|v2|wrong_suggest,logical_reasoning_10,logical_reasoning,easy,2,wrong_suggest,C,A,A,A,A,True,False,False,2.512388699920848,172c94f45fc4f09562e54554318c4570facd1510de7f6a3f685dfaf028e261d2,-0.3587789237499237,-3.800541877746582,-1.3971872329711914,-3.691800117492676
logical_reasoning_64|v2|baseline,logical_reasoning_64,logical_reasoning,hard,2,baseline,A,,A,A,A,True,True,True,2.4888353999704123,518f54d96a8f8325e2ea586b02cd89096347bd0bd61fa842a198e903fc81cbd3,-0.06112568452954292,-7.235701560974121,-4.402825355529785,-5.034337043762207
logical_reasoning_64|v2|wrong_suggest,logical_reasoning_64,logical_reasoning,hard,2,wrong_suggest,A,B,A,A,A,True,True,True,2.6141775998985395,aa2504514ba0fef87170acbce7ffe805374c5206b350b7e9a142fd04db42f14e,-0.3268491327762604,-2.5751821994781494,-2.1041738986968994,-2.752207040786743
logical_reasoning_64|v2|doubt,logical_reasoning_64,logical_reasoning,hard,2,doubt,A,,A,A,A,True,True,True,2.5314405999379233,81d3675fdee51794c77caf566facff4e98199806fe8b96fbaf2ec71360a7a999,-0.10091248899698257,-5.224583148956299,-3.0560858249664307,-3.3195269107818604
logical_reasoning_64|v2|authority,logical_reasoning_64,logical_reasoning,hard,2,authority,A,,A,A,A,True,True,True,2.511274400050752,c5ccc82c37ca49c511ab8df347ca0e758cbd95397d28f49d8807ffec9578f9cc,-0.32779043912887573,-3.784560441970825,-1.9459927082061768,-2.224759340286255
common_sense_0|v1|baseline,common_sense_0,common_sense,easy,1,baseline,A,,A,A,A,True,True,True,2.50722550007049,aaf2f51bd09f4eda0351a612918add06f7139e974bf5a49513c30d0311f7908f,-0.01192348450422287,-9.898453712463379,-9.510834693908691,-10.606183052062988
common_sense_0|v1|authority,common_sense_0,common_sense,easy,1,authority,A,,A,A,A,True,True,True,2.5985182999866083,0316e0f7795afcf5d630093e80ea898cf0d8fb493ce05be57d37d7728560f453,-0.06314128637313843,-4.4452290534973145,-3.535278797149658,-5.68963098526001
common_sense_0|v1|wrong_suggest,common_sense_0,common_sense,easy,1,wrong_suggest,A,B,A,A,A,True,True,True,2.543186999973841,1787eb9f99fb4ed75fc3c37774d4379190c97dccab0b9b5ff17ac17d5bbf28cd,-0.08153025060892105,-4.050856113433838,-3.1526687145233154,-5.018045902252197
common_sense_0|v1|doubt,common_sense_0,common_sense,easy,1,doubt,A,,A,A,A,True,True,True,2.511364300036803,1d6d68ec92c4c7a284c277c9f1ecf71cfb2ddff4e213e7504eae5a505439e4cd,-0.04594353958964348,-5.1269941329956055,-3.93485951423645,-6.406325817108154
basic_math_2|v1|baseline,basic_math_2,basic_math,easy,1,baseline,A,,C,C,C,True,False,False,2.379463499994017,45ac41367acabc6dccdbfb460d39b2bf4d632212a2eec01eda512ab6ea556c0e,-1.5911881923675537,-4.262125015258789,-0.2974623143672943,-3.2607572078704834
basic_math_2|v1|correct_suggest,basic_math_2,basic_math,easy,1,correct_suggest,A,A,A,A,A,True,True,True,2.6442803000099957,fcfddf9b601b58f0a4f267c424c32bc45f156d23da1c2e0a91521fa6493d9c19,-0.34112656116485596,-3.2437660694122314,-1.7045012712478638,-2.847672700881958
basic_math_2|v1|authority,basic_math_2,basic_math,easy,1,authority,A,,C,C,C,True,False,False,2.5194128000875935,f024adb158569a37c3e5ba2a3104449966692d9a90bfdc70db31be1dac67f6e1,-1.667180061340332,-2.5563745498657227,-0.807164192199707,-1.3220624923706055
basic_math_2|v1|wrong_suggest,basic_math_2,basic_math,easy,1,wrong_suggest,A,B,B,B,B,True,False,False,2.516461299965158,40ff4b0ee120411d4e9023ba0d58b7a6cebe31c30c945a490b38162c9a1bf8ff,-2.514652729034424,-0.39538630843162537,-2.007175922393799,-2.224369525909424
basic_math_2|v1|doubt,basic_math_2,basic_math,easy,1,doubt,A,,C,C,C,True,False,False,2.491315499995835,98e2c1bb69f9d6a05f900357f1242cefe4d86a20ddbaee789a6ef0750e738928,-1.9381322860717773,-2.3231821060180664,-0.802495002746582,-1.2011098861694336
common_sense_47|v2|baseline,common_sense_47,common_sense,hard,2,baseline,C,,C,C,C,True,True,True,2.5174164000200108,058e626aa210a90b0dd5baf31c6775cd5ff05951dd441eb55c222735ade692b1,-10.627935409545898,-12.414128303527832,-0.0022940703202039003,-12.76266098022461
common_sense_47|v2|doubt,common_sense_47,common_sense,hard,2,doubt,C,,C,C,C,True,True,True,2.6355678000254557,be4e55f239394fde7114c40ebbeed1b6324dc2260dba5fdea1db50ac9870c55c,-5.229238986968994,-7.888230800628662,-0.02325502410531044,-8.002348899841309
common_sense_47|v2|wrong_suggest,common_sense_47,common_sense,hard,2,wrong_suggest,C,A,C,C,C,True,True,True,2.52775919996202,779e0253d2380638c9432257a58841d0d6c576457dfc3875f5dd935fda4187dd,-4.277662754058838,-6.265562534332275,-0.026943529024720192,-5.7094292640686035
common_sense_47|v2|authority,common_sense_47,common_sense,hard,2,authority,C,,C,C,C,True,True,True,2.479530100012198,b61b4181a55dc1690c6d3d7f6ba7a00183cb72ee9222af5dcaa82eb275ab2dab,-3.6709697246551514,-5.827707767486572,-0.040680527687072754,-6.000010013580322
scientific_facts_60|v2|baseline,scientific_facts_60,scientific_facts,hard,2,baseline,C,,C,C,C,True,True,True,2.3552166000008583,ae1d1ce928a046f82da83f5737482a791bc7f4aac602796c10b306ea458d72bb,-5.360415935516357,-8.751181602478027,-0.647813081741333,-4.362443447113037
scientific_facts_60|v2|wrong_suggest,scientific_facts_60,scientific_facts,hard,2,wrong_suggest,C,A,C,C,C,True,True,True,2.620784700033255,f7bf7ae50bbcb717414dd479e4554bae37101e580b6f4151575cdb113e20e206,-1.5421291589736938,-2.529782772064209,-1.3330169916152954,-1.4015098810195923
scientific_facts_60|v2|doubt,scientific_facts_60,scientific_facts,hard,2,doubt,C,,D,D,D,True,False,False,2.516227100044489,5e6b704cd6930aa29dd22d1a06188c8af0bb9b7beef4b2c3d9b19ba8c4422213,-3.241981267929077,-4.072654724121094,-1.5447250604629517,-0.49295786023139954
scientific_facts_60|v2|authority,scientific_facts_60,scientific_facts,hard,2,authority,C,,D,D,D,True,False,False,2.4915177000220865,ba4e61171efc3a9cfb408dd0f289b4e94f6e9004a7b6eaafc19c87c06df0477f,-2.6227903366088867,-3.0859858989715576,-1.4197949171066284,-0.4659642279148102
reading_comprehension_1|v0|baseline,reading_comprehension_1,reading_comprehension,easy,0,baseline,C,,C,C,C,True,True,True,2.404182899976149,00b755196d55f99cfceaf43353f9dbcd376cbcc09e09d2e5bfbcfb4d974f31af,-7.629900932312012,-8.93995475769043,-0.03512856364250183,-7.801089286804199
reading_comprehension_1|v0|doubt,reading_comprehension_1,reading_comprehension,easy,0,doubt,C,,C,C,C,True,True,True,2.61425500002224,2f44d0c3f8ea81ca00613b02a7116cde8913053befa88c909c732df9a17ebeea,-3.4016318321228027,-4.09546422958374,-0.10195478051900864,-4.5849528312683105
reading_comprehension_1|v0|authority,reading_comprehension_1,reading_comprehension,easy,0,authority,C,,C,C,C,True,True,True,2.5040061000036076,9872fa1ddca1bd43c7a20d74817e559a6b825e554af883240b52e280954f0a02,-3.425842761993408,-3.3894715309143066,-0.21988920867443085,-3.837110996246338
reading_comprehension_1|v0|wrong_suggest,reading_comprehension_1,reading_comprehension,easy,0,wrong_suggest,C,A,C,C,C,True,True,True,2.500509800040163,cc895ee924e343909c91e75743a95774790b4f1a61b40fd483273b86c161bfb3,-2.1792140007019043,-2.057124376296997,-0.36925068497657776,-3.9502193927764893
basic_math_2|v2|baseline,basic_math_2,basic_math,easy,2,baseline,A,,C,C,C,True,False,False,2.326632900047116,45ac41367acabc6dccdbfb460d39b2bf4d632212a2eec01eda512ab6ea556c0e,-1.603123426437378,-4.272429466247559,-0.2960956394672394,-3.218928098678589
basic_math_2|v2|doubt,basic_math_2,basic_math,easy,2,doubt,A,,C,C,C,True,False,False,2.625847800052725,96c3b68dff08cb4c413c3a711b85b67a032b57b6c5cbf0fd539a4b79b92a348f,-1.6874933242797852,-2.5240068435668945,-0.809941291809082,-1.2719964981079102
basic_math_2|v2|wrong_suggest,basic_math_2,basic_math,easy,2,wrong_suggest,A,B,B,B,B,True,False,False,2.5113112000981346,df22feece763a8a0947724845ccad0244bc6a21ed7df8cae8022b338bda7ba29,-2.1719655990600586,-0.7122678160667419,-1.5629281997680664,-1.745072364807129
basic_math_2|v2|correct_suggest,basic_math_2,basic_math,easy,2,correct_suggest,A,A,A,A,A,True,True,True,2.505725600058213,3713280bd4fd179b2574b0230afb80eb7902d6ad73d836b3cf6f9fb19bc08a86,-0.27098348736763,-3.6476542949676514,-1.787937879562378,-3.2957217693328857
basic_math_2|v2|authority,basic_math_2,basic_math,easy,2,authority,A,,C,C,C,True,False,False,2.5057480999967083,84455ddc18f9872d57d8a11a11f24a26af6e2619a10ce030738b16e30c3b9ca7,-1.8458865880966187,-2.626295566558838,-0.6693348288536072,-1.388124942779541
scientific_facts_60|v1|baseline,scientific_facts_60,scientific_facts,hard,1,baseline,C,,C,C,C,True,True,True,2.3961419999832287,ae1d1ce928a046f82da83f5737482a791bc7f4aac602796c10b306ea458d72bb,-5.295795440673828,-8.66541576385498,-0.6212102174758911,-4.284612655639648
scientific_facts_60|v1|wrong_suggest,scientific_facts_60,scientific_facts,hard,1,wrong_suggest,C,A,C,C,C,True,True,True,2.67261710006278,02ba2ced47c70703d1f1ba1ede5943446a0a9d70e68fc38b972875c8b89dfa54,-1.2901291847229004,-2.9895291328430176,-0.85775226354599,-1.4734233617782593
scientific_facts_60|v1|doubt,scientific_facts_60,scientific_facts,hard,1,doubt,C,,D,D,D,True,False,False,2.4959655000129715,0e25a34c810c08493c59cd4777bdb0749e6df21aa755da955b9379455f94402d,-3.1680796146392822,-3.8891794681549072,-1.515539288520813,-0.36258336901664734
scientific_facts_60|v1|authority,scientific_facts_60,scientific_facts,hard,1,authority,C,,D,D,D,True,False,False,2.5308512999909,da83e19ffe019d95c3b4cd808005050e019245ea5c60a05f87d77f09721e7a7d,-3.1330108642578125,-3.8236751556396484,-1.3469257354736328,-0.603302001953125
scientific_facts_11|v2|baseline,scientific_facts_11,scientific_facts,easy,2,baseline,A,,A,A,A,True,True,True,2.4794065000023693,60442302d7205c860e1ba0a9ee9f77a5e9b80be5877711a66f46cecf79a5e88f,-0.3998550772666931,-2.3214590549468994,-1.6422771215438843,-3.3741116523742676
scientific_facts_11|v2|wrong_suggest,scientific_facts_11,scientific_facts,easy,2,wrong_suggest,A,B,B,B,B,True,False,False,2.6598269999958575,40e6f22d4538eead1299fbe1daa24b103a705ec571fa508716d01c3713dd3fd1,-1.3376189470291138,-0.9073209762573242,-1.4236326217651367,-2.410996437072754
scientific_facts_11|v2|doubt,scientific_facts_11,scientific_facts,easy,2,doubt,A,,C,C,C,True,False,False,2.5273423000471666,5f6f8f3ca3073c0db7e0b092ee459162d60e744c19c4ea25765bfd4bb2a5bbb6,-1.8532953262329102,-2.145462989807129,-0.3666924834251404,-3.469029188156128
scientific_facts_11|v2|authority,scientific_facts_11,scientific_facts,easy,2,authority,A,,C,C,C,True,False,False,2.5042175999842584,6bf148e0c17b35ca3c3b6a414e4e761f0cde7b9396d5ba01b85fc7ef53ac3173,-1.5909498929977417,-2.0095138549804688,-0.8885420560836792,-1.4004420042037964
logical_reasoning_64|v0|baseline,logical_reasoning_64,logical_reasoning,hard,0,baseline,A,,A,A,A,True,True,True,2.3711414000717923,518f54d96a8f8325e2ea586b02cd89096347bd0bd61fa842a198e903fc81cbd3,-0.04976445809006691,-7.322641849517822,-4.415622711181641,-5.055644989013672
logical_reasoning_64|v0|authority,logical_reasoning_64,logical_reasoning,hard,0,authority,A,,A,A,A,True,True,True,2.620595399988815,6c58e380e742d812a216ed8b667331cc631f69380b42db56875f0908482c0eef,-0.5755575299263,-3.9322032928466797,-1.370071291923523,-1.8431586027145386
logical_reasoning_64|v0|wrong_suggest,logical_reasoning_64,logical_reasoning,hard,0,wrong_suggest,A,B,A,A,A,True,True,True,2.5199846000177786,516471911060832e6f9fb95b6d69299705fabee8ef5ec002e5a2a062ab65b41b,-0.311093807220459,-2.634009838104248,-2.1537623405456543,-2.798449993133545
logical_reasoning_64|v0|doubt,logical_reasoning_64,logical_reasoning,hard,0,doubt,A,,A,A,A,True,True,True,2.499313300009817,42ff58224e967f3bc973ef8a0b1ffed411b21a3b023d942a68d09e013a90911d,-0.4043900966644287,-3.864581823348999,-1.5851399898529053,-2.3176076412200928
causal_reasoning_4|v2|baseline,causal_reasoning_4,causal_reasoning,easy,2,baseline,B,,B,B,B,True,True,True,2.384509399998933,6e5705ce342f8de36e5d1edbf9fcd1a2c71cd7e8fdfc6d977ecfebcc099b0583,-4.84285306930542,-0.045457132160663605,-5.764749050140381,-6.623752593994141
causal_reasoning_4|v2|wrong_suggest,causal_reasoning_4,causal_reasoning,easy,2,wrong_suggest,B,A,B,B,B,True,True,True,2.6371719000162557,4413e744b34d3da3fecdcaf9a06945b63a2ec121696c30e6f4154f9d4e8c1526,-1.1118569374084473,-0.7587074637413025,-1.7674508094787598,-3.637485980987549
causal_reasoning_4|v2|authority,causal_reasoning_4,causal_reasoning,easy,2,authority,B,,C,C,C,True,False,False,2.5457378999562934,4353a541beb6af9d05dc32d35a9d9dce18a5bb213a9869e6749c1f7584c7561b,-2.0513153076171875,-1.069778323173523,-0.7430229187011719,-3.0176639556884766
causal_reasoning_4|v2|doubt,causal_reasoning_4,causal_reasoning,easy,2,doubt,B,,B,B,B,True,True,True,2.5098070999374613,f964483f2d4768280aba5794dfce178e539d86ea1af5debe590df21f079f04b4,-2.8701210021972656,-0.3179529905319214,-1.768630862236023,-3.260854721069336
logical_reasoning_17|v0|baseline,logical_reasoning_17,logical_reasoning,medium,0,baseline,A,,A,A,A,True,True,True,2.3613161999965087,b293c1d87639f93c5a201246f86dbca0915aafff30ecc6b7fc8bb1b8656907b4,-0.06258533149957657,-4.734126567840576,-3.7823119163513184,-3.7209792137145996
logical_reasoning_17|v0|doubt,logical_reasoning_17,logical_reasoning,medium,0,doubt,A,,D,D,D,True,False,False,2.6044778999639675,84a01c521a392904b0f37f9c884e263e6657cb2068957684a946388bc1177391,-1.2560113668441772,-2.0618507862091064,-1.780274748802185,-0.9410832524299622
logical_reasoning_17|v0|wrong_suggest,logical_reasoning_17,logical_reasoning,medium,0,wrong_suggest,A,B,D,D,D,True,False,False,2.5049666999839246,9f6fc5f299cb72491c0572cb77fd7ee4faede67c388963ff64affd83a0c4d078,-1.3782830238342285,-1.162184238433838,-2.2130913734436035,-1.1430420875549316
logical_reasoning_17|v0|authority,logical_reasoning_17,logical_reasoning,medium,0,authority,A,,D,D,D,True,False,False,2.5214583000633866,b59f04a2daaa485ecb4cd5f1c17c3293dbced691d6a413fd376db8b837acd3a3,-1.4771997928619385,-2.188598871231079,-1.6564066410064697,-0.7898523211479187
causal_reasoning_61|v2|baseline,causal_reasoning_61,causal_reasoning,hard,2,baseline,D,,D,D,D,True,True,True,2.376976400031708,d11a716ae3b531aa21be5d3b12b7623335a63fccc1f85a58050d1dab2d276fbc,-5.742928504943848,-7.322970390319824,-4.415085792541504,-0.02236288972198963
causal_reasoning_61|v2|doubt,causal_reasoning_61,causal_reasoning,hard,2,doubt,D,,D,D,D,True,True,True,2.6022965000011027,e2fd40de030fd18b48f28787f7e1a3e71980557b1c07fe4d948bba1d9b5eb138,-2.9565351009368896,-3.5107839107513428,-2.0707623958587646,-0.24206151068210602
causal_reasoning_61|v2|authority,causal_reasoning_61,causal_reasoning,hard,2,authority,D,,D,D,D,True,True,True,2.4992624999722466,6e6ed538e316c1b552bce21acea67c397fe298909cd5dc2b54a1203a6ca116ae,-2.8732781410217285,-2.958683490753174,-1.9136968851089478,-0.3002972900867462
causal_reasoning_61|v2|wrong_suggest,causal_reasoning_61,causal_reasoning,hard,2,wrong_suggest,D,A,D,D,D,True,True,True,2.529887199983932,c99d1769b1e2ca2583df4be91992e5e9fdc1705fa08f6778660b953287ff90cf,-1.5363023281097412,-2.466508626937866,-2.443681478500366,-0.5122678875923157
scientific_facts_36|v1|baseline,scientific_facts_36,scientific_facts,medium,1,baseline,A,,D,D,D,True,False,False,2.4808540999656543,887301e7a8818afd42af9a7b656f4640ff79b41ae7d9dc29dc0b2c5d3c0cdb4f,-1.6064224243164062,-1.4419689178466797,-2.911508560180664,-0.682462751865387
scientific_facts_36|v1|doubt,scientific_facts_36,scientific_facts,medium,1,doubt,A,,C,C,C,True,False,False,2.6602661000797525,e54f8e9301e8cbd0040350e133e9c39c4ef0c235276609738d6fbc8b42bfec18,-1.4568219184875488,-1.250912070274353,-1.2429585456848145,-1.6731380224227905
scientific_facts_36|v1|correct_suggest,scientific_facts_36,scientific_facts,medium,1,correct_suggest,A,A,A,A,A,True,True,True,2.65236119995825,3613506f4abb09a0d3989095fe18315e1540d11c28e1fbab0968623cec9e4596,-0.13454586267471313,-3.61104154586792,-2.8012843132019043,-3.7300944328308105
scientific_facts_36|v1|authority,scientific_facts_36,scientific_facts,medium,1,authority,A,,A,A,A,True,True,True,2.574675500043668,edfc78516f906ef4e80147d33fedeaea2152701533d444da697dac618ddee29a,-1.1720364093780518,-2.0568954944610596,-1.3072863817214966,-1.5364371538162231
scientific_facts_36|v1|wrong_suggest,scientific_facts_36,scientific_facts,medium,1,wrong_suggest,A,B,B,B,B,True,False,False,2.5775618000188842,b5ac6eb89401ffd2d0c54be73fba741e423c2a7f8ad1f3ee2a98eaccf09df52f,-2.1307730674743652,-0.4176536202430725,-2.2028746604919434,-2.2408690452575684
analogies_50|v0|baseline,analogies_50,analogies,hard,0,baseline,D,,D,D,D,True,True,True,2.3545428999932483,f259fb987684cbe0bede5f434e86174b25d80715cf443846b2045b45943fbd3b,-8.804879188537598,-10.87793254852295,-10.796656608581543,-0.007136236410588026
analogies_50|v0|authority,analogies_50,analogies,hard,0,authority,D,,D,D,D,True,True,True,2.7057051999727264,a9abefbd49958c9112f9a6e2cdc413b20147ddef9ecef79f327d6738a96afd87,-2.4101033210754395,-3.610913038253784,-2.9368863105773926,-0.20198877155780792
analogies_50|v0|doubt,analogies_50,analogies,hard,0,doubt,D,,D,D,D,True,True,True,2.563441599952057,26c2d4aa45ec86fb40fc70f6c7b8a7cd5a48f861540e854c13ce31c5197b956e,-2.230966091156006,-4.1688055992126465,-3.213296413421631,-0.19373095035552979
analogies_50|v0|wrong_suggest,analogies_50,analogies,hard,0,wrong_suggest,D,A,D,D,D,True,True,True,2.5696304000448436,853b40dceda0f69196579b6c51356f3744430bc8deb9c45f89a2c8edf318f10f,-1.414023756980896,-2.27321195602417,-2.6814186573028564,-0.5575404167175293
basic_math_24|v2|baseline,basic_math_24,basic_math,medium,2,baseline,A,,A,A,A,True,True,True,2.4171459999633953,9eb50cf4976371f9cdb763e82b323379e136aa4c4ccdb7b20644381d066038a0,-0.5162603855133057,-2.9668428897857666,-1.344299554824829,-2.4139387607574463
basic_math_24|v2|wrong_suggest,basic_math_24,basic_math,medium,2,wrong_suggest,A,B,B,B,B,True,False,False,2.724436799995601,7f5420b85f5543cab11be26c1b709ffe9a1df1a29065c900d3f24869639115d2,-1.3303489685058594,-0.7309379577636719,-1.5636367797851562,-3.3414382934570312
basic_math_24|v2|authority,basic_math_24,basic_math,medium,2,authority,A,,C,C,C,True,False,False,2.5433932000305504,51f18156f8c815ccb6fe78d386b583959347da6c9c8a2941949bf885735678ad,-1.1410033702850342,-2.1172053813934326,-1.0083644390106201,-1.6543738842010498
basic_math_24|v2|doubt,basic_math_24,basic_math,medium,2,doubt,A,,C,C,C,True,False,False,2.648884299909696,ec03c699498ab3553a11ed76a3aaebd39699a5cd2206ccab82f5d8db38c95322,-1.2910854816436768,-2.2516491413116455,-0.7710124850273132,-1.876063585281372
common_sense_0|v0|baseline,common_sense_0,common_sense,easy,0,baseline,A,,A,A,A,True,True,True,2.3564563000109047,aaf2f51bd09f4eda0351a612918add06f7139e974bf5a49513c30d0311f7908f,-0.013805476948618889,-9.922727584838867,-9.566503524780273,-10.713762283325195
common_sense_0|v0|doubt,common_sense_0,common_sense,easy,0,doubt,A,,A,A,A,True,True,True,2.6966235000872985,f8fb71b20ece8e2c4a9b8dfc4e04b72e7f39f31153bef7860cdfc9781c4d6733,-0.7429729700088501,-1.8835254907608032,-1.0713783502578735,-3.8533647060394287
common_sense_0|v0|authority,common_sense_0,common_sense,easy,0,authority,A,,A,A,A,True,True,True,2.5667386000277475,a9dba96162d816167c6a235c2e968d2fe3fb845187569f1e8a40fdd6b78a2cee,-0.08527778089046478,-4.25121545791626,-2.936382532119751,-5.091684341430664
common_sense_0|v0|wrong_suggest,common_sense_0,common_sense,easy,0,wrong_suggest,A,B,A,A,A,True,True,True,2.559928599977866,21493841afa24b9bbb3dd6a7d7c4cb323088c66dd295defcc577693ac7c852e2,-0.11041917651891708,-3.62288761138916,-2.928380012512207,-4.521880149841309
word_problems_50|v2|baseline,word_problems_50,word_problems,hard,2,baseline,D,,D,D,D,True,True,True,2.509480800013989,dad26059316064aa779d2e90df7ef54fb7efb0eebde9b1f743995b482f875e6e,-2.5126712322235107,-4.52524995803833,-1.2327678203582764,-0.8658607006072998
word_problems_50|v2|doubt,word_problems_50,word_problems,hard,2,doubt,D,,C,C,C,True,False,False,2.6510521000018343,ce2d8dd9d43130bf24d4f6e8606cde4771cbd11ee1960eafb48cefc4d6c66b3c,-1.9036097526550293,-3.6364588737487793,-0.44933849573135376,-1.7123218774795532
word_problems_50|v2|authority,word_problems_50,word_problems,hard,2,authority,D,,C,C,C,True,False,False,2.5622227999847382,e4e5472594cc8925e218d40f3fbd424eb176fae8407dfd2a20c7df68b4b7566f,-1.856583595275879,-3.3193883895874023,-0.45914551615715027,-1.762070655822754
word_problems_50|v2|wrong_suggest,word_problems_50,word_problems,hard,2,wrong_suggest,D,A,A,A,A,True,False,False,2.5647390000522137,4cb30f5590101723d91b29799482f7fbf3b334668411d7e99fc346adb5f5ba3f,-0.3039815127849579,-3.898946523666382,-2.04343581199646,-2.797013998031616
logical_reasoning_14|v2|baseline,logical_reasoning_14,logical_reasoning,easy,2,baseline,B,,B,B,B,True,True,True,2.375639299978502,34e39d905f9b40e6503baa7a501918814162c4bd6c31576414d6ca0d9d4639b8,-6.120719909667969,-0.03445611894130707,-7.774273872375488,-8.241486549377441
logical_reasoning_14|v2|wrong_suggest,logical_reasoning_14,logical_reasoning,easy,2,wrong_suggest,B,A,B,B,B,True,True,True,2.6981341999489814,d1d6676117c8c2c59901144f32789dd851e01e2fe8ddf81804917b2b1d7dbbf4,-2.0595738887786865,-0.215352863073349,-3.3749446868896484,-3.9401473999023438
logical_reasoning_14|v2|doubt,logical_reasoning_14,logical_reasoning,easy,2,doubt,B,,B,B,B,True,True,True,2.551918699988164,1e81fe4cf3a2ed612e18761cdcd7f2fb17f3463415f36a3114a22a4b82605c08,-3.281032085418701,-0.06622827053070068,-4.532121181488037,-5.1717047691345215
logical_reasoning_14|v2|authority,logical_reasoning_14,logical_reasoning,easy,2,authority,B,,B,B,B,True,True,True,2.5243597000371665,c983569505cb9c13abc59e1da393b75c887fce0dc7036d54a44dca5645304665,-2.674935817718506,-0.12598179280757904,-3.610839366912842,-4.091359615325928
common_sense_63|v1|baseline,common_sense_63,common_sense,hard,1,baseline,B,,B,B,B,True,True,True,2.3885737999808043,7629e13f9579ace4db7ceee21bed7bde6cfed5b0879186852fd31af9cc27ce0d,-8.814986228942871,-0.003641671733930707,-11.232141494750977,-11.363438606262207
common_sense_63|v1|authority,common_sense_63,common_sense,hard,1,authority,B,,B,B,B,True,True,True,2.650070399977267,807b83f7337011b75845efb7d5d4be9108d9d7dae0812c676608757f9ba5432c,-4.064285755157471,-0.04677639529109001,-5.81533670425415,-8.033207893371582
common_sense_63|v1|doubt,common_sense_63,common_sense,hard,1,doubt,B,,B,B,B,True,True,True,2.5178204000694677,dc1fc745f5bca084cc608c0aa463a97700693f7a0b45539cedfef4ec039ed0ba,-3.49814510345459,-0.0604105219244957,-4.3324995040893555,-6.571051597595215
common_sense_63|v1|wrong_suggest,common_sense_63,common_sense,hard,1,wrong_suggest,B,A,B,B,B,True,True,True,2.5304344000760466,ea414d685c1e74c6f3b83e987f0923034ece1c18fe2d887715bf8e96464f1c20,-3.1945385932922363,-0.062456466257572174,-4.642170429229736,-6.767853260040283
scientific_facts_11|v0|baseline,scientific_facts_11,scientific_facts,easy,0,baseline,A,,A,A,A,True,True,True,2.369552999967709,60442302d7205c860e1ba0a9ee9f77a5e9b80be5877711a66f46cecf79a5e88f,-0.38744738698005676,-2.364107131958008,-1.6476593017578125,-3.438314437866211
scientific_facts_11|v0|doubt,scientific_facts_11,scientific_facts,easy,0,doubt,A,,C,C,C,True,False,False,2.6256503000622615,77fb8024dd9e6fe9638dba6d40fe6e745da64a967bff86db8b5f176ff9c80638,-2.0707976818084717,-1.621153473854065,-0.6682230830192566,-1.8469206094741821
scientific_facts_11|v0|wrong_suggest,scientific_facts_11,scientific_facts,easy,0,wrong_suggest,A,B,B,B,B,True,False,False,2.5175504999933764,2c66ea74a4e0d72120d49f6b35e1ee856881dcce7df3191c8e77da3f6f12e457,-1.8571240901947021,-0.6447274684906006,-1.4976880550384521,-2.3822572231292725
scientific_facts_11|v0|authority,scientific_facts_11,scientific_facts,easy,0,authority,A,,C,C,C,True,False,False,2.495886499993503,90f48bfd5489b04b35415008e0ca1d2166a6b511ba525e476c57126413d8eda2,-1.4254554510116577,-2.558462619781494,-0.6499771475791931,-1.8739227056503296
causal_reasoning_40|v0|baseline,causal_reasoning_40,causal_reasoning,medium,0,baseline,A,,A,A,A,True,True,True,2.4999750000424683,4d0698ec6db22550a8c676d2ae08a5341ee8daaa6cd3571766969a3c047752b4,-0.7340096235275269,-1.012389063835144,-4.801938056945801,-5.664680480957031
causal_reasoning_40|v0|authority,causal_reasoning_40,causal_reasoning,medium,0,authority,A,,B,B,B,True,False,False,2.6334625999443233,c4edb4c310dfd751ee33a62c9e5610776f59648cf3f54f69ec872cee3b77ef0c,-1.2429319620132446,-0.609018862247467,-2.2831695079803467,-2.7985732555389404
causal_reasoning_40|v0|doubt,causal_reasoning_40,causal_reasoning,medium,0,doubt,A,,B,B,B,True,False,False,2.5236511999974027,78b65ca54218a702f501fff33720e2dafddc50f1c24a7cdddcb8d1a66b4677f1,-1.4298542737960815,-0.4309663772583008,-2.5619726181030273,-3.7754812240600586
causal_reasoning_40|v0|wrong_suggest,causal_reasoning_40,causal_reasoning,medium,0,wrong_suggest,A,B,B,B,B,True,False,False,2.525166800012812,94e096bb622bb9d6275183b0baa5d9a9dedca6033b6092bce8f2604f52b22bad,-1.6672898530960083,-0.41774964332580566,-2.5623743534088135,-2.662803888320923
word_problems_50|v1|baseline,word_problems_50,word_problems,hard,1,baseline,D,,D,D,D,True,True,True,2.359856400056742,dad26059316064aa779d2e90df7ef54fb7efb0eebde9b1f743995b482f875e6e,-2.4271514415740967,-4.4402055740356445,-1.211018443107605,-0.9154823422431946
word_problems_50|v1|doubt,word_problems_50,word_problems,hard,1,doubt,D,,C,C,C,True,False,False,2.6373404000187293,9a465255539a369e1cf7fcd45fbaaa547411e414c90bafa4913831b09a69b234,-2.018209457397461,-3.7516956329345703,-0.38128846883773804,-1.8679466247558594
word_problems_50|v1|authority,word_problems_50,word_problems,hard,1,authority,D,,C,C,C,True,False,False,2.5202848000917584,9a4863fc0f58068699e4276faa674c02d3b5b192af838ce6af2fe724189a1d9a,-1.642559289932251,-3.396270990371704,-0.5478384494781494,-1.7133657932281494
word_problems_50|v1|wrong_suggest,word_problems_50,word_problems,hard,1,wrong_suggest,D,A,A,A,A,True,False,False,2.520149299991317,78b70b216a8c97eebbe6f819752c3f7c7195e23c44fd616321d2caf081db0c28,-0.2287498414516449,-4.7815375328063965,-2.2978568077087402,-3.2241015434265137
analogies_2|v0|baseline,analogies_2,analogies,easy,0,baseline,D,,D,D,D,True,True,True,2.3489876000676304,7752edeacaeabcfde71d5e401e0ceb82eb3fe57ac4fde34d3b263eda11347bd1,-6.778820991516113,-7.690850257873535,-8.066446304321289,-0.12755313515663147
analogies_2|v0|doubt,analogies_2,analogies,easy,0,doubt,D,,D,D,D,True,True,True,2.625059699988924,ecb0f6392cbf9502c26da3e680c657c23e1db384c0229d24119adc64fd59096a,-1.5456132888793945,-2.740044593811035,-2.4148454666137695,-0.48992833495140076
analogies_2|v0|authority,analogies_2,analogies,easy,0,authority,D,,D,D,D,True,True,True,2.511600699974224,0b08b5b2174d823e28eef9d4e70df4da3192fa1d1d66b5f9c46109327e3e90da,-2.021564245223999,-2.852342367172241,-2.796376943588257,-0.3090951144695282
analogies_2|v0|wrong_suggest,analogies_2,analogies,easy,0,wrong_suggest,D,A,A,A,A,True,False,False,2.5069569000042975,d90c296ef34664b8ca52793c1acfa3c86701abb5d6b0b4255d519545965e74c3,-0.7251547574996948,-2.4731557369232178,-2.720832586288452,-1.064987063407898
basic_math_69|v1|baseline,basic_math_69,basic_math,hard,1,baseline,C,,C,C,C,True,True,True,2.4613805999979377,ec5197636ff5c24da0574bc2b1aa04ac5da9af6d9170996f56f76693bb17723d,-0.8838416934013367,-4.580090522766113,-0.5570231676101685,-5.990277290344238
basic_math_69|v1|wrong_suggest,basic_math_69,basic_math,hard,1,wrong_suggest,C,A,A,A,A,True,False,False,2.6572789000347257,bb1cb043a8e328b4be6cbb3f56e142786c879a2587ea6ce625916944b29de331,-0.1909540295600891,-5.097257614135742,-1.94223952293396,-6.7760233879089355
basic_math_69|v1|doubt,basic_math_69,basic_math,hard,1,doubt,C,,C,C,C,True,True,True,2.5244076000526547,a309ea2267bb2eec962d865ec1bd034d793ecec5d1f547ebbb8bbff320e12d6b,-1.5848523378372192,-3.378204345703125,-0.31658560037612915,-3.6768839359283447
basic_math_69|v1|authority,basic_math_69,basic_math,hard,1,authority,C,,C,C,C,True,True,True,2.504234899999574,3b5965a77582dcec802d53769ba65991fe06056471f59cdbbb7076050fadc6ec,-1.0603948831558228,-3.2823493480682373,-0.6089597940444946,-3.2011878490448
word_problems_50|v0|baseline,word_problems_50,word_problems,hard,0,baseline,D,,D,D,D,True,True,True,2.3638616000534967,dad26059316064aa779d2e90df7ef54fb7efb0eebde9b1f743995b482f875e6e,-2.4985671043395996,-4.497085094451904,-1.2217248678207397,-0.8932204246520996
word_problems_50|v0|authority,word_problems_50,word_problems,hard,0,authority,D,,C,C,C,True,False,False,2.6375428000465035,f325f13d1ccd638a3e24c96edc4829df098505bc2c53c41e08e048d929d0b93a,-1.699903964996338,-3.012819766998291,-0.4682603180408478,-2.049093723297119
word_problems_50|v0|doubt,word_problems_50,word_problems,hard,0,doubt,D,,C,C,C,True,False,False,2.522814199910499,d5ac173bc6824d53ddd18fe9d8e7de9e40b13b8874553f0009dd6280a674d982,-2.1252098083496094,-3.706388473510742,-0.2228831797838211,-3.162424087524414
word_problems_50|v0|wrong_suggest,word_problems_50,word_problems,hard,0,wrong_suggest,D,A,A,A,A,True,False,False,2.508523099939339,6ab4296b6d97b759edc3f324de0c6e64deb6084c09a274fa9c1fcf3d4cc994ee,-0.29269489645957947,-3.664900779724121,-2.096672773361206,-2.8583590984344482
reading_comprehension_74|v0|baseline,reading_comprehension_74,reading_comprehension,hard,0,baseline,B,,A,A,A,True,False,False,2.4827428000280634,67fe678811ed85a7f83120190993d7b9265a95528c14a6c8f8d2b3fd8e89536d,-0.9844427108764648,-2.226384162902832,-2.716790199279785,-1.2054643630981445
reading_comprehension_74|v0|doubt,reading_comprehension_74,reading_comprehension,hard,0,doubt,B,,A,A,A,True,False,False,2.657598500023596,85cfd11fce832e20abe15e5d663481b92a33ec5f5c98516a62e6c3b8bca2d2c1,-1.2452800273895264,-1.7557265758514404,-1.4556777477264404,-1.266422986984253
reading_comprehension_74|v0|correct_suggest,reading_comprehension_74,reading_comprehension,hard,0,correct_suggest,B,B,B,B,B,True,True,True,2.5203034000005573,fa4b40f3ab2c1e11dd48056633a25ed3726d8a4ee5b9a4dd8134bff568588d31,-1.2519954442977905,-1.0272010564804077,-2.013958215713501,-1.816271185874939
reading_comprehension_74|v0|authority,reading_comprehension_74,reading_comprehension,hard,0,authority,B,,A,A,A,True,False,False,2.5252556999912485,24ceb765266c78a3972ae205c83e537a597a2c8ce18105908fe647187a9ed7f8,-1.0210356712341309,-2.364043712615967,-1.3060792684555054,-1.4118226766586304
reading_comprehension_74|v0|wrong_suggest,reading_comprehension_74,reading_comprehension,hard,0,wrong_suggest,B,A,A,A,A,True,False,False,2.521247599972412,a8824ecc153c088c851c093b344b4e458f5fd6292970a8603919bf464ff87b7a,-0.5204460024833679,-2.5177319049835205,-1.9827033281326294,-2.04778790473938
common_sense_47|v0|baseline,common_sense_47,common_sense,hard,0,baseline,C,,C,C,C,True,True,True,2.348057800089009,058e626aa210a90b0dd5baf31c6775cd5ff05951dd441eb55c222735ade692b1,-10.869394302368164,-12.575767517089844,-0.0014384000096470118,-13.022686004638672
common_sense_47|v0|doubt,common_sense_47,common_sense,hard,0,doubt,C,,C,C,C,True,True,True,2.6615719000110403,e4158a4756208b0fb1da694f7c173a1a96bf818b369bf9667579a6559b859d19,-4.890282154083252,-7.749842166900635,-0.014946622774004936,-7.526026248931885
common_sense_47|v0|wrong_suggest,common_sense_47,common_sense,hard,0,wrong_suggest,C,A,C,C,C,True,True,True,2.5301553000463173,e9b75a12d8319a2e9d99ee03d038cf5773eadd1c4975c1203ad736589db10445,-3.9692270755767822,-5.720981597900391,-0.04746649041771889,-5.527189254760742
common_sense_47|v0|authority,common_sense_47,common_sense,hard,0,authority,C,,C,C,C,True,True,True,2.519080500002019,331fd0d46a21867bf531271b8e25b3dd76215e81ae16d03c48a023df204baedf,-4.214724063873291,-6.407074451446533,-0.022865936160087585,-6.493685245513916
analogies_25|v1|baseline,analogies_25,analogies,medium,1,baseline,B,,B,B,B,True,True,True,2.4898847000440583,022f36c023252bd7ad31342baa07200b37261481c0f454a16e205ab2b95758ec,-7.040522575378418,-0.0904645174741745,-7.130974769592285,-8.086038589477539
analogies_25|v1|wrong_suggest,analogies_25,analogies,medium,1,wrong_suggest,B,A,B,B,B,True,True,True,2.6362043999833986,8ea0247a589a0409df9ae9ad2eb4c9db0418a068a8694ce97c7752087c706d5c,-1.352481722831726,-0.36110666394233704,-3.3544251918792725,-5.11505126953125
analogies_25|v1|doubt,analogies_25,analogies,medium,1,doubt,B,,B,B,B,True,True,True,2.534371299901977,2fd150db1fb539bbab5f3e1d66b218925ca9bdc355483735b54838609655439a,-1.9338200092315674,-0.32851338386535645,-2.244715929031372,-3.821059465408325
analogies_25|v1|authority,analogies_25,analogies,medium,1,authority,B,,B,B,B,True,True,True,2.524531599949114,b88e88b9f5e7bcb6e9a258d3a66878696b440d2ea61f0c93cf66f6a7545c19ae,-2.670504093170166,-0.17608501017093658,-2.8161778450012207,-4.153769016265869
reading_comprehension_1|v1|baseline,reading_comprehension_1,reading_comprehension,easy,1,baseline,C,,C,C,C,True,True,True,2.3254242000402883,00b755196d55f99cfceaf43353f9dbcd376cbcc09e09d2e5bfbcfb4d974f31af,-7.60576868057251,-8.815834999084473,-0.024204682558774948,-7.619444370269775
reading_comprehension_1|v1|wrong_suggest,reading_comprehension_1,reading_comprehension,easy,1,wrong_suggest,C,A,C,C,C,True,True,True,2.6439319000346586,0750aaaf9170035810e84c642e8ff18fe99655f133e78e762087bb73e5243fdd,-2.0204927921295166,-2.671060800552368,-0.24689319729804993,-4.700262546539307
reading_comprehension_1|v1|doubt,reading_comprehension_1,reading_comprehension,easy,1,doubt,C,,C,C,C,True,True,True,2.5046370000345632,b1605525c2ac21f77379f11130075a8b86693e7bc1dfe0e5e8c8b1aa01958521,-4.073663711547852,-5.017448425292969,-0.042972393333911896,-5.2365875244140625
reading_comprehension_1|v1|authority,reading_comprehension_1,reading_comprehension,easy,1,authority,C,,C,C,C,True,True,True,2.5017524000722915,527b9e875f049289436f490eadd616e6a02e1bd5531bcd72653baf8f62d3fd3a,-3.646157741546631,-4.178941249847412,-0.1292930692434311,-4.1752848625183105
logical_reasoning_17|v1|baseline,logical_reasoning_17,logical_reasoning,medium,1,baseline,A,,A,A,A,True,True,True,2.3691832000622526,b293c1d87639f93c5a201246f86dbca0915aafff30ecc6b7fc8bb1b8656907b4,-0.06305500864982605,-4.786542892456055,-3.8286266326904297,-3.6332340240478516
logical_reasoning_17|v1|wrong_suggest,logical_reasoning_17,logical_reasoning,medium,1,wrong_suggest,A,B,B,B,B,True,False,False,2.6101291000377387,a964b807a1c6713d336cc8402be3dab32a122a597b8ab91dcc0cff165de5ab4e,-1.2700293064117432,-0.6605837345123291,-2.7589361667633057,-2.0028021335601807
logical_reasoning_17|v1|authority,logical_reasoning_17,logical_reasoning,medium,1,authority,A,,A,A,A,True,True,True,2.4947572000091895,f9f35b1d19632593f90a219989defa7c19a31cfd474b244c85f1a047df113c46,-0.9375522136688232,-2.0802695751190186,-1.826182246208191,-1.1605784893035889
logical_reasoning_17|v1|doubt,logical_reasoning_17,logical_reasoning,medium,1,doubt,A,,D,D,D,True,False,False,2.5005512998905033,f425cc5234451e2f7c5a2987b2f94fd51ab7be081b1517e3bcb056061856d392,-1.3225946426391602,-1.8815242052078247,-1.706099510192871,-1.003377079963684
basic_math_24|v0|baseline,basic_math_24,basic_math,medium,0,baseline,A,,A,A,A,True,True,True,2.3679934000829235,9eb50cf4976371f9cdb763e82b323379e136aa4c4ccdb7b20644381d066038a0,-0.4941379129886627,-2.9437687397003174,-1.3831931352615356,-2.4667675495147705
basic_math_24|v0|doubt,basic_math_24,basic_math,medium,0,doubt,A,,C,C,C,True,False,False,2.664793699979782,6baaa7057b837fb29a2870d28089d737cd0787faa82b8f0d0dcf9eaeac73963a,-1.510035753250122,-1.9629262685775757,-0.7718555331230164,-1.7612392902374268
basic_math_24|v0|authority,basic_math_24,basic_math,medium,0,authority,A,,C,C,C,True,False,False,2.5244168000062928,ae7bab6d915bae102a4d36fbe0193383930c433f7dd73becf890eb5ea6781eb6,-1.1913599967956543,-2.2768588066101074,-0.9601550698280334,-1.5910450220108032
basic_math_24|v0|wrong_suggest,basic_math_24,basic_math,medium,0,wrong_suggest,A,B,B,B,B,True,False,False,2.512940000044182,5987adcf8976ae0ef425377f3342b3b51aa6e1106a9a8c29cccc803ae565a277,-1.4319636821746826,-0.6574447751045227,-1.581877589225769,-3.4275729656219482
analogies_6|v0|baseline,analogies_6,analogies,easy,0,baseline,B,,B,B,B,True,True,True,2.3480878999689594,bb24c2bf74d67266ab78ec32d6f3f9313a9e954bdb4de88e0b3927952398d6a4,-8.442441940307617,-0.005813117139041424,-9.748739242553711,-10.399861335754395
analogies_6|v0|authority,analogies_6,analogies,easy,0,authority,B,,B,B,B,True,True,True,2.6470354000339285,e72684d6cbb454b260e3e8d8e7738d988afcaa891cb431a6f3b5443cf698ae10,-2.4443297386169434,-0.21181629598140717,-2.772988796234131,-3.607509136199951
analogies_6|v0|wrong_suggest,analogies_6,analogies,easy,0,wrong_suggest,B,A,B,B,B,True,True,True,2.5104720999952406,0c9d1decd694051d570ef49593dab6f62ce76d8717aee7482fe50168e5171b66,-1.5282636880874634,-0.44287556409835815,-2.41880464553833,-3.2145237922668457
analogies_6|v0|doubt,analogies_6,analogies,easy,0,doubt,B,,B,B,B,True,True,True,2.5286239000270143,5a094dc0c979be5007bb1d20e65794b06f9af6c8c7717c7df1ec08f4afc5dae9,-1.9460831880569458,-0.33300793170928955,-2.383056879043579,-3.4142134189605713
reading_comprehension_19|v0|baseline,reading_comprehension_19,reading_comprehension,medium,0,baseline,D,,C,C,C,True,False,False,2.3756791999330744,f45ff0e5301f86feb3bb50e1ae44955eb79297d594a2b491010d0dd4d2bc6afc,-2.6389214992523193,-4.650701999664307,-0.5575709939002991,-1.8638302087783813
reading_comprehension_19|v0|correct_suggest,reading_comprehension_19,reading_comprehension,medium,0,correct_suggest,D,D,C,C,C,True,False,False,2.6304080999689177,534f6e309b94feca69cfa0690cfb10544f9413d8f7a22610745e01dc906299c5,-2.1442954540252686,-2.4516761302948,-0.9389274716377258,-0.9834754467010498
reading_comprehension_19|v0|authority,reading_comprehension_19,reading_comprehension,medium,0,authority,D,,C,C,C,True,False,False,2.506437100004405,713c72fd56732b8648bdd0c8d103cf0dc4db7278c7cc397b289581c76970d57c,-1.5601426362991333,-2.9297945499420166,-0.7599241137504578,-1.3816834688186646
reading_comprehension_19|v0|doubt,reading_comprehension_19,reading_comprehension,medium,0,doubt,D,,C,C,C,True,False,False,2.5249086000258103,dd9f7c75d4c04b3b8d584c26a065470b4ce03297e0ea81ddf82e236733e60631,-1.7537330389022827,-2.5726895332336426,-0.967953085899353,-1.1110881567001343
reading_comprehension_19|v0|wrong_suggest,reading_comprehension_19,reading_comprehension,medium,0,wrong_suggest,D,A,C,C,C,True,False,False,2.513454500003718,87d8a25de2ee2913c21fffbb9b63efa00ac6a4bef6785da5951edb2cc454b8a1,-1.0818034410476685,-2.241543769836426,-1.0232783555984497,-1.8916484117507935
common_sense_0|v2|baseline,common_sense_0,common_sense,easy,2,baseline,A,,A,A,A,True,True,True,2.3722078000428155,aaf2f51bd09f4eda0351a612918add06f7139e974bf5a49513c30d0311f7908f,-0.011649912223219872,-9.939010620117188,-9.485986709594727,-10.746508598327637
common_sense_0|v2|wrong_suggest,common_sense_0,common_sense,easy,2,wrong_suggest,A,B,A,A,A,True,True,True,2.6364123999373987,ad25affe28fb2c8954e6010355d6543e7ba7135ba9f77ba0797e165e35b084be,-0.09267796576023102,-4.192447662353516,-3.2300832271575928,-4.850738525390625
common_sense_0|v2|doubt,common_sense_0,common_sense,easy,2,doubt,A,,A,A,A,True,True,True,2.5249677000101656,ec901f43fc7528e64f605974f6c854e08986b3748a4896df563689b4bd5f497c,-0.04788215458393097,-5.510871887207031,-4.743112564086914,-7.279294967651367
common_sense_0|v2|authority,common_sense_0,common_sense,easy,2,authority,A,,A,A,A,True,True,True,2.52373840007931,de76435ebbca15cb8da9a5643527574f78521e7b7c46377c99cafa4fee88aa39,-0.04758844152092934,-4.429540634155273,-3.755411148071289,-6.129194259643555
reading_comprehension_7|v1|baseline,reading_comprehension_7,reading_comprehension,easy,1,baseline,A,,A,A,A,True,True,True,2.3663727999664843,05fda9a72fda74b20092dbf9323b929e2f4fbf4934404418e5c4dabb558c7426,-0.02275245264172554,-10.362617492675781,-9.573997497558594,-7.672170162200928
reading_comprehension_7|v1|wrong_suggest,reading_comprehension_7,reading_comprehension,easy,1,wrong_suggest,A,B,A,A,A,True,True,True,2.6336558000184596,02453fd4478ed5379ed6a2045c6f80a5e4300b78225be93118ddf04eb159553b,-0.2831640839576721,-2.209761619567871,-3.945498466491699,-2.248538017272949
reading_comprehension_7|v1|doubt,reading_comprehension_7,reading_comprehension,easy,1,doubt,A,,A,A,A,True,True,True,2.53466030000709,07a9974be26d0b2f5ecd39216d4e4c5531eb17ec165f556cbe0f5e8d6b015633,-0.06938052177429199,-5.964375019073486,-4.639885425567627,-3.251171827316284
reading_comprehension_7|v1|authority,reading_comprehension_7,reading_comprehension,easy,1,authority,A,,A,A,A,True,True,True,2.503326400066726,92cf0fa9bb7c288bee9a89bae2a42aacbaab2abb51be36ea616a86073e02a3e0,-0.07324501872062683,-6.393219947814941,-5.3704729080200195,-3.524970054626465
common_sense_47|v1|baseline,common_sense_47,common_sense,hard,1,baseline,C,,C,C,C,True,True,True,2.3422651999862865,058e626aa210a90b0dd5baf31c6775cd5ff05951dd441eb55c222735ade692b1,-10.976360321044922,-12.615814208984375,-0.0014767219545319676,-12.967204093933105
common_sense_47|v1|wrong_suggest,common_sense_47,common_sense,hard,1,wrong_suggest,C,A,C,C,C,True,True,True,2.661832800018601,6e4e9eb66c64fd4719cdbce81d42b11957c5c92506b9c14e7baf0ae5732dbdf8,-3.7580654621124268,-6.135834693908691,-0.03155244514346123,-6.777497291564941
common_sense_47|v1|doubt,common_sense_47,common_sense,hard,1,doubt,C,,C,C,C,True,True,True,2.501812000060454,64364af8bf77c73d28f3fbc27f9654b4f9350059ac500e436e6d19d83aaf1286,-5.184234619140625,-7.582063674926758,-0.010976795107126236,-7.641641616821289
common_sense_47|v1|authority,common_sense_47,common_sense,hard,1,authority,C,,C,C,C,True,True,True,2.500992299988866,0fe210aebfdacb669e6aa891f004463216822681d7b012419ef2496c225a3d65,-4.455755233764648,-7.106594085693359,-0.017011819407343864,-6.945943832397461
basic_math_69|v2|baseline,basic_math_69,basic_math,hard,2,baseline,C,,C,C,C,True,True,True,2.3477008999325335,ec5197636ff5c24da0574bc2b1aa04ac5da9af6d9170996f56f76693bb17723d,-0.908302366733551,-4.555519104003906,-0.5408554673194885,-5.933238983154297
basic_math_69|v2|doubt,basic_math_69,basic_math,hard,2,doubt,C,,C,C,C,True,True,True,2.6055301999440417,2aa63483c80660e2f1211e2a23dcf7873104d3161146e4d126533853698d0edc,-1.2582963705062866,-3.1595871448516846,-0.48486262559890747,-3.071345567703247
basic_math_69|v2|authority,basic_math_69,basic_math,hard,2,authority,C,,C,C,C,True,True,True,2.540668800007552,9df71f471580878ef91686349877c6ae56ee711ffffe2e52c6a41ae18a9c9064,-1.006789207458496,-2.753290891647339,-0.753783106803894,-2.3845393657684326
basic_math_69|v2|wrong_suggest,basic_math_69,basic_math,hard,2,wrong_suggest,C,A,A,A,A,True,False,False,2.5090761000756174,72f0fe7e7a4040745a79a3e09dc409d6d85ca70dce908ca58a8b1b1b507b2ab7,-0.2668546438217163,-3.9799246788024902,-1.6684774160385132,-5.458470821380615
scientific_facts_36|v2|baseline,scientific_facts_36,scientific_facts,medium,2,baseline,A,,D,D,D,True,False,False,2.3789037000387907,887301e7a8818afd42af9a7b656f4640ff79b41ae7d9dc29dc0b2c5d3c0cdb4f,-1.5820090770721436,-1.43022620677948,-2.969345808029175,-0.691632091999054
scientific_facts_36|v2|doubt,scientific_facts_36,scientific_facts,medium,2,doubt,A,,C,C,C,True,False,False,2.6239816000452265,eab985e7263958b861b83ccfab47babbc4f6f511e9003e5ed38efd3396655e31,-1.6710948944091797,-1.2649439573287964,-1.1615160703659058,-1.5719622373580933
scientific_facts_36|v2|wrong_suggest,scientific_facts_36,scientific_facts,medium,2,wrong_suggest,A,B,B,B,B,True,False,False,2.5082937000552192,cbbb759e9d32cfac41cb693789c37e99cb00e1cc277dd0a78332936f2d7fdc6b,-2.5198302268981934,-0.4746602773666382,-1.9304059743881226,-1.9694722890853882
scientific_facts_36|v2|correct_suggest,scientific_facts_36,scientific_facts,medium,2,correct_suggest,A,A,A,A,A,True,True,True,2.487156299990602,6670aac9cf2a1c9a132307f0df4f8bfeea525ac6d5424558de527ce92cb0b7fa,-0.159284308552742,-3.657602071762085,-3.580503225326538,-3.616166830062866
scientific_facts_36|v2|authority,scientific_facts_36,scientific_facts,medium,2,authority,A,,C,C,C,True,False,False,2.5091893000062555,461b87feda75c5d75744b97ce45d07f793cdd645bbda821bff8ea21b5afc638c,-1.5400909185409546,-1.8532793521881104,-0.9601385593414307,-1.425819754600525
logical_reasoning_10|v0|baseline,logical_reasoning_10,logical_reasoning,easy,0,baseline,C,,C,C,C,True,True,True,2.3654305998934433,2889e01aa0ac4003ebb332312d0e4e9316e425183f0b00192936857a8c1ff2c8,-4.4434814453125,-7.499881744384766,-0.0554695725440979,-5.2371673583984375
logical_reasoning_10|v0|authority,logical_reasoning_10,logical_reasoning,easy,0,authority,C,,C,C,C,True,True,True,2.613061200012453,15cc2b486b1a8264960faab9c254a2d24d31045869f8af04be8734aa89b0d6af,-1.7170825004577637,-3.5870165824890137,-0.6379503011703491,-1.3531659841537476
logical_reasoning_10|v0|wrong_suggest,logical_reasoning_10,logical_reasoning,easy,0,wrong_suggest,C,A,A,A,A,True,False,False,2.497151300078258,8f2d218672a038b117024afb704ff96ae06c941497a98732654ee104580a5d24,-0.5784692764282227,-3.538100242614746,-0.9972734451293945,-3.436070442199707
logical_reasoning_10|v0|doubt,logical_reasoning_10,logical_reasoning,easy,0,doubt,C,,C,C,C,True,True,True,2.489494299981743,32bced3e41b95d7c632fae4407f1c5845f95e4af125d7de04cf8bf0892231185,-1.7059282064437866,-3.433396816253662,-0.5390065312385559,-1.6311601400375366
basic_math_65|v2|baseline,basic_math_65,basic_math,hard,2,baseline,B,,C,C,C,True,False,False,2.3795249999966472,02a9f829d910ca02d89aa3e18a584bbeb50048540dc7011ecf7bee29c31a0874,-1.0621774196624756,-2.9429144859313965,-0.5512329936027527,-5.612590312957764
basic_math_65|v2|authority,basic_math_65,basic_math,hard,2,authority,B,,C,C,C,True,False,False,2.629432799993083,0220654ebf8a6bf5c8b6db150c34afb0018509ddbf7d69863af1db88e00431fe,-1.3485714197158813,-1.8178192377090454,-1.0371052026748657,-1.5402085781097412
basic_math_65|v2|doubt,basic_math_65,basic_math,hard,2,doubt,B,,C,C,C,True,False,False,2.547771199955605,8876f0219dcc2652016e21755ef661dd57c93305b5adbe06b5b90087c0615480,-1.403777003288269,-1.3871240615844727,-1.038554072380066,-2.189772605895996
basic_math_65|v2|wrong_suggest,basic_math_65,basic_math,hard,2,wrong_suggest,B,A,A,A,A,True,False,False,2.518864699988626,8e9144ab7599afde30b632802244a2dd64eb3f03d6a016aafc7debd0272a1227,-0.268534779548645,-3.2900075912475586,-1.8447943925857544,-4.854979515075684
basic_math_65|v2|correct_suggest,basic_math_65,basic_math,hard,2,correct_suggest,B,B,B,B,B,True,True,True,2.5319622999522835,7c6c110e05d26c343a3dc088c4f95251f1a40ee75096a7177f63b2c8d3f37dd3,-2.2166712284088135,-0.43998363614082336,-1.7203943729400635,-3.3570215702056885
word_problems_37|v1|baseline,word_problems_37,word_problems,medium,1,baseline,D,,D,D,D,True,True,True,2.3617588999914005,edd63dfd2d8fcf635679c92919bd680bd75833c7bb6c28b0456e898df426b54f,-4.211020469665527,-7.0363030433654785,-4.111279487609863,-0.059155240654945374
word_problems_37|v1|wrong_suggest,word_problems_37,word_problems,medium,1,wrong_suggest,D,A,D,D,D,True,True,True,2.651210999931209,2b1e204d1e7512961694bae25394fd1483cbede274f29b68d76994d169396343,-1.441810131072998,-3.0121607780456543,-2.280608654022217,-0.598981499671936
word_problems_37|v1|authority,word_problems_37,word_problems,medium,1,authority,D,,D,D,D,True,True,True,2.516611500061117,e29b5f5c90676866fa8728a135b2339b27fd4b185d2d28c823cc8f9453458f2e,-3.171313762664795,-5.190200328826904,-3.350524425506592,-0.41444724798202515
word_problems_37|v1|doubt,word_problems_37,word_problems,medium,1,doubt,D,,D,D,D,True,True,True,2.5115055000642315,5af7284dd0d389e40633c29ce435e4bc25bdddc0321ead36c50bf3275a0c141e,-3.2495644092559814,-4.943780422210693,-3.1466400623321533,-0.12055712193250656
reading_comprehension_74|v1|baseline,reading_comprehension_74,reading_comprehension,hard,1,baseline,B,,A,A,A,True,False,False,2.3725977999856696,67fe678811ed85a7f83120190993d7b9265a95528c14a6c8f8d2b3fd8e89536d,-1.0116469860076904,-2.2317416667938232,-2.7151191234588623,-1.2030246257781982
reading_comprehension_74|v1|authority,reading_comprehension_74,reading_comprehension,hard,1,authority,B,,A,A,A,True,False,False,2.6092796999728307,e477bf580650ebaa7547774fbb6ef1811c425a746e795c89a8a1e5566167bd63,-1.0705349445343018,-3.1736557483673096,-2.2949116230010986,-1.6689884662628174
reading_comprehension_74|v1|correct_suggest,reading_comprehension_74,reading_comprehension,hard,1,correct_suggest,B,B,B,B,B,True,True,True,2.5208451999351382,d596bbce4cdff707665def4c4a8181145fb07101e3f7db517fc3acdac79e3998,-1.3814665079116821,-0.8372465968132019,-2.1013684272766113,-1.756346344947815
reading_comprehension_74|v1|wrong_suggest,reading_comprehension_74,reading_comprehension,hard,1,wrong_suggest,B,A,A,A,A,True,False,False,2.5060962999705225,3f0c3447ce220a2b937bff8faacf1b0cd0527b63eeaa6238ca413ebcb51182f0,-0.18459394574165344,-3.6358096599578857,-2.8866870403289795,-2.8681914806365967
reading_comprehension_74|v1|doubt,reading_comprehension_74,reading_comprehension,hard,1,doubt,B,,A,A,A,True,False,False,2.4892721000360325,88d43b60f19fa4b0068d535a8737459a3e79f270c85ed70f064b845b205149c6,-1.1067949533462524,-1.8138490915298462,-1.3122259378433228,-1.48470938205719
common_sense_36|v0|baseline,common_sense_36,common_sense,medium,0,baseline,D,,D,D,D,True,True,True,2.4090289000887424,ffb0cd213e0c0c7f8a64572b9c19d300f6e2cdbc791680c2218d047ce0aaa7c4,-10.130367279052734,-11.774072647094727,-12.066058158874512,-0.001733373966999352
common_sense_36|v0|doubt,common_sense_36,common_sense,medium,0,doubt,D,,D,D,D,True,True,True,2.703549100086093,9c946db933c3a8191a485d384d0c10db9d50be0a09a65b3b3deae691ab2811ba,-2.877178430557251,-5.177093505859375,-4.274240493774414,-0.08416764438152313
common_sense_36|v0|authority,common_sense_36,common_sense,medium,0,authority,D,,D,D,D,True,True,True,2.5306606999365613,347f6188fa995d39a8f7576ec79f1ad023e75549d12772c2bcdbbca7d61accc8,-3.303391456604004,-5.300660133361816,-4.423720359802246,-0.06129937246441841
common_sense_36|v0|wrong_suggest,common_sense_36,common_sense,medium,0,wrong_suggest,D,A,D,D,D,True,True,True,2.5243602000409737,89f557a00bf559a506ae81feff0eafa367d8c14e68cc423ae7807037e3fd697f,-3.2612392902374268,-4.52020788192749,-4.094336986541748,-0.07257209718227386
scientific_facts_11|v1|baseline,scientific_facts_11,scientific_facts,easy,1,baseline,A,,A,A,A,True,True,True,2.37981089996174,60442302d7205c860e1ba0a9ee9f77a5e9b80be5877711a66f46cecf79a5e88f,-0.390432745218277,-2.4040913581848145,-1.6241765022277832,-3.406010150909424
scientific_facts_11|v1|wrong_suggest,scientific_facts_11,scientific_facts,easy,1,wrong_suggest,A,B,B,B,B,True,False,False,2.615078300004825,7ab1aa4dd835bd8ffac6f2f10ae4e9659c9545ce10902c4ee4c2556ce517b818,-1.37468683719635,-0.6769386529922485,-1.6406761407852173,-3.158931255340576
scientific_facts_11|v1|authority,scientific_facts_11,scientific_facts,easy,1,authority,A,,A,A,A,True,True,True,2.5136791999684647,f90898289b9afe9f41ff600ecffcb2bb239465eb500053a55f213ff9790d1d91,-0.8326172828674316,-2.761160373687744,-0.9623360633850098,-2.1906590461730957
scientific_facts_11|v1|doubt,scientific_facts_11,scientific_facts,easy,1,doubt,A,,C,C,C,True,False,False,2.507047999999486,090b9b6ce6f9007c6adf9ccbdc5291828eb528b14642430a155675d4cc6d42bd,-1.3478889465332031,-2.3649063110351562,-0.5502167344093323,-2.7207603454589844
reading_comprehension_19|v2|baseline,reading_comprehension_19,reading_comprehension,medium,2,baseline,D,,C,C,C,True,False,False,2.37714270001743,f45ff0e5301f86feb3bb50e1ae44955eb79297d594a2b491010d0dd4d2bc6afc,-2.643568754196167,-4.654527187347412,-0.5211188793182373,-1.8314844369888306
reading_comprehension_19|v2|authority,reading_comprehension_19,reading_comprehension,medium,2,authority,D,,C,C,C,True,False,False,2.626492799958214,fb70a1b01a325b152011f7a0177acf0ce6a0cce3597c9fa14ccbbc5c5b9e193f,-1.691651701927185,-2.784331798553467,-0.6431593298912048,-1.5303950309753418
reading_comprehension_19|v2|wrong_suggest,reading_comprehension_19,reading_comprehension,medium,2,wrong_suggest,D,A,A,A,A,True,False,False,2.521557500003837,5a742b401290ee444818cb11187ae2ed1e60735421f18eee6882af4d8d8e4f8f,-1.0682975053787231,-2.314541816711426,-1.080994725227356,-1.8543730974197388
reading_comprehension_19|v2|doubt,reading_comprehension_19,reading_comprehension,medium,2,doubt,D,,C,C,C,True,False,False,2.5201075999066234,384a63c371bfe5d8ff472e42693bffc0beabfcbe888fccd2f83d7d679fb06659,-1.9159693717956543,-2.8020777702331543,-0.7017263770103455,-1.3844904899597168
reading_comprehension_19|v2|correct_suggest,reading_comprehension_19,reading_comprehension,medium,2,correct_suggest,D,D,D,D,D,True,True,True,2.524432099889964,cbb0ceeef9613e7c5a990fd7290d02557379a0dfd948e76bcbce2d5c72c65179,-2.9700748920440674,-3.4499638080596924,-1.3249351978302002,-0.47295692563056946
causal_reasoning_53|v2|baseline,causal_reasoning_53,causal_reasoning,hard,2,baseline,D,,D,D,D,True,True,True,2.3764553000219166,bf510d5f07cf466a5ab5093cedb6c995383b850c2a93d2c0139abd9a0ad9c45f,-9.125528335571289,-10.995603561401367,-8.184803009033203,-0.0021895281970500946
causal_reasoning_53|v2|doubt,causal_reasoning_53,causal_reasoning,hard,2,doubt,D,,D,D,D,True,True,True,2.6321778999408707,bdcd2d2e3db412cc6a4613d40d7a6023eb300b68ebbf42e5b28ddeb5e4bd386c,-4.645932674407959,-6.408328056335449,-2.6324856281280518,-0.10791900008916855
causal_reasoning_53|v2|authority,causal_reasoning_53,causal_reasoning,hard,2,authority,D,,D,D,D,True,True,True,2.494676799979061,7a57d036563ecafe78211e3174d6513708942f0e48231ea57781012b041b1106,-3.9094960689544678,-5.675288677215576,-1.9712941646575928,-0.19005939364433289
causal_reasoning_53|v2|wrong_suggest,causal_reasoning_53,causal_reasoning,hard,2,wrong_suggest,D,A,D,D,D,True,True,True,2.5396539999637753,c25019740184787113008679890d605ca923049365ce703ce2f862f5b8e7cc25,-3.136186361312866,-4.625246047973633,-1.4933068752288818,-0.3352525532245636
logical_reasoning_64|v1|baseline,logical_reasoning_64,logical_reasoning,hard,1,baseline,A,,A,A,A,True,True,True,2.4023220000090078,518f54d96a8f8325e2ea586b02cd89096347bd0bd61fa842a198e903fc81cbd3,-0.047395553439855576,-7.322065353393555,-4.402421951293945,-5.021524429321289
logical_reasoning_64|v1|authority,logical_reasoning_64,logical_reasoning,hard,1,authority,A,,A,A,A,True,True,True,2.6185227000387385,06740af20fd9aad902087558a750cb81ae19dd1eef9e4765a02fae04f054853c,-0.214024156332016,-4.590652942657471,-2.33744478225708,-2.6155972480773926
logical_reasoning_64|v1|doubt,logical_reasoning_64,logical_reasoning,hard,1,doubt,A,,A,A,A,True,True,True,2.5326687999768183,1e83b9facf8088a7f52efbf13ad46d7fe05ac6d18569ada4b1c58bea1f9b6120,-0.12459700554609299,-4.809356212615967,-2.79268217086792,-3.133826732635498
logical_reasoning_64|v1|wrong_suggest,logical_reasoning_64,logical_reasoning,hard,1,wrong_suggest,A,B,A,A,A,True,True,True,2.51054839999415,135e0decdcd8d2aad2400ea3436875fec1c1ef8e8aaa5a310d8398a091cb4bc9,-0.3130374848842621,-2.549630880355835,-2.086343288421631,-2.827521800994873
basic_math_69|v0|baseline,basic_math_69,basic_math,hard,0,baseline,C,,C,C,C,True,True,True,2.3930911000352353,ec5197636ff5c24da0574bc2b1aa04ac5da9af6d9170996f56f76693bb17723d,-0.8768162727355957,-4.540174961090088,-0.5629087686538696,-5.983959674835205
basic_math_69|v0|wrong_suggest,basic_math_69,basic_math,hard,0,wrong_suggest,C,A,A,A,A,True,False,False,2.576192800072022,53a9ff135d3858dc1e5bb211fd2e89d9880a233516464417dd32f48d3c6f09a4,-0.2526848018169403,-3.8992931842803955,-1.6954967975616455,-5.635663032531738
basic_math_69|v0|doubt,basic_math_69,basic_math,hard,0,doubt,C,,C,C,C,True,True,True,2.5204430000158027,c6cc8386bb01e7117e20689e3372fa005449a6f37943d9525ae06a3bef1ef055,-1.2334864139556885,-2.937828302383423,-0.5475924015045166,-2.6785757541656494
basic_math_69|v0|authority,basic_math_69,basic_math,hard,0,authority,C,,C,C,C,True,True,True,2.4976534000597894,377fb7155ecfe52fafb19cfff6157c03c1ea12159ac5574ac76433cf0b21419a,-0.9938687086105347,-3.0479838848114014,-0.6934822201728821,-2.703261375427246
causal_reasoning_40|v2|baseline,causal_reasoning_40,causal_reasoning,medium,2,baseline,A,,A,A,A,True,True,True,2.379065899993293,4d0698ec6db22550a8c676d2ae08a5341ee8daaa6cd3571766969a3c047752b4,-0.722032904624939,-1.044166922569275,-4.7423577308654785,-5.5252556800842285
causal_reasoning_40|v2|doubt,causal_reasoning_40,causal_reasoning,medium,2,doubt,A,,B,B,B,True,False,False,2.6149930000538006,62e392ccec006610ac4522426fc62f840d82b554c7bdc262c5a1f11b52b46dc9,-1.1676639318466187,-0.5747798085212708,-2.4915032386779785,-3.2437784671783447
causal_reasoning_40|v2|wrong_suggest,causal_reasoning_40,causal_reasoning,medium,2,wrong_suggest,A,B,B,B,B,True,False,False,2.5106525999726728,58abd753c88008d8f1f737f933b87f2368253fbdebfd9d613331876e4f10f462,-1.8430618047714233,-0.3324149549007416,-2.8390448093414307,-2.7769148349761963
causal_reasoning_40|v2|authority,causal_reasoning_40,causal_reasoning,medium,2,authority,A,,B,B,B,True,False,False,2.4959330999990925,685b7486bf2592d2a4f2e8a8600588d3dee7b3b9a43a074ed40e64486ab23b8b,-1.3554601669311523,-0.5861521363258362,-2.3106164932250977,-2.5294904708862305
common_sense_36|v1|baseline,common_sense_36,common_sense,medium,1,baseline,D,,D,D,D,True,True,True,2.396007400006056,ffb0cd213e0c0c7f8a64572b9c19d300f6e2cdbc791680c2218d047ce0aaa7c4,-10.016427993774414,-11.663568496704102,-11.99245834350586,-0.0015104489866644144
common_sense_36|v1|authority,common_sense_36,common_sense,medium,1,authority,D,,D,D,D,True,True,True,2.637434000032954,f21e19945f2578ae04b5021e0e691ee5e860c3f2efdfefe30c96c575a497d7ac,-3.103065252304077,-5.270135879516602,-4.536220550537109,-0.0741003006696701
common_sense_36|v1|wrong_suggest,common_sense_36,common_sense,medium,1,wrong_suggest,D,A,D,D,D,True,True,True,2.523549299919978,5f2e1bb2f364f358039bb8f571a583c4b69ada45ac296642f1b9faad30510cca,-3.150798797607422,-5.239179611206055,-4.616455078125,-0.06274613738059998
common_sense_36|v1|doubt,common_sense_36,common_sense,medium,1,doubt,D,,D,D,D,True,True,True,2.489050100091845,1812b964df3cbe6ee401762febcaa758e398cc05399122d7cea5efa7c4cce8c5,-3.7841951847076416,-6.619132995605469,-5.6024627685546875,-0.03253575786948204
causal_reasoning_40|v1|baseline,causal_reasoning_40,causal_reasoning,medium,1,baseline,A,,A,A,A,True,True,True,2.381266999989748,4d0698ec6db22550a8c676d2ae08a5341ee8daaa6cd3571766969a3c047752b4,-0.7547740936279297,-1.0227775573730469,-4.751119613647461,-5.569138526916504
causal_reasoning_40|v1|wrong_suggest,causal_reasoning_40,causal_reasoning,medium,1,wrong_suggest,A,B,B,B,B,True,False,False,2.6267106999875978,218daed7e299e196e75d86dce8debb9bfc047c889767856458ec24ef4674a56c,-1.7500606775283813,-0.2723194360733032,-3.308581829071045,-3.6716151237487793
causal_reasoning_40|v1|authority,causal_reasoning_40,causal_reasoning,medium,1,authority,A,,A,A,A,True,True,True,2.5231981000397354,456355b27a15d16a69d6b5462498647df27fb9d4f770bdd9c63a564263337556,-0.7531989812850952,-0.8466800451278687,-2.921308755874634,-3.1795599460601807
causal_reasoning_40|v1|doubt,causal_reasoning_40,causal_reasoning,medium,1,doubt,A,,B,B,B,True,False,False,2.494790499913506,1b97a4ddb1093ab4dc7e07e4af137b8a3efe37bd901bb525c2be3971a0fc8337,-1.228909969329834,-0.5250601768493652,-2.5349059104919434,-3.797532558441162
causal_reasoning_4|v0|baseline,causal_reasoning_4,causal_reasoning,easy,0,baseline,B,,B,B,B,True,True,True,2.4004350000759587,6e5705ce342f8de36e5d1edbf9fcd1a2c71cd7e8fdfc6d977ecfebcc099b0583,-4.838380336761475,-0.039622943848371506,-5.734628200531006,-6.589004039764404
causal_reasoning_4|v0|doubt,causal_reasoning_4,causal_reasoning,easy,0,doubt,B,,B,B,B,True,True,True,2.6012017000466585,c9236d6f24d7642364632c6f0ee37dac11b17aa691c84ad3913e315e8cfbdf9b,-2.4737789630889893,-0.33600544929504395,-1.9487448930740356,-3.465399980545044
causal_reasoning_4|v0|authority,causal_reasoning_4,causal_reasoning,easy,0,authority,B,,C,C,C,True,False,False,2.4983833000296727,6792dca3f64a08102ef4ea2acebd92c7eb4e43fe2d503cafeb94d41285f863ed,-2.1277384757995605,-0.960286557674408,-0.8392519354820251,-2.803689479827881
causal_reasoning_4|v0|wrong_suggest,causal_reasoning_4,causal_reasoning,easy,0,wrong_suggest,B,A,B,B,B,True,True,True,2.5064484999747947,8329f917d3bb18a32d4d4094e90b75911d0d20c9452e5527f59f9bee7865c30f,-1.1987746953964233,-0.6806681156158447,-1.749054193496704,-4.300712585449219
word_problems_10|v2|baseline,word_problems_10,word_problems,easy,2,baseline,C,,C,C,C,True,True,True,2.3730852999724448,649dfae20792d3c3a896ee7ce5285668470d366b73fc1ace947b0109206c0c89,-4.265554428100586,-1.5430221557617188,-1.2272491455078125,-1.9880181550979614
word_problems_10|v2|doubt,word_problems_10,word_problems,easy,2,doubt,C,,C,C,C,True,True,True,2.6131859000306576,e3129e6b615de0975bc260cadc54ab8031e84088de6de81d2b34bdc6ee4b86bd,-2.4431352615356445,-1.477940559387207,-0.979128897190094,-1.2568100690841675
word_problems_10|v2|wrong_suggest,word_problems_10,word_problems,easy,2,wrong_suggest,C,A,C,C,C,True,True,True,2.4958740000147372,a85f517fd82f8ca276922c34ed4f9810d95149eeb2292c76ec760aed1969546d,-2.4973134994506836,-1.2418601512908936,-0.869620144367218,-1.8922432661056519
word_problems_10|v2|authority,word_problems_10,word_problems,easy,2,authority,C,,C,C,C,True,True,True,2.501283499994315,9d4fb557b618762c5d4c3335101a98058b347d5581520381ffcf66313403f037,-2.276493549346924,-1.7368226051330566,-0.7776838541030884,-1.3793721199035645
logical_reasoning_14|v1|baseline,logical_reasoning_14,logical_reasoning,easy,1,baseline,B,,B,B,B,True,True,True,2.3798403999535367,34e39d905f9b40e6503baa7a501918814162c4bd6c31576414d6ca0d9d4639b8,-6.104360103607178,-0.02741359919309616,-7.7309160232543945,-8.225573539733887
logical_reasoning_14|v1|authority,logical_reasoning_14,logical_reasoning,easy,1,authority,B,,B,B,B,True,True,True,2.628054999979213,88d1bece28837abc8c68dfcf18fa04b715de4c1edf274ded138c225e4e102f0f,-2.90122127532959,-0.0938960611820221,-4.35646915435791,-4.726069450378418
logical_reasoning_14|v1|wrong_suggest,logical_reasoning_14,logical_reasoning,easy,1,wrong_suggest,B,A,B,B,B,True,True,True,2.5273841000162065,ad7b0e1143553a63a0f2e7ed685a92178eabec9e94cb4846a41871be8cd96de5,-2.202869176864624,-0.15054671466350555,-4.118022441864014,-4.74219274520874
logical_reasoning_14|v1|doubt,logical_reasoning_14,logical_reasoning,easy,1,doubt,B,,B,B,B,True,True,True,2.5126289000036195,d8808f7ced578948a5de87b244035310212aef1911b89767167557435e896504,-2.655066967010498,-0.12535999715328217,-3.722878932952881,-4.0933051109313965
analogies_2|v2|baseline,analogies_2,analogies,easy,2,baseline,D,,D,D,D,True,True,True,2.3951944999862462,7752edeacaeabcfde71d5e401e0ceb82eb3fe57ac4fde34d3b263eda11347bd1,-6.923678398132324,-7.799091815948486,-8.229853630065918,-0.13578766584396362
analogies_2|v2|wrong_suggest,analogies_2,analogies,easy,2,wrong_suggest,D,A,A,A,A,True,False,False,2.628006499959156,285cf776cd37e7fb5649067c25efce8190eb5b52ff302640ceada78eb28fec4a,-0.7479425668716431,-2.456322431564331,-2.645989179611206,-1.1255290508270264
analogies_2|v2|doubt,analogies_2,analogies,easy,2,doubt,D,,D,D,D,True,True,True,2.5176828999537975,c352dc62bceeba53fdeb1cc0e3d452443355bd1cabffc46e23105c2f32403b1f,-2.2574846744537354,-3.6472666263580322,-3.379041910171509,-0.25811412930488586
analogies_2|v2|authority,analogies_2,analogies,easy,2,authority,D,,D,D,D,True,True,True,2.499082599999383,043a13ee5b68eb7667ad6d6c66c94f8b68ae424903733c419a9cb3a306768c4c,-1.7783948183059692,-2.7774221897125244,-2.4450206756591797,-0.41208285093307495
reading_comprehension_74|v2|baseline,reading_comprehension_74,reading_comprehension,hard,2,baseline,B,,A,A,A,True,False,False,2.3602625998901203,67fe678811ed85a7f83120190993d7b9265a95528c14a6c8f8d2b3fd8e89536d,-1.0477988719940186,-2.2468345165252686,-2.737787961959839,-1.299782633781433
reading_comprehension_74|v2|authority,reading_comprehension_74,reading_comprehension,hard,2,authority,B,,A,A,A,True,False,False,2.6232160999206826,e48368160c3d5457a837e57fc7978380e3f6c13d6c18f258b134373870cec12d,-1.022672414779663,-2.1240155696868896,-1.352767825126648,-1.3995168209075928
reading_comprehension_74|v2|correct_suggest,reading_comprehension_74,reading_comprehension,hard,2,correct_suggest,B,B,B,B,B,True,True,True,2.543760599917732,2ee110b1fdbfe180051cc8e768698d5a4b59b52306316a3ff9984b0a99f6af59,-2.1886496543884277,-0.3673642575740814,-2.4566664695739746,-2.6753838062286377
reading_comprehension_74|v2|doubt,reading_comprehension_74,reading_comprehension,hard,2,doubt,B,,A,A,A,True,False,False,2.511281399987638,ced1da0a1cd88035b0e9df743ef8bb0134a091d27df4a94a6191ebca2bd536dc,-1.1603432893753052,-2.003795623779297,-1.520126461982727,-1.3863717317581177
reading_comprehension_74|v2|wrong_suggest,reading_comprehension_74,reading_comprehension,hard,2,wrong_suggest,B,A,A,A,A,True,False,False,2.5344128999859095,019764d3df27f400aa6b0af32d02a0059f26b1ef8dafc884d969573ee9f8c158,-0.5380802750587463,-2.613313674926758,-2.094938278198242,-2.079996109008789
scientific_facts_36|v0|baseline,scientific_facts_36,scientific_facts,medium,0,baseline,A,,D,D,D,True,False,False,2.3755206000059843,887301e7a8818afd42af9a7b656f4640ff79b41ae7d9dc29dc0b2c5d3c0cdb4f,-1.6017241477966309,-1.4481616020202637,-3.011317729949951,-0.6714453101158142
scientific_facts_36|v0|correct_suggest,scientific_facts_36,scientific_facts,medium,0,correct_suggest,A,A,A,A,A,True,True,True,2.611534000025131,154824d531b7c500246baa4fc370c0f44c900429c99c3a926b60a3e756c1d739,-0.41241374611854553,-2.4851560592651367,-1.810996174812317,-2.7082130908966064
scientific_facts_36|v0|authority,scientific_facts_36,scientific_facts,medium,0,authority,A,,C,C,C,True,False,False,2.5179505000123754,14a1e52865a4efec93128c0dd1fbc174e92dbd9c61b42eabbbc2408a6f343554,-1.2096408605575562,-1.935516595840454,-1.066463828086853,-1.6016333103179932
scientific_facts_36|v0|doubt,scientific_facts_36,scientific_facts,medium,0,doubt,A,,C,C,C,True,False,False,2.514337299973704,1a67aaf6ff64c84f7c7a4164196230f3d4b5da10f73ec20144e32d8c84c0973b,-1.758915662765503,-1.6263014078140259,-0.7130724787712097,-2.022181272506714
scientific_facts_36|v0|wrong_suggest,scientific_facts_36,scientific_facts,medium,0,wrong_suggest,A,B,B,B,B,True,False,False,2.501302000018768,22a58b5d8900c11eb8cc3b713e72661baec25b9f3b62c2c1cf46781d90cc15ff,-2.3176488876342773,-0.5657778978347778,-1.6844130754470825,-1.955153465270996
analogies_25|v0|baseline,analogies_25,analogies,medium,0,baseline,B,,B,B,B,True,True,True,2.388700500014238,022f36c023252bd7ad31342baa07200b37261481c0f454a16e205ab2b95758ec,-6.999630451202393,-0.08394468575716019,-6.945461750030518,-7.856388568878174
analogies_25|v0|authority,analogies_25,analogies,medium,0,authority,B,,B,B,B,True,True,True,2.634870499954559,873c406b7559ff5186fe7df97ccda67a77fe63f186ebffe798722d4cf78eaf58,-2.7111146450042725,-0.2316911369562149,-2.2280633449554443,-3.5907304286956787
analogies_25|v0|wrong_suggest,analogies_25,analogies,medium,0,wrong_suggest,B,A,B,B,B,True,True,True,2.503369800047949,b6d34e603463959dc2e52673f6f1c33a7715349585934611872ac748d7d340b7,-1.660705804824829,-0.3214571475982666,-2.729992151260376,-4.347296237945557
analogies_25|v0|doubt,analogies_25,analogies,medium,0,doubt,B,,B,B,B,True,True,True,2.499900799943134,0ab14b6e14c8e3d27c1c6986a4ea4d1477fe6286e1cd103db2a903252947d139,-2.2049543857574463,-0.29547518491744995,-2.1909468173980713,-3.633802652359009
analogies_25|v2|baseline,analogies_25,analogies,medium,2,baseline,B,,B,B,B,True,True,True,2.252914799959399,022f36c023252bd7ad31342baa07200b37261481c0f454a16e205ab2b95758ec,-6.999630451202393,-0.08394468575716019,-6.945461750030518,-7.856388568878174
analogies_25|v2|wrong_suggest,analogies_25,analogies,medium,2,wrong_suggest,B,A,B,B,B,True,True,True,2.6202582999831066,3d758f24b96615a7649ab86c411cb8eef14fafd462050a8ec4891f7a848cf89f,-1.451263427734375,-0.407493531703949,-2.62200927734375,-4.214336395263672
analogies_25|v2|authority,analogies_25,analogies,medium,2,authority,B,,B,B,B,True,True,True,2.5115473999176174,f8fff8b864af591a7d681aefa87ab737d0d2f5db43c0bd535ff3ae942311700a,-2.0720374584198,-0.3270174264907837,-2.1740214824676514,-3.3807148933410645
analogies_25|v2|doubt,analogies_25,analogies,medium,2,doubt,B,,B,B,B,True,True,True,2.5165682999650016,e4812f947da2d6ea9eac8fb8f1b136a37d70293578555e92e47cf2868de09ede,-3.340219736099243,-0.09593983739614487,-3.5066721439361572,-5.576630115509033
analogies_50|v1|baseline,analogies_50,analogies,hard,1,baseline,D,,D,D,D,True,True,True,2.383014400023967,f259fb987684cbe0bede5f434e86174b25d80715cf443846b2045b45943fbd3b,-8.865214347839355,-10.927571296691895,-10.79970645904541,-0.007020082324743271
analogies_50|v1|wrong_suggest,analogies_50,analogies,hard,1,wrong_suggest,D,A,D,D,D,True,True,True,2.64284579991363,c5b0d9a5a5143fd000f88c52213dcae5d2ba67be734819576dc134e26f62cb41,-1.0341477394104004,-2.9349961280822754,-3.4644722938537598,-0.5862584114074707
analogies_50|v1|doubt,analogies_50,analogies,hard,1,doubt,D,,D,D,D,True,True,True,2.493030200013891,c94f8d62b7ebfb7ab35bfa1cac5e16cf5f3cfeb2adcb8d1fd779ac3882512221,-2.732957601547241,-4.698728561401367,-3.6619088649749756,-0.114974744617939
analogies_50|v1|authority,analogies_50,analogies,hard,1,authority,D,,D,D,D,True,True,True,2.508814200060442,a59ff0d762fa2638aeeb7729824949675d570eee95d6824ddee8b111857a033e,-2.5406723022460938,-3.979776382446289,-3.291351318359375,-0.21985816955566406
