run_key,question_id,domain,difficulty,variant_id,condition,correct_answer,suggested_letter,raw_output,parsed_first,benchmark_parsed,format_compliant_first,correct_first,benchmark_correct,latency_s,prompt_sha256,logprob_A,logprob_B,logprob_C,logprob_D
word_problems_37|v0|baseline,word_problems_37,word_problems,medium,0,baseline,D,,D,D,D,True,True,True,2.256486599915661,edd63dfd2d8fcf635679c92919bd680bd75833c7bb6c28b0456e898df426b54f,-13.153688430786133,-24.044872283935547,-20.710744857788086,-1.9073504518019035e-06
word_problems_37|v0|doubt,word_problems_37,word_problems,medium,0,doubt,D,,D,D,D,True,True,True,2.118239200091921,95904e1971a7770577a8675a9cd1914953c7bbf8084c255d495a0af071e7ae23,-18.587448120117188,-21.526729583740234,-20.730918884277344,0.0
word_problems_37|v0|authority,word_problems_37,word_problems,medium,0,authority,D,,D,D,D,True,True,True,2.1056132999947295,07e00f173b7637484682efafaf962b52818057e3952880dd1979c65aeb235615,-17.208890914916992,-19.839385986328125,-17.038177490234375,0.0
word_problems_37|v0|wrong_suggest,word_problems_37,word_problems,medium,0,wrong_suggest,D,A,D,D,D,True,True,True,2.1170830000191927,1ff6f65e7e434a25b1471f0ceb9ca7f556a53df934643fb5a443f78364ce2d3e,-5.893705368041992,-8.890558242797852,-7.41975212097168,-0.003500142600387335
causal_reasoning_53|v0|baseline,causal_reasoning_53,causal_reasoning,hard,0,baseline,D,,D,D,D,True,True,True,2.1029801999684423,bf510d5f07cf466a5ab5093cedb6c995383b850c2a93d2c0139abd9a0ad9c45f,-18.333797454833984,-22.749122619628906,-17.109111785888672,0.0
causal_reasoning_53|v0|wrong_suggest,causal_reasoning_53,causal_reasoning,hard,0,wrong_suggest,D,A,B,B,B,True,False,False,2.110807799967006,0872a17a8f4e4b7cb4430c3e5aa27caed2a321da93af9319e980a23ded8ca271,-12.288837432861328,-2.1286158561706543,-4.758605480194092,-0.13648943603038788
causal_reasoning_53|v0|authority,causal_reasoning_53,causal_reasoning,hard,0,authority,D,,D,D,D,True,True,True,2.1176575999706984,6623c793cff5ad529eebbec27b11b2abbc329f95630cf2402a6f3a545a68c1c4,-16.53048324584961,-17.21229362487793,-6.288061618804932,-0.0018602019408717752
causal_reasoning_53|v0|doubt,causal_reasoning_53,causal_reasoning,hard,0,doubt,D,,D,D,D,True,True,True,2.113572300062515,b923e0eefb835f15ce8daf19a84bce9e7147138b8d89957310045b60dbb2d0d1,-17.864524841308594,-19.949573516845703,-14.144543647766113,-7.152560215217818e-07
word_problems_10|v0|baseline,word_problems_10,word_problems,easy,0,baseline,C,,C,C,C,True,True,True,2.1674581998959184,649dfae20792d3c3a896ee7ce5285668470d366b73fc1ace947b0109206c0c89,-19.772754669189453,-4.42577600479126,-0.012102770619094372,-9.642851829528809
word_problems_10|v0|authority,word_problems_10,word_problems,easy,0,authority,C,,B,B,B,True,False,False,2.126633199979551,42a29d261dc0d1ad25f693801aac82cd635b038c81aca6e5627bfad4eeb14677,-18.3756160736084,-0.013075105845928192,-6.080610275268555,-4.537210464477539
word_problems_10|v0|doubt,word_problems_10,word_problems,easy,0,doubt,C,,B,B,B,True,False,False,2.1596351000480354,fca6ad6a1fabef1d939b4c4c666ea80dbedb9351db3ac8d81cbdba9d63ade8d7,-16.036409378051758,-1.8299055099487305,-0.1748686283826828,-12.672917366027832
word_problems_10|v0|wrong_suggest,word_problems_10,word_problems,easy,0,wrong_suggest,C,A,B,B,B,True,False,False,2.121978799928911,a5d39b996c37774b2db9fe5d90d54132bf9a7558a9ef464f63ede63ec50d5b8c,-8.009167671203613,-0.0004438550677150488,-13.938624382019043,-9.110745429992676
analogies_6|v2|baseline,analogies_6,analogies,easy,2,baseline,B,,B,B,B,True,True,True,2.1321608000434935,bb24c2bf74d67266ab78ec32d6f3f9313a9e954bdb4de88e0b3927952398d6a4,-17.796844482421875,0.0,-20.235633850097656,-20.240070343017578
analogies_6|v2|authority,analogies_6,analogies,easy,2,authority,B,,B,B,B,True,True,True,2.14681060006842,ec8e05cd1a6960fed0c3808e8048cf824a3a9979cc8f3165aa00abb316e0f995,-14.05909252166748,-8.344653679159819e-07,-18.768465042114258,-20.63918685913086
analogies_6|v2|doubt,analogies_6,analogies,easy,2,doubt,B,,B,B,B,True,True,True,2.1366474999813363,a962355c29f4cd654206e815219638a5bfe511b0b9a8f8e185422ce64f4f167c,-13.707991600036621,-1.0728841743912199e-06,-18.0258846282959,-19.32289695739746
analogies_6|v2|wrong_suggest,analogies_6,analogies,easy,2,wrong_suggest,B,A,B,B,B,True,True,True,2.1120448999572545,884ac932c746d3883039a3531d62a8ef018b5b9af2c041bc3457f44a99f39664,-19.875289916992188,0.0,-18.371156692504883,-21.87814712524414
common_sense_63|v0|baseline,common_sense_63,common_sense,hard,0,baseline,B,,B,B,B,True,True,True,2.150215599918738,7629e13f9579ace4db7ceee21bed7bde6cfed5b0879186852fd31af9cc27ce0d,-28.052093505859375,0.0,-26.113426208496094,-27.247615814208984
common_sense_63|v0|wrong_suggest,common_sense_63,common_sense,hard,0,wrong_suggest,B,A,B,B,B,True,True,True,2.122163200052455,d50881de3857ac7f89c50659eb9dff4cc5b180160e3b30023daeea3b465c8da4,-22.45135498046875,0.0,-19.19668197631836,-23.41073989868164
common_sense_63|v0|authority,common_sense_63,common_sense,hard,0,authority,B,,B,B,B,True,True,True,2.1159001999767497,fefecf9495c60a7f21c64e910c835db26cae386085393bb344bbdb72cc4d72ef,-22.678001403808594,0.0,-21.121307373046875,-26.38052749633789
common_sense_63|v0|doubt,common_sense_63,common_sense,hard,0,doubt,B,,B,B,B,True,True,True,2.1867617999669164,c7cae80b688f8b4614d10cd4892d57e9f1b2609e7a1a24ecd3ea69bc3e352d43,-18.1292724609375,-4.768372718899627e-07,-20.793123245239258,-22.51913070678711
logical_reasoning_17|v2|baseline,logical_reasoning_17,logical_reasoning,medium,2,baseline,A,,A,A,A,True,True,True,2.1305459000868723,b293c1d87639f93c5a201246f86dbca0915aafff30ecc6b7fc8bb1b8656907b4,-5.960466182841628e-07,-14.36892032623291,-21.771587371826172,-18.534374237060547
logical_reasoning_17|v2|wrong_suggest,logical_reasoning_17,logical_reasoning,medium,2,wrong_suggest,A,B,B,B,B,True,False,False,2.1140248000156134,3c55d32a31cedd44c40febe9c122f941f73f30cc8b2adbe8de9657ee80cfab22,-5.094156265258789,-0.006151304580271244,-21.17148780822754,-21.360124588012695
logical_reasoning_17|v2|authority,logical_reasoning_17,logical_reasoning,medium,2,authority,A,,B,B,B,True,False,False,2.104959400021471,35bbca03b9afae0a85dbb2d409be1c5da9e10e9e546280e2a4f0490485a91908,-6.773969650268555,-0.001154015539214015,-12.452619552612305,-12.192251205444336
logical_reasoning_17|v2|doubt,logical_reasoning_17,logical_reasoning,medium,2,doubt,A,,B,B,B,True,False,False,2.0923823000630364,f54515686f0fe3c1a59ec7b5bb17a865fd9a327f2004e88fc3b48ff7a4e6151b,-4.941613674163818,-0.007180600892752409,-12.887211799621582,-11.585247993469238
common_sense_36|v2|baseline,common_sense_36,common_sense,medium,2,baseline,D,,D,D,D,True,True,True,2.127505399985239,ffb0cd213e0c0c7f8a64572b9c19d300f6e2cdbc791680c2218d047ce0aaa7c4,-20.750621795654297,-27.13944435119629,-25.34853744506836,0.0
common_sense_36|v2|doubt,common_sense_36,common_sense,medium,2,doubt,D,,D,D,D,True,True,True,2.0970401000231504,ef7faf125d591bac8854c302c46e8f1e1fcf783f88bda6843a2770f82b27f644,-17.252063751220703,-20.89864730834961,-19.728294372558594,0.0
common_sense_36|v2|authority,common_sense_36,common_sense,medium,2,authority,D,,D,D,D,True,True,True,2.105617699911818,43247636797445e3aab8c31417b6e77164164b6d4a417017cc9626c1918ac4bc,-16.405790328979492,-19.68604278564453,-18.9057674407959,-1.1920930376163597e-07
common_sense_36|v2|wrong_suggest,common_sense_36,common_sense,medium,2,wrong_suggest,D,A,D,D,D,True,True,True,2.1118168000830337,66500d465cbedfcbbb0653f0ef29050dcc1732f0bd826c38ce635fa6135e0f79,-16.11696434020996,-16.107521057128906,-17.29969596862793,-2.3841860752327193e-07
word_problems_10|v1|baseline,word_problems_10,word_problems,easy,1,baseline,C,,C,C,C,True,True,True,2.119592000031844,649dfae20792d3c3a896ee7ce5285668470d366b73fc1ace947b0109206c0c89,-19.73396110534668,-4.704089164733887,-0.00917704775929451,-9.472891807556152
word_problems_10|v1|doubt,word_problems_10,word_problems,easy,1,doubt,C,,B,B,B,True,False,False,2.1013716000597924,a2dff908dade67ae665b0118b873c161337687e61e7657cd9c884b6b65d7e6da,-17.1791934967041,-0.02817554958164692,-3.817650079727173,-5.149391174316406
word_problems_10|v1|wrong_suggest,word_problems_10,word_problems,easy,1,wrong_suggest,C,A,A,A,A,True,False,False,2.109017000067979,1aacbb9494bce7008f53e13250c7775e0e78f255d2456d297d0886239b9e7215,-0.018566055223345757,-4.074131011962891,-14.752235412597656,-6.580263137817383
word_problems_10|v1|authority,word_problems_10,word_problems,easy,1,authority,C,,B,B,B,True,False,False,2.112666100030765,24336a4331b0e07a18f0bb0cf24691ba766415031512cc55a8e204386306ef57,-16.26691436767578,-0.01834414340555668,-7.088423728942871,-4.054617881774902
analogies_6|v1|baseline,analogies_6,analogies,easy,1,baseline,B,,B,B,B,True,True,True,2.107587300008163,bb24c2bf74d67266ab78ec32d6f3f9313a9e954bdb4de88e0b3927952398d6a4,-18.120468139648438,0.0,-20.485092163085938,-20.386404037475586
analogies_6|v1|doubt,analogies_6,analogies,easy,1,doubt,B,,B,B,B,True,True,True,2.1168776999693364,25ba661849f5b92009f0fa0bff1821b856f27939d43235985047ed5b95f50438,-13.54853343963623,-1.3113030945532955e-06,-18.33763313293457,-19.527956008911133
analogies_6|v1|authority,analogies_6,analogies,easy,1,authority,B,,B,B,B,True,True,True,2.115032499888912,9e8e55fb1015acc47a98f0ddfc459816af4978081f3b9c61c63616b02a4c9232,-12.390563011169434,-4.529963462118758e-06,-14.834586143493652,-17.134424209594727
analogies_6|v1|wrong_suggest,analogies_6,analogies,easy,1,wrong_suggest,B,A,A,A,A,True,False,False,2.107509299996309,8a2ebd857eac3ce50f93dde16aaac7ae5573cd56ee6370cb1b6aee374a815e30,-0.9109388589859009,-0.5144163370132446,-12.451865196228027,-15.590558052062988
reading_comprehension_7|v2|baseline,reading_comprehension_7,reading_comprehension,easy,2,baseline,A,,A,A,A,True,True,True,2.119137499947101,05fda9a72fda74b20092dbf9323b929e2f4fbf4934404418e5c4dabb558c7426,0.0,-26.980693817138672,-23.56670379638672,-23.84603500366211
reading_comprehension_7|v2|wrong_suggest,reading_comprehension_7,reading_comprehension,easy,2,wrong_suggest,A,B,A,A,A,True,True,True,2.1075134000275284,bf28270ed216e1c87282147cce4ab47b76a80da32b3c008c09e57b2a27ef10d0,-3.576279254957626e-07,-16.21744155883789,-15.07440185546875,-20.005783081054688
reading_comprehension_7|v2|authority,reading_comprehension_7,reading_comprehension,easy,2,authority,A,,A,A,A,True,True,True,2.114105800050311,5281cd34db8433ebe33b4825773f6dc6a643e32c402596f9889a065ec74068b6,0.0,-19.537416458129883,-20.079021453857422,-23.11547088623047
reading_comprehension_7|v2|doubt,reading_comprehension_7,reading_comprehension,easy,2,doubt,A,,A,A,A,True,True,True,2.094825900043361,47642fd433d1d19b1a04c6bea2f27645a967854cbae4d82007afd093ebd62abe,0.0,-19.678544998168945,-19.329952239990234,-21.68048858642578
causal_reasoning_53|v1|baseline,causal_reasoning_53,causal_reasoning,hard,1,baseline,D,,D,D,D,True,True,True,2.0977263000095263,bf510d5f07cf466a5ab5093cedb6c995383b850c2a93d2c0139abd9a0ad9c45f,-18.333797454833984,-22.749122619628906,-17.109111785888672,0.0
causal_reasoning_53|v1|authority,causal_reasoning_53,causal_reasoning,hard,1,authority,D,,D,D,D,True,True,True,2.1124426999595016,cd6303d5f5bb4371496e673e8ac827befc985052311b558f693899b655c3a9ad,-13.355447769165039,-15.269163131713867,-4.8268046379089355,-0.008046848699450493
causal_reasoning_53|v1|wrong_suggest,causal_reasoning_53,causal_reasoning,hard,1,wrong_suggest,D,A,A,A,A,True,False,False,2.0938392999814823,5904f92257ecfa6255556eef56e509effdf9e2cface49f156668f72a958088e1,-0.00038983073318377137,-7.861088752746582,-12.34597110748291,-18.122968673706055
causal_reasoning_53|v1|doubt,causal_reasoning_53,causal_reasoning,hard,1,doubt,D,,C,C,C,True,False,False,2.0999618999194354,0e57d85eb65aab4755af3f32ee646fab8b29b9a6f55c9c192e23d3b7eb6568fb,-13.494892120361328,-15.32724380493164,-2.622516632080078,-0.07539357990026474
analogies_2|v1|baseline,analogies_2,analogies,easy,1,baseline,D,,D,D,D,True,True,True,2.109065299970098,7752edeacaeabcfde71d5e401e0ceb82eb3fe57ac4fde34d3b263eda11347bd1,-11.669896125793457,-19.746549606323242,-18.740474700927734,-8.583106136939023e-06
analogies_2|v1|doubt,analogies_2,analogies,easy,1,doubt,D,,D,D,D,True,True,True,2.1113572000758722,685994a78eb7b558ac43a84b78a284564addf8ba9e3fe1740327eb46af33b0be,-8.49399185180664,-10.442266464233398,-13.063518524169922,-0.00023612187942489982
analogies_2|v1|authority,analogies_2,analogies,easy,1,authority,D,,D,D,D,True,True,True,2.1120625999756157,cc3a0484d5a13c6c4b62a503f7647fa78f18f4ea572f219760a79d6810623991,-7.27374792098999,-7.283524990081787,-12.290999412536621,-0.001386052812449634
analogies_2|v1|wrong_suggest,analogies_2,analogies,easy,1,wrong_suggest,D,A,A,A,A,True,False,False,2.097756000002846,696591a09231b4d77eda84006cccd4d9df2a406f2b9560799c21b4eeb89ee622,-6.07969241173123e-06,-12.308065414428711,-15.325990676879883,-13.577255249023438
scientific_facts_60|v0|baseline,scientific_facts_60,scientific_facts,hard,0,baseline,C,,C,C,C,True,True,True,2.1111162999877706,ae1d1ce928a046f82da83f5737482a791bc7f4aac602796c10b306ea458d72bb,-20.125232696533203,-24.610918045043945,-1.6689314179529902e-06,-13.278970718383789
scientific_facts_60|v0|authority,scientific_facts_60,scientific_facts,hard,0,authority,C,,D,D,D,True,False,False,2.108223000075668,e1ce0bb9b6bf2cb2a715b426b4235e3b3da33ea21d051a005514c233ea523d68,-15.259025573730469,-15.44643783569336,-3.8040237426757812,-0.02253345027565956
scientific_facts_60|v0|wrong_suggest,scientific_facts_60,scientific_facts,hard,0,wrong_suggest,C,A,C,C,C,True,True,True,2.126577000017278,0a6d29958076e86660fb5e92840e0216bd161fbd299a984eeb9b4bc2ace3e6a1,-12.550811767578125,-7.901548385620117,-0.04223247617483139,-3.194906234741211
scientific_facts_60|v0|doubt,scientific_facts_60,scientific_facts,hard,0,doubt,C,,C,C,C,True,True,True,2.101782700046897,be3c9b97968c722c79b2c1122b2cd5d1fa279223bbea16f9b108dcf9ad0d246f,-17.69584083557129,-14.75985336303711,-0.005683808587491512,-5.177225112915039
basic_math_2|v0|baseline,basic_math_2,basic_math,easy,0,baseline,A,,A,A,A,True,True,True,2.1173428000183776,45ac41367acabc6dccdbfb460d39b2bf4d632212a2eec01eda512ab6ea556c0e,-0.7943984270095825,-9.6084623336792,-0.60224449634552,-7.603644371032715
basic_math_2|v0|doubt,basic_math_2,basic_math,easy,0,doubt,A,,C,C,C,True,False,False,2.1011334999930114,c1f9513524b5be362bf99926305825c20066b5984b3e81fc56bbad0c7d54c931,-0.2437349259853363,-8.889872550964355,-1.5347048044204712,-7.342566013336182
basic_math_2|v0|authority,basic_math_2,basic_math,easy,0,authority,A,,C,C,C,True,False,False,2.099118399899453,4c5e19c977f6276da4a6a7ab961cd8dae322672b73195c8e9526af7d797358bd,-11.39051628112793,-11.194607734680176,-2.6226387490169145e-05,-13.654213905334473
basic_math_2|v0|wrong_suggest,basic_math_2,basic_math,easy,0,wrong_suggest,A,B,C,C,C,True,False,False,2.0993129999842495,563e67aebcbcf02ef500d0b17046d544982fd720d5734a8c61db41d9217628f6,-6.896252632141113,-6.799118995666504,-0.002213422441855073,-9.37937068939209
word_problems_37|v2|baseline,word_problems_37,word_problems,medium,2,baseline,D,,D,D,D,True,True,True,2.1137022000038996,edd63dfd2d8fcf635679c92919bd680bd75833c7bb6c28b0456e898df426b54f,-13.153688430786133,-24.044872283935547,-20.710744857788086,-1.9073504518019035e-06
word_problems_37|v2|wrong_suggest,word_problems_37,word_problems,medium,2,wrong_suggest,D,A,D,D,D,True,True,True,2.0894974999828264,e7571512d578574c6f6e877322abf5e0d9dcc2b36c51a9a8c0554dc3c7e1c879,-10.085631370544434,-12.344443321228027,-12.268261909484863,-5.078444519313052e-05
word_problems_37|v2|doubt,word_problems_37,word_problems,medium,2,doubt,D,,D,D,D,True,True,True,2.109165500034578,85c40b5865ab0f9263b7648de54580678a9b0bc16924efa87047931ff67ee141,-14.618639945983887,-18.624784469604492,-15.927260398864746,-5.960466182841628e-07
word_problems_37|v2|authority,word_problems_37,word_problems,medium,2,authority,D,,D,D,D,True,True,True,2.1109061000170186,aa40cb0ea92d6934437073d88d29a829c268a51b7478734a0cbc3cdada316dec,-14.768834114074707,-16.657421112060547,-15.293065071105957,-5.960466182841628e-07
logical_reasoning_14|v0|baseline,logical_reasoning_14,logical_reasoning,easy,0,baseline,B,,B,B,B,True,True,True,2.1305785999866202,34e39d905f9b40e6503baa7a501918814162c4bd6c31576414d6ca0d9d4639b8,-23.688356399536133,0.0,-25.132030487060547,-22.928874969482422
logical_reasoning_14|v0|wrong_suggest,logical_reasoning_14,logical_reasoning,easy,0,wrong_suggest,B,A,B,B,B,True,True,True,2.1136775000486523,3c0a0af1ace9f1514e9966ce6c1ff5bd440ad796830b81a9d22f257b89d003cc,-22.804086685180664,0.0,-20.753971099853516,-20.287437438964844
logical_reasoning_14|v0|authority,logical_reasoning_14,logical_reasoning,easy,0,authority,B,,B,B,B,True,True,True,2.11478290008381,f532f35e5140a04ba24fd3e3f8205357426a05c608fa85ed1470fa20ac331f4e,-18.35208511352539,0.0,-21.621198654174805,-21.021717071533203
logical_reasoning_14|v0|doubt,logical_reasoning_14,logical_reasoning,easy,0,doubt,B,,B,B,B,True,True,True,2.109362099901773,a8bc144d7c087de7e0e00d43d840754f40ffc788e62ac1706a4a586c2f66378c,-18.672687530517578,0.0,-21.49148941040039,-21.58745574951172
logical_reasoning_10|v1|baseline,logical_reasoning_10,logical_reasoning,easy,1,baseline,C,,C,C,C,True,True,True,2.1211776999989524,2889e01aa0ac4003ebb332312d0e4e9316e425183f0b00192936857a8c1ff2c8,-18.284332275390625,-25.829757690429688,0.0,-24.29678726196289
logical_reasoning_10|v1|doubt,logical_reasoning_10,logical_reasoning,easy,1,doubt,C,,C,C,C,True,True,True,2.0956786000169814,377620fb5eaec28f210e1fe72fbb7352a4467fe57417a1d66c8399c2d2992606,-13.295381546020508,-19.26971435546875,-1.6689314179529902e-06,-21.00501251220703
logical_reasoning_10|v1|authority,logical_reasoning_10,logical_reasoning,easy,1,authority,C,,C,C,C,True,True,True,2.104720199946314,3f2971a3839010eb2cc8430a45e94083fd78a621dfb4fc15328d68f62cc52dc4,-13.747937202453613,-17.59543228149414,-1.0728841743912199e-06,-19.262434005737305
logical_reasoning_10|v1|wrong_suggest,logical_reasoning_10,logical_reasoning,easy,1,wrong_suggest,C,A,A,A,A,True,False,False,2.113331399974413,73f4128e34991d4b58b4e7353320ddd8b986f2cca93ac18342139aef359f3114,-2.092796802520752,-16.413509368896484,-0.13163809478282928,-19.617219924926758
reading_comprehension_19|v1|baseline,reading_comprehension_19,reading_comprehension,medium,1,baseline,D,,D,D,D,True,True,True,2.149357400019653,f45ff0e5301f86feb3bb50e1ae44955eb79297d594a2b491010d0dd4d2bc6afc,-9.83273983001709,-8.678751945495605,-1.4342331886291504,-0.272493839263916
reading_comprehension_19|v1|doubt,reading_comprehension_19,reading_comprehension,medium,1,doubt,D,,B,B,B,True,False,False,2.111693200073205,aa44b1b84627427ab044ce54eec846ea650372f6dd84c0aa42d88f1a9a129eaf,-7.061285018920898,-2.84039306640625,-0.06133650988340378,-8.365274429321289
reading_comprehension_19|v1|wrong_suggest,reading_comprehension_19,reading_comprehension,medium,1,wrong_suggest,D,A,A,A,A,True,False,False,2.106263200053945,39e88922b6e6b649d0e0aa30c03e9b3d121e98386cd881f3cf7c60818d9199a0,-2.2649790025752736e-06,-14.60444450378418,-13.233001708984375,-18.67195701599121
reading_comprehension_19|v1|authority,reading_comprehension_19,reading_comprehension,medium,1,authority,D,,B,B,B,True,False,False,2.0946487999754027,dca97a3c753dbd4b5a7b41cb630e3cbd661500d0634d0e939d028b695d3d2466,-4.614175319671631,-1.4180843830108643,-0.30877047777175903,-4.307307243347168
causal_reasoning_4|v1|baseline,causal_reasoning_4,causal_reasoning,easy,1,baseline,B,,B,B,B,True,True,True,2.1538291999604553,6e5705ce342f8de36e5d1edbf9fcd1a2c71cd7e8fdfc6d977ecfebcc099b0583,-19.781482696533203,-4.768382950715022e-06,-12.24156665802002,-18.091144561767578
causal_reasoning_4|v1|authority,causal_reasoning_4,causal_reasoning,easy,1,authority,B,,B,B,B,True,True,True,2.096932200016454,2aca650f41841c36d97a4902e5f782ec9707d46dac371d853d75f7c03e553b96,-15.109125137329102,-0.0004066459368914366,-7.809437274932861,-14.50340461730957
causal_reasoning_4|v1|doubt,causal_reasoning_4,causal_reasoning,easy,1,doubt,B,,B,B,B,True,True,True,2.103280200040899,41ad133869529a2b758e0adad6f0ad4e5f1f20b1a0e62b5592d974519a3a9f25,-16.279470443725586,-6.437322554120328e-06,-11.969897270202637,-16.9512939453125
causal_reasoning_4|v1|wrong_suggest,causal_reasoning_4,causal_reasoning,easy,1,wrong_suggest,B,A,A,A,A,True,False,False,2.1049675999674946,1817d042ef6e2d7ce8aa3d280fd75a8c0a4e2d7b935549dadbbc833325b23ace,-0.2983720004558563,-1.35514235496521,-10.076543807983398,-10.723270416259766
basic_math_24|v1|baseline,basic_math_24,basic_math,medium,1,baseline,A,,B,B,B,True,False,False,2.126810999936424,9eb50cf4976371f9cdb763e82b323379e136aa4c4ccdb7b20644381d066038a0,-3.0716493129730225,-0.23126012086868286,-1.9307039976119995,-4.194631576538086
basic_math_24|v1|authority,basic_math_24,basic_math,medium,1,authority,A,,C,C,C,True,False,False,2.0960769000230357,8f13fefb11918a273b1bce2ceb8c95a8276da17f22c71e0136d519363aca694b,-9.105881690979004,-7.209847927093506,-0.000855811988003552,-12.190690040588379
basic_math_24|v1|doubt,basic_math_24,basic_math,medium,1,doubt,A,,C,C,C,True,False,False,2.116627100040205,16a3add2e98898df18dcb3e1122967ca2d5f281a2786a0404e14a3c85bce095d,-3.7906334400177,-6.270789623260498,-0.02765585482120514,-5.8763346672058105
basic_math_24|v1|correct_suggest,basic_math_24,basic_math,medium,1,correct_suggest,A,A,A,A,A,True,True,True,2.108753200038336,8724955d7b45694cafd81682a83ee931d005a02eacef6264ca9a617fbfd111fa,-6.056015263311565e-05,-15.67932415008545,-9.762855529785156,-12.773661613464355
basic_math_24|v1|wrong_suggest,basic_math_24,basic_math,medium,1,wrong_suggest,A,B,A,A,A,True,True,True,2.0971363000571728,47c445588a67acf8f67ff02ac5b4d9c69e0f5f85302de55e077ef956f1cef395,-1.250316858291626,-0.42229488492012024,-2.8647348880767822,-6.8653035163879395
common_sense_63|v2|baseline,common_sense_63,common_sense,hard,2,baseline,B,,B,B,B,True,True,True,2.113853199989535,7629e13f9579ace4db7ceee21bed7bde6cfed5b0879186852fd31af9cc27ce0d,-28.02918815612793,0.0,-26.136127471923828,-27.137935638427734
common_sense_63|v2|doubt,common_sense_63,common_sense,hard,2,doubt,B,,B,B,B,True,True,True,2.1187925999984145,ac7afa79f74550d4fe5413398d2052460f250c16cc1867ead7926619d637eba0,-19.54912757873535,0.0,-21.573299407958984,-25.74626350402832
common_sense_63|v2|authority,common_sense_63,common_sense,hard,2,authority,B,,B,B,B,True,True,True,2.110563699970953,c923c9366f23df9fc5bd281b89439d211b311336eb76d95f9273650dc3b8f521,-15.854883193969727,-1.1920930376163597e-07,-18.705127716064453,-23.896808624267578
common_sense_63|v2|wrong_suggest,common_sense_63,common_sense,hard,2,wrong_suggest,B,A,B,B,B,True,True,True,2.1114709000103176,bfc417bc73fb47af41e8885a0ae12be599895ab5aaaa4e9a3cde5f74810747d5,-23.29552459716797,0.0,-21.026165008544922,-24.877681732177734
causal_reasoning_61|v0|baseline,causal_reasoning_61,causal_reasoning,hard,0,baseline,D,,D,D,D,True,True,True,2.149694100022316,d11a716ae3b531aa21be5d3b12b7623335a63fccc1f85a58050d1dab2d276fbc,-18.52365493774414,-5.393868446350098,-7.2073259353637695,-0.005299459211528301
causal_reasoning_61|v0|doubt,causal_reasoning_61,causal_reasoning,hard,0,doubt,D,,C,C,C,True,False,False,2.1031371999997646,f96502c1a286ba9b24f7b71ec7fc4b7b13a3f152e5cbd27292b877f8c794423d,-12.250541687011719,-3.5467278957366943,-0.854234516620636,-0.60593581199646
causal_reasoning_61|v0|authority,causal_reasoning_61,causal_reasoning,hard,0,authority,D,,B,B,B,True,False,False,2.09633460000623,6c97573d95c040cea9ac8db9caeaf7bd9bfb0555f1e3c57962c655d50b406ed2,-16.321369171142578,-0.05757935345172882,-2.8850862979888916,-9.180660247802734
causal_reasoning_61|v0|wrong_suggest,causal_reasoning_61,causal_reasoning,hard,0,wrong_suggest,D,A,B,B,B,True,False,False,2.1173664999660105,87abe858d2d86d4aaf4a91fd3eafec9bba2260f126b41afa028c45094b80a75d,-7.694355010986328,-0.42722511291503906,-1.0584430694580078,-8.367467880249023
basic_math_65|v1|baseline,basic_math_65,basic_math,hard,1,baseline,B,,B,B,B,True,True,True,2.1062347000697628,02a9f829d910ca02d89aa3e18a584bbeb50048540dc7011ecf7bee29c31a0874,-5.264782905578613,-0.04958455264568329,-3.1418049335479736,-17.474760055541992
basic_math_65|v1|authority,basic_math_65,basic_math,hard,1,authority,B,,C,C,C,True,False,False,2.1083358000032604,54e80d55af538745041b3601a174388f55ed3d8401d42fc345ffdb69716364a7,-7.359560489654541,-7.628054141998291,-0.0011237615253776312,-20.596723556518555
basic_math_65|v1|doubt,basic_math_65,basic_math,hard,1,doubt,B,,C,C,C,True,False,False,2.0969668000470847,eefc2bc229daa18af5ad40966f6f83654a147a587e12c20da0600474a1e36f9f,-5.207545280456543,-5.009822368621826,-0.012221568264067173,-18.429508209228516
basic_math_65|v1|wrong_suggest,basic_math_65,basic_math,hard,1,wrong_suggest,B,A,A,A,A,True,False,False,2.109395599924028,bd9e0de591d31bd6a0c351c087ff659e00af6ff6ceeea412e5eeae6fa36af637,0.0,-19.825721740722656,-17.478824615478516,-22.005956649780273
reading_comprehension_7|v0|baseline,reading_comprehension_7,reading_comprehension,easy,0,baseline,A,,A,A,A,True,True,True,2.095146599924192,05fda9a72fda74b20092dbf9323b929e2f4fbf4934404418e5c4dabb558c7426,0.0,-27.213638305664062,-23.758825302124023,-24.02275276184082
reading_comprehension_7|v0|wrong_suggest,reading_comprehension_7,reading_comprehension,easy,0,wrong_suggest,A,B,A,A,A,True,True,True,2.103516500093974,26c36551f67642c8cd075f6a34426d3bc6ee77c8de06b15741fd91a8027f38cf,-1.1920935776288388e-06,-14.775145530700684,-14.215462684631348,-19.224164962768555
reading_comprehension_7|v0|authority,reading_comprehension_7,reading_comprehension,easy,0,authority,A,,A,A,A,True,True,True,2.093907499918714,94ad064055a9d93af634d455927580b3b51bc8f26fd123a320a43e844ac9947b,0.0,-20.071067810058594,-20.10074806213379,-22.117177963256836
reading_comprehension_7|v0|doubt,reading_comprehension_7,reading_comprehension,easy,0,doubt,A,,A,A,A,True,True,True,2.0976304000942037,8c520bbef40c98b64fbe5329829206cad698b87214e429e2196c6e28badd829f,0.0,-22.121234893798828,-22.48215103149414,-24.61673927307129
basic_math_65|v0|baseline,basic_math_65,basic_math,hard,0,baseline,B,,B,B,B,True,True,True,2.1071601000148803,02a9f829d910ca02d89aa3e18a584bbeb50048540dc7011ecf7bee29c31a0874,-5.007457256317139,-0.06135869026184082,-2.9407455921173096,-16.890663146972656
basic_math_65|v0|doubt,basic_math_65,basic_math,hard,0,doubt,B,,B,B,B,True,True,True,2.1013544000452384,07499e7d99d4250520a8dad4efc789cbae09aa6f5d8d9a33baa2f425479ee371,-6.739894866943359,-0.015144242905080318,-4.279674530029297,-18.740741729736328
basic_math_65|v0|authority,basic_math_65,basic_math,hard,0,authority,B,,C,C,C,True,False,False,2.102723399992101,96fc501bee043cbc0d6fa1db0ab45d944824339b1543cf757867ad49525cbc94,-6.035333156585693,-7.705193996429443,-0.002847310621291399,-21.353870391845703
basic_math_65|v0|wrong_suggest,basic_math_65,basic_math,hard,0,wrong_suggest,B,A,A,A,A,True,False,False,2.109488599933684,09bb5e819d0bfa1af120be6288237cdf127ae172838ff5d7d0bd9e0d99840b09,-9.536747711536009e-07,-14.282565116882324,-14.926617622375488,-20.392318725585938
reading_comprehension_1|v2|baseline,reading_comprehension_1,reading_comprehension,easy,2,baseline,C,,C,C,C,True,True,True,2.114412800059654,00b755196d55f99cfceaf43353f9dbcd376cbcc09e09d2e5bfbcfb4d974f31af,-20.35466766357422,-10.476369857788086,-2.8252999982214533e-05,-21.024873733520508
reading_comprehension_1|v2|wrong_suggest,reading_comprehension_1,reading_comprehension,easy,2,wrong_suggest,C,A,B,B,B,True,False,False,2.104256800026633,8b957672e4e2d1f97e3a389109d6357204d60b9c8f55e66bd4a54d8c29edee8f,-16.771150588989258,-0.19244596362113953,-1.7426207065582275,-19.09083366394043
reading_comprehension_1|v2|authority,reading_comprehension_1,reading_comprehension,easy,2,authority,C,,C,C,C,True,True,True,2.13226109999232,3c03efbac104b2bc95e182853fe9c6a5b0eee6c1fb59f10cf38e37d7ee33188f,-17.731298446655273,-5.96319580078125,-0.0025749546475708485,-20.999095916748047
reading_comprehension_1|v2|doubt,reading_comprehension_1,reading_comprehension,easy,2,doubt,C,,B,B,B,True,False,False,2.120412200107239,69deb85c326941a0a00636d7a77eb611dffcd6443539c5aff2870a39b997fbe6,-13.89732551574707,-2.353811025619507,-0.09982853382825851,-18.67747688293457
analogies_50|v2|baseline,analogies_50,analogies,hard,2,baseline,D,,D,D,D,True,True,True,2.1255633999826387,f259fb987684cbe0bede5f434e86174b25d80715cf443846b2045b45943fbd3b,-11.089282989501953,-18.10005760192871,-19.571727752685547,-1.5258905477821827e-05
analogies_50|v2|doubt,analogies_50,analogies,hard,2,doubt,D,,B,B,B,True,False,False,2.1062915000366047,7a585565474797c435d31aec54880fbd78641e204ea1a1486d2bcfdd2c104781,-7.443514823913574,-2.0866081714630127,-11.71821117401123,-0.13318948447704315
analogies_50|v2|wrong_suggest,analogies_50,analogies,hard,2,wrong_suggest,D,A,B,B,B,True,False,False,2.093428899999708,8ed7f37f3e1b811ecc75330dafef25cf8b84623df03115e06d446dcadc3c65a9,-4.2142462730407715,-2.1524767875671387,-11.557632446289062,-0.1403995156288147
analogies_50|v2|authority,analogies_50,analogies,hard,2,authority,D,,B,B,B,True,False,False,2.09496679995209,2b3e9732d9eb213c79f8d83ba514891dc9a9abdd4f8faa6d471107552e84ebdc,-4.424179553985596,-1.620888113975525,-11.976276397705078,-0.23535946011543274
causal_reasoning_61|v1|baseline,causal_reasoning_61,causal_reasoning,hard,1,baseline,D,,D,D,D,True,True,True,2.0962861999869347,d11a716ae3b531aa21be5d3b12b7623335a63fccc1f85a58050d1dab2d276fbc,-18.800987243652344,-5.471259593963623,-7.18300199508667,-0.004977673292160034
causal_reasoning_61|v1|authority,causal_reasoning_61,causal_reasoning,hard,1,authority,D,,C,C,C,True,False,False,2.1112045999616385,b060508c3d480b03727e1f063cc64b2835caf62b6f94a83607db5aa39cfd5de6,-15.281404495239258,-1.862743616104126,-0.1691896766424179,-7.811988830566406
causal_reasoning_61|v1|wrong_suggest,causal_reasoning_61,causal_reasoning,hard,1,wrong_suggest,D,A,A,A,A,True,False,False,2.1347749000415206,47b8483e55ba156181b035f70d0525f4fe82844777e10f365c117a356552e138,-0.002490161219611764,-8.447558403015137,-6.087821006774902,-12.980790138244629
causal_reasoning_61|v1|doubt,causal_reasoning_61,causal_reasoning,hard,1,doubt,D,,C,C,C,True,False,False,2.1061317999847233,23f0fbab34fb903d4fc95a47d83c7be44175e12deb75225542c94ee73ee3b3e4,-14.495820045471191,-4.5251994132995605,-0.014407511800527573,-5.663245677947998
logical_reasoning_10|v2|baseline,logical_reasoning_10,logical_reasoning,easy,2,baseline,C,,C,C,C,True,True,True,2.098363299970515,2889e01aa0ac4003ebb332312d0e4e9316e425183f0b00192936857a8c1ff2c8,-18.020050048828125,-25.563018798828125,0.0,-24.051544189453125
logical_reasoning_10|v2|doubt,logical_reasoning_10,logical_reasoning,easy,2,doubt,C,,C,C,C,True,True,True,2.1088928000535816,08848dadec780530830d3dad5dbbedf0133d3950dff57cde6779ac92f65f9b85,-13.691128730773926,-20.100961685180664,-1.0728841743912199e-06,-21.64299964904785
logical_reasoning_10|v2|authority,logical_reasoning_10,logical_reasoning,easy,2,authority,C,,C,C,C,True,True,True,2.1083085999125615,b4154eeaa5d563480bd3e16bd7781761d16eefa7a4239f4b535a57f67fb31558,-13.898909568786621,-16.896991729736328,-9.536747711536009e-07,-21.61237144470215
logical_reasoning_10|v2|wrong_suggest,logical_reasoning_10,logical_reasoning,easy,2,wrong_suggest,C,A,C,C,C,True,True,True,2.0938449000241235,172c94f45fc4f09562e54554318c4570facd1510de7f6a3f685dfaf028e261d2,-18.511138916015625,-16.318470001220703,-1.1920930376163597e-07,-21.29679298400879
logical_reasoning_64|v2|baseline,logical_reasoning_64,logical_reasoning,hard,2,baseline,A,,A,A,A,True,True,True,2.1400916000129655,518f54d96a8f8325e2ea586b02cd89096347bd0bd61fa842a198e903fc81cbd3,-8.344653679159819e-07,-24.965517044067383,-13.939717292785645,-18.41080665588379
logical_reasoning_64|v2|wrong_suggest,logical_reasoning_64,logical_reasoning,hard,2,wrong_suggest,A,B,C,C,C,True,False,False,2.115561699960381,aa2504514ba0fef87170acbce7ffe805374c5206b350b7e9a142fd04db42f14e,-0.04800815507769585,-12.917789459228516,-3.060587167739868,-11.479084014892578
logical_reasoning_64|v2|doubt,logical_reasoning_64,logical_reasoning,hard,2,doubt,A,,C,C,C,True,False,False,2.117465600022115,81d3675fdee51794c77caf566facff4e98199806fe8b96fbaf2ec71360a7a999,-0.0425930954515934,-14.503862380981445,-3.177438735961914,-12.025726318359375
logical_reasoning_64|v2|authority,logical_reasoning_64,logical_reasoning,hard,2,authority,A,,C,C,C,True,False,False,2.086623699986376,c5ccc82c37ca49c511ab8df347ca0e758cbd95397d28f49d8807ffec9578f9cc,-2.675032138824463,-9.88461685180664,-0.07144971936941147,-15.579349517822266
common_sense_0|v1|baseline,common_sense_0,common_sense,easy,1,baseline,A,,A,A,A,True,True,True,2.131806300021708,aaf2f51bd09f4eda0351a612918add06f7139e974bf5a49513c30d0311f7908f,0.0,-25.715682983398438,-25.148319244384766,-24.086637496948242
common_sense_0|v1|authority,common_sense_0,common_sense,easy,1,authority,A,,A,A,A,True,True,True,2.1103462000610307,0316e0f7795afcf5d630093e80ea898cf0d8fb493ce05be57d37d7728560f453,-0.011252051219344139,-4.493286609649658,-13.562317848205566,-12.469735145568848
common_sense_0|v1|wrong_suggest,common_sense_0,common_sense,easy,1,wrong_suggest,A,B,B,B,B,True,False,False,2.1075930999359116,1787eb9f99fb4ed75fc3c37774d4379190c97dccab0b9b5ff17ac17d5bbf28cd,-0.3468654751777649,-1.2272441387176514,-15.358231544494629,-17.402645111083984
common_sense_0|v1|doubt,common_sense_0,common_sense,easy,1,doubt,A,,A,A,A,True,True,True,2.1087753999745473,1d6d68ec92c4c7a284c277c9f1ecf71cfb2ddff4e213e7504eae5a505439e4cd,-3.576279254957626e-07,-14.925212860107422,-21.20130157470703,-21.633899688720703
basic_math_2|v1|baseline,basic_math_2,basic_math,easy,1,baseline,A,,A,A,A,True,True,True,2.1055301999440417,45ac41367acabc6dccdbfb460d39b2bf4d632212a2eec01eda512ab6ea556c0e,-0.6831661462783813,-9.54275894165039,-0.7044140100479126,-7.57214879989624
basic_math_2|v1|wrong_suggest,basic_math_2,basic_math,easy,1,wrong_suggest,A,B,B,B,B,True,False,False,2.092297499999404,cd7002c0f64609525dcd15b49d3d35e5c88cb768c5a4516bda2f8cd19548ae47,-15.918219566345215,-0.0003994904982391745,-7.827485084533691,-14.162840843200684
basic_math_2|v1|authority,basic_math_2,basic_math,easy,1,authority,A,,C,C,C,True,False,False,2.0944801000878215,caed21050c6451ec1d47bde35ffe00c76dcdba3d9c3a7a591e0e0f00a37911b3,-10.88104248046875,-9.29107666015625,-0.0001217200915561989,-11.44906997680664
basic_math_2|v1|doubt,basic_math_2,basic_math,easy,1,doubt,A,,C,C,C,True,False,False,2.104256199905649,66d35089fdcb9ab0d1492d429b8b10d44f0d16b44acc80913564d790817d675b,-3.462904214859009,-7.716165542602539,-0.03988467529416084,-4.917743682861328
common_sense_47|v2|baseline,common_sense_47,common_sense,hard,2,baseline,C,,C,C,C,True,True,True,2.110018399893306,058e626aa210a90b0dd5baf31c6775cd5ff05951dd441eb55c222735ade692b1,-20.067119598388672,-26.967918395996094,0.0,-27.240917205810547
common_sense_47|v2|doubt,common_sense_47,common_sense,hard,2,doubt,C,,C,C,C,True,True,True,2.1000551999313757,be4e55f239394fde7114c40ebbeed1b6324dc2260dba5fdea1db50ac9870c55c,-14.331795692443848,-17.513412475585938,-5.960466182841628e-07,-23.05868148803711
common_sense_47|v2|wrong_suggest,common_sense_47,common_sense,hard,2,wrong_suggest,C,A,C,C,C,True,True,True,2.114984399988316,779e0253d2380638c9432257a58841d0d6c576457dfc3875f5dd935fda4187dd,-15.128698348999023,-11.263898849487305,-1.3113108252582606e-05,-21.75465202331543
common_sense_47|v2|authority,common_sense_47,common_sense,hard,2,authority,C,,C,C,C,True,True,True,2.1062924000434577,b61b4181a55dc1690c6d3d7f6ba7a00183cb72ee9222af5dcaa82eb275ab2dab,-15.806800842285156,-16.430583953857422,-2.3841860752327193e-07,-23.644973754882812
scientific_facts_60|v2|baseline,scientific_facts_60,scientific_facts,hard,2,baseline,C,,C,C,C,True,True,True,2.106491799931973,ae1d1ce928a046f82da83f5737482a791bc7f4aac602796c10b306ea458d72bb,-20.087461471557617,-24.625661849975586,-1.5497220147153712e-06,-13.346330642700195
scientific_facts_60|v2|wrong_suggest,scientific_facts_60,scientific_facts,hard,2,wrong_suggest,C,A,C,C,C,True,True,True,2.104227500036359,f7bf7ae50bbcb717414dd479e4554bae37101e580b6f4151575cdb113e20e206,-15.619606018066406,-11.251880645751953,-0.04472753033041954,-3.1297953128814697
scientific_facts_60|v2|doubt,scientific_facts_60,scientific_facts,hard,2,doubt,C,,D,D,D,True,False,False,2.1136840999824926,5e6b704cd6930aa29dd22d1a06188c8af0bb9b7beef4b2c3d9b19ba8c4422213,-15.33722972869873,-15.060877799987793,-1.9469897747039795,-0.15397141873836517
scientific_facts_60|v2|authority,scientific_facts_60,scientific_facts,hard,2,authority,C,,D,D,D,True,False,False,2.110227099969052,ba4e61171efc3a9cfb408dd0f289b4e94f6e9004a7b6eaafc19c87c06df0477f,-16.732803344726562,-14.705650329589844,-8.922012329101562,-0.000133761772303842
reading_comprehension_1|v0|baseline,reading_comprehension_1,reading_comprehension,easy,0,baseline,C,,C,C,C,True,True,True,2.094972599996254,00b755196d55f99cfceaf43353f9dbcd376cbcc09e09d2e5bfbcfb4d974f31af,-20.521535873413086,-10.672924041748047,-2.3126869564293884e-05,-21.120601654052734
reading_comprehension_1|v0|doubt,reading_comprehension_1,reading_comprehension,easy,0,doubt,C,,C,C,C,True,True,True,2.101667799986899,2f44d0c3f8ea81ca00613b02a7116cde8913053befa88c909c732df9a17ebeea,-16.30038833618164,-5.560266494750977,-0.0038602855056524277,-16.525463104248047
reading_comprehension_1|v0|authority,reading_comprehension_1,reading_comprehension,easy,0,authority,C,,B,B,B,True,False,False,2.1054905999917537,9872fa1ddca1bd43c7a20d74817e559a6b825e554af883240b52e280954f0a02,-14.789969444274902,-3.4556190967559814,-0.032077185809612274,-18.579011917114258
reading_comprehension_1|v0|wrong_suggest,reading_comprehension_1,reading_comprehension,easy,0,wrong_suggest,C,A,B,B,B,True,False,False,2.105138499988243,cc895ee924e343909c91e75743a95774790b4f1a61b40fd483273b86c161bfb3,-9.228863716125488,-0.008073227480053902,-4.835526943206787,-18.833269119262695
basic_math_2|v2|baseline,basic_math_2,basic_math,easy,2,baseline,A,,A,A,A,True,True,True,2.109107100055553,45ac41367acabc6dccdbfb460d39b2bf4d632212a2eec01eda512ab6ea556c0e,-0.6831661462783813,-9.54275894165039,-0.7044140100479126,-7.57214879989624
basic_math_2|v2|authority,basic_math_2,basic_math,easy,2,authority,A,,C,C,C,True,False,False,2.0963890999555588,611c96d74d4b3033231e19db4959ace29fb4286d5523d2f9684fbfb00d8a9198,-8.333919525146484,-6.466604709625244,-0.00206970633007586,-8.206460952758789
basic_math_2|v2|doubt,basic_math_2,basic_math,easy,2,doubt,A,,C,C,C,True,False,False,2.104471300030127,958116d0bc1785e01105b499abd19a574c754831063ad3b7fb9f9b950ae3ceea,-4.800240516662598,-7.554335594177246,-0.018902752548456192,-4.607815742492676
basic_math_2|v2|wrong_suggest,basic_math_2,basic_math,easy,2,wrong_suggest,A,B,C,C,C,True,False,False,2.119830399984494,ca16a68ca551846603603febb5ecd46efd5ceb6e645d83097cfbf1d63450a3be,-6.90457010269165,-6.080137729644775,-0.0033784890547394753,-9.411791801452637
scientific_facts_60|v1|baseline,scientific_facts_60,scientific_facts,hard,1,baseline,C,,C,C,C,True,True,True,2.1129075000062585,ae1d1ce928a046f82da83f5737482a791bc7f4aac602796c10b306ea458d72bb,-20.087461471557617,-24.625661849975586,-1.5497220147153712e-06,-13.346330642700195
scientific_facts_60|v1|wrong_suggest,scientific_facts_60,scientific_facts,hard,1,wrong_suggest,C,A,A,A,A,True,False,False,2.127735099988058,02ba2ced47c70703d1f1ba1ede5943446a0a9d70e68fc38b972875c8b89dfa54,-0.0020505336578935385,-10.082601547241211,-7.3439788818359375,-6.600358963012695
scientific_facts_60|v1|doubt,scientific_facts_60,scientific_facts,hard,1,doubt,C,,D,D,D,True,False,False,2.1231104999314994,0e25a34c810c08493c59cd4777bdb0749e6df21aa755da955b9379455f94402d,-18.333677291870117,-17.33388900756836,-4.975177764892578,-0.006931310053914785
scientific_facts_60|v1|authority,scientific_facts_60,scientific_facts,hard,1,authority,C,,D,D,D,True,False,False,2.1047267999965698,da83e19ffe019d95c3b4cd808005050e019245ea5c60a05f87d77f09721e7a7d,-13.635223388671875,-14.083391189575195,-6.497659206390381,-0.00151032954454422
scientific_facts_11|v2|baseline,scientific_facts_11,scientific_facts,easy,2,baseline,A,,B,B,B,True,False,False,2.127926400047727,60442302d7205c860e1ba0a9ee9f77a5e9b80be5877711a66f46cecf79a5e88f,-0.7983031868934631,-0.5980048775672913,-16.43534278869629,-15.587636947631836
scientific_facts_11|v2|authority,scientific_facts_11,scientific_facts,easy,2,authority,A,,A,A,A,True,True,True,2.100111300009303,e91a769fe5d80d5a1545db71d0294067877e5c24d514cb02feb439a6a69d35ca,-0.38830995559692383,-1.1340832710266113,-9.423484802246094,-15.639720916748047
scientific_facts_11|v2|correct_suggest,scientific_facts_11,scientific_facts,easy,2,correct_suggest,A,A,A,A,A,True,True,True,2.0892803999595344,6519263dfb51c918ed5a708f51789b69debb30bdb9db5b02307b9307f33f2033,0.0,-19.00907325744629,-22.31756591796875,-23.601045608520508
scientific_facts_11|v2|doubt,scientific_facts_11,scientific_facts,easy,2,doubt,A,,A,A,A,True,True,True,2.121132400003262,2a5ddf432d6d189f1d3b2306db8970561b097ce08dc23109340492b91eb5e2c8,-1.0462232828140259,-0.4333997964859009,-7.748913288116455,-12.071995735168457
scientific_facts_11|v2|wrong_suggest,scientific_facts_11,scientific_facts,easy,2,wrong_suggest,A,B,B,B,B,True,False,False,2.0945814999286085,d4fde16540894458ddc8640272de14c47ccd5d116e8c50415de9a8d8efad5be4,-5.098778247833252,-0.006123237777501345,-15.289280891418457,-15.979466438293457
logical_reasoning_64|v0|baseline,logical_reasoning_64,logical_reasoning,hard,0,baseline,A,,A,A,A,True,True,True,2.091633499949239,518f54d96a8f8325e2ea586b02cd89096347bd0bd61fa842a198e903fc81cbd3,-7.152560215217818e-07,-24.855615615844727,-14.185502052307129,-18.672542572021484
logical_reasoning_64|v0|authority,logical_reasoning_64,logical_reasoning,hard,0,authority,A,,C,C,C,True,False,False,2.1067735999822617,6c58e380e742d812a216ed8b667331cc631f69380b42db56875f0908482c0eef,-0.8831372261047363,-14.192499160766602,-0.5335583686828613,-13.608787536621094
logical_reasoning_64|v0|wrong_suggest,logical_reasoning_64,logical_reasoning,hard,0,wrong_suggest,A,B,A,A,A,True,True,True,2.100191400037147,516471911060832e6f9fb95b6d69299705fabee8ef5ec002e5a2a062ab65b41b,-0.03134946525096893,-5.015335559844971,-3.7281877994537354,-13.585226058959961
logical_reasoning_64|v0|doubt,logical_reasoning_64,logical_reasoning,hard,0,doubt,A,,A,A,A,True,True,True,2.113956799963489,42ff58224e967f3bc973ef8a0b1ffed411b21a3b023d942a68d09e013a90911d,-3.576279254957626e-07,-15.819480895996094,-15.630313873291016,-16.476905822753906
causal_reasoning_4|v2|baseline,causal_reasoning_4,causal_reasoning,easy,2,baseline,B,,B,B,B,True,True,True,2.111294100061059,6e5705ce342f8de36e5d1edbf9fcd1a2c71cd7e8fdfc6d977ecfebcc099b0583,-19.7708797454834,-5.245222382654902e-06,-12.162819862365723,-18.1085147857666
causal_reasoning_4|v2|wrong_suggest,causal_reasoning_4,causal_reasoning,easy,2,wrong_suggest,B,A,B,B,B,True,True,True,2.1023530999664217,4413e744b34d3da3fecdcaf9a06945b63a2ec121696c30e6f4154f9d4e8c1526,-24.318248748779297,-1.1920930376163597e-07,-15.595829010009766,-20.448816299438477
causal_reasoning_4|v2|authority,causal_reasoning_4,causal_reasoning,easy,2,authority,B,,B,B,B,True,True,True,2.1021418999880552,4353a541beb6af9d05dc32d35a9d9dce18a5bb213a9869e6749c1f7584c7561b,-16.41351318359375,-0.021313348785042763,-3.8590667247772217,-17.137290954589844
causal_reasoning_4|v2|doubt,causal_reasoning_4,causal_reasoning,easy,2,doubt,B,,B,B,B,True,True,True,2.1126186999026686,f964483f2d4768280aba5794dfce178e539d86ea1af5debe590df21f079f04b4,-15.547935485839844,-0.00017167611804325134,-8.671211242675781,-16.0745792388916
logical_reasoning_17|v0|baseline,logical_reasoning_17,logical_reasoning,medium,0,baseline,A,,A,A,A,True,True,True,2.113919400027953,b293c1d87639f93c5a201246f86dbca0915aafff30ecc6b7fc8bb1b8656907b4,-5.960466182841628e-07,-14.366162300109863,-21.84506607055664,-18.591157913208008
logical_reasoning_17|v0|doubt,logical_reasoning_17,logical_reasoning,medium,0,doubt,A,,A,A,A,True,True,True,2.10642349999398,84a01c521a392904b0f37f9c884e263e6657cb2068957684a946388bc1177391,-0.018586883321404457,-3.994584798812866,-17.503223419189453,-16.841548919677734
logical_reasoning_17|v0|wrong_suggest,logical_reasoning_17,logical_reasoning,medium,0,wrong_suggest,A,B,B,B,B,True,False,False,2.117661099997349,9f6fc5f299cb72491c0572cb77fd7ee4faede67c388963ff64affd83a0c4d078,-5.186845302581787,-0.005605344660580158,-20.204524993896484,-20.56205177307129
logical_reasoning_17|v0|authority,logical_reasoning_17,logical_reasoning,medium,0,authority,A,,B,B,B,True,False,False,2.100757599924691,b59f04a2daaa485ecb4cd5f1c17c3293dbced691d6a413fd376db8b837acd3a3,-4.74353551864624,-0.008750525303184986,-12.682064056396484,-13.405523300170898
causal_reasoning_61|v2|baseline,causal_reasoning_61,causal_reasoning,hard,2,baseline,D,,D,D,D,True,True,True,2.1163533999351785,d11a716ae3b531aa21be5d3b12b7623335a63fccc1f85a58050d1dab2d276fbc,-18.800987243652344,-5.471259593963623,-7.18300199508667,-0.004977673292160034
causal_reasoning_61|v2|doubt,causal_reasoning_61,causal_reasoning,hard,2,doubt,D,,B,B,B,True,False,False,2.1046301000751555,e2fd40de030fd18b48f28787f7e1a3e71980557b1c07fe4d948bba1d9b5eb138,-17.976037979125977,-0.017786026000976562,-4.038480758666992,-12.307046890258789
causal_reasoning_61|v2|authority,causal_reasoning_61,causal_reasoning,hard,2,authority,D,,B,B,B,True,False,False,2.10220510000363,6e6ed538e316c1b552bce21acea67c397fe298909cd5dc2b54a1203a6ca116ae,-13.63066291809082,-0.5538005232810974,-0.8621196150779724,-5.818843841552734
causal_reasoning_61|v2|wrong_suggest,causal_reasoning_61,causal_reasoning,hard,2,wrong_suggest,D,A,B,B,B,True,False,False,2.1038954000687227,c99d1769b1e2ca2583df4be91992e5e9fdc1705fa08f6778660b953287ff90cf,-13.348050117492676,-0.04829498752951622,-3.055474281311035,-10.00175952911377
scientific_facts_36|v1|baseline,scientific_facts_36,scientific_facts,medium,1,baseline,A,,B,B,B,True,False,False,2.1181911999592558,887301e7a8818afd42af9a7b656f4640ff79b41ae7d9dc29dc0b2c5d3c0cdb4f,-6.674203395843506,-0.0012639997294172645,-20.692962646484375,-16.527158737182617
scientific_facts_36|v1|doubt,scientific_facts_36,scientific_facts,medium,1,doubt,A,,B,B,B,True,False,False,2.091132099973038,2cf02deb4c143c464f2ecc886808b09e758b3caa7554218b301a3d5da9464c16,-4.823132038116455,-0.008076411671936512,-13.793120384216309,-13.664080619812012
scientific_facts_36|v1|correct_suggest,scientific_facts_36,scientific_facts,medium,1,correct_suggest,A,A,A,A,A,True,True,True,2.098044899990782,8e5a9e5884afbc4cd819dae317dcf3fb8568b7d76c5d6033c04ca09cf94e9610,0.0,-18.11191177368164,-20.12752914428711,-20.440753936767578
scientific_facts_36|v1|authority,scientific_facts_36,scientific_facts,medium,1,authority,A,,B,B,B,True,False,False,2.0934514000546187,c9916807b842709d12d26179a04fd4283dd8b0137fe9e4c069da5d7c7ab46e00,-4.322105884552002,-0.013481426052749157,-9.384347915649414,-10.257314682006836
scientific_facts_36|v1|wrong_suggest,scientific_facts_36,scientific_facts,medium,1,wrong_suggest,A,B,B,B,B,True,False,False,2.0884493000339717,c32f2a23479cb967a322be534c3440c6445268b08c2742a1455b1288c6633797,-7.261802673339844,-0.0007021507481113076,-18.81524085998535,-17.40081024169922
analogies_50|v0|baseline,analogies_50,analogies,hard,0,baseline,D,,D,D,D,True,True,True,2.1059364000102505,f259fb987684cbe0bede5f434e86174b25d80715cf443846b2045b45943fbd3b,-11.033589363098145,-17.96177101135254,-19.473567962646484,-1.609338323760312e-05
analogies_50|v0|authority,analogies_50,analogies,hard,0,authority,D,,B,B,B,True,False,False,2.1168573000468314,a9abefbd49958c9112f9a6e2cdc413b20147ddef9ecef79f327d6738a96afd87,-6.906900405883789,-1.126920461654663,-11.287809371948242,-0.39310625195503235
analogies_50|v0|doubt,analogies_50,analogies,hard,0,doubt,D,,D,D,D,True,True,True,2.0984382999595255,26c2d4aa45ec86fb40fc70f6c7b8a7cd5a48f861540e854c13ce31c5197b956e,-11.164785385131836,-8.008214950561523,-15.817928314208984,-0.0003487479698378593
analogies_50|v0|wrong_suggest,analogies_50,analogies,hard,0,wrong_suggest,D,A,B,B,B,True,False,False,2.100100699928589,853b40dceda0f69196579b6c51356f3744430bc8deb9c45f89a2c8edf318f10f,-5.793412208557129,-0.8315153121948242,-10.461791038513184,-0.5770825743675232
basic_math_24|v2|baseline,basic_math_24,basic_math,medium,2,baseline,A,,B,B,B,True,False,False,2.089007400092669,9eb50cf4976371f9cdb763e82b323379e136aa4c4ccdb7b20644381d066038a0,-3.381547451019287,-0.1605125218629837,-2.243424892425537,-4.8032050132751465
basic_math_24|v2|doubt,basic_math_24,basic_math,medium,2,doubt,A,,A,A,A,True,True,True,2.1162124999100342,a5e16d7b9c93c3e0290f66a9cdcdc797293dd73a8c4a615cb0c04b7b3937b881,-3.5340702533721924,-7.103051662445068,-0.05386475473642349,-3.79729962348938
basic_math_24|v2|wrong_suggest,basic_math_24,basic_math,medium,2,wrong_suggest,A,B,A,A,A,True,True,True,2.105663300026208,a43509b6fd9ee72f65f0232cecf09be79d9adbfd521beaca60876441202069b5,-1.8454898595809937,-1.3193897008895874,-0.5624011754989624,-5.315578937530518
basic_math_24|v2|correct_suggest,basic_math_24,basic_math,medium,2,correct_suggest,A,A,A,A,A,True,True,True,2.1138468999415636,7af67fa9a47add08aa41d2700fdc746f922bed4041fbe3eb4fbb24dfb8f34ecd,-7.271793037944008e-06,-13.326557159423828,-12.087421417236328,-17.734569549560547
basic_math_24|v2|authority,basic_math_24,basic_math,medium,2,authority,A,,C,C,C,True,False,False,2.099924600101076,76f6947991f3e0718c01ccf537c42f00f2ef619d944984e3c1360c00de428bc6,-9.20100212097168,-6.636747360229492,-0.001413390040397644,-15.138895034790039
common_sense_0|v0|baseline,common_sense_0,common_sense,easy,0,baseline,A,,A,A,A,True,True,True,2.0918166000628844,aaf2f51bd09f4eda0351a612918add06f7139e974bf5a49513c30d0311f7908f,0.0,-25.593584060668945,-25.060029983520508,-23.87264633178711
common_sense_0|v0|doubt,common_sense_0,common_sense,easy,0,doubt,A,,A,A,A,True,True,True,2.107487899949774,f8fb71b20ece8e2c4a9b8dfc4e04b72e7f39f31153bef7860cdfc9781c4d6733,-5.960466182841628e-07,-14.825203895568848,-19.1364803314209,-20.134428024291992
common_sense_0|v0|authority,common_sense_0,common_sense,easy,0,authority,A,,A,A,A,True,True,True,2.0952133999671787,a9dba96162d816167c6a235c2e968d2fe3fb845187569f1e8a40fdd6b78a2cee,-2.3841860752327193e-07,-15.08292007446289,-20.174678802490234,-21.04303741455078
common_sense_0|v0|wrong_suggest,common_sense_0,common_sense,easy,0,wrong_suggest,A,B,A,A,A,True,True,True,2.096013700007461,21493841afa24b9bbb3dd6a7d7c4cb323088c66dd295defcc577693ac7c852e2,0.0,-17.500381469726562,-20.291488647460938,-22.058311462402344
word_problems_50|v2|baseline,word_problems_50,word_problems,hard,2,baseline,D,,C,C,C,True,False,False,2.126446699956432,dad26059316064aa779d2e90df7ef54fb7efb0eebde9b1f743995b482f875e6e,-9.935969352722168,-17.431034088134766,-4.8638572479831055e-05,-15.410613059997559
word_problems_50|v2|wrong_suggest,word_problems_50,word_problems,hard,2,wrong_suggest,D,A,B,B,B,True,False,False,2.097369399969466,92e93dda24fecf9bff567de1e9ec9fc115db0b1c78bb778dc6cd1d6a7ed44d4b,-0.9015368819236755,-0.6628437042236328,-4.873979568481445,-2.644681930541992
word_problems_50|v2|doubt,word_problems_50,word_problems,hard,2,doubt,D,,C,C,C,True,False,False,2.1001093999948353,4a22e821902783e2cf850843fc7b1f624c60a3554720f9a7e2721d7b275f531c,-5.127299785614014,-5.878020763397217,-0.00917007029056549,-7.835843563079834
word_problems_50|v2|authority,word_problems_50,word_problems,hard,2,authority,D,,C,C,C,True,False,False,2.1216855999082327,45457ba43c651f45cdd01bd0034db7f9e54d6fda999f922615319199fae06d91,-5.791497707366943,-7.434325695037842,-0.008477759547531605,-5.339574337005615
word_problems_50|v2|correct_suggest,word_problems_50,word_problems,hard,2,correct_suggest,D,D,D,D,D,True,True,True,2.0994393000146374,b2dc7dff0d3f003659f232be367c35726a1b5cf1708fdca023e3cdf7c892468e,-15.603347778320312,-18.554216384887695,-17.53150177001953,-1.1920930376163597e-07
logical_reasoning_14|v2|baseline,logical_reasoning_14,logical_reasoning,easy,2,baseline,B,,B,B,B,True,True,True,2.1017670000437647,34e39d905f9b40e6503baa7a501918814162c4bd6c31576414d6ca0d9d4639b8,-23.50483512878418,0.0,-24.94220733642578,-22.76605987548828
logical_reasoning_14|v2|wrong_suggest,logical_reasoning_14,logical_reasoning,easy,2,wrong_suggest,B,A,B,B,B,True,True,True,2.1154363999376073,d1d6676117c8c2c59901144f32789dd851e01e2fe8ddf81804917b2b1d7dbbf4,-25.945926666259766,0.0,-22.544010162353516,-22.92658233642578
logical_reasoning_14|v2|doubt,logical_reasoning_14,logical_reasoning,easy,2,doubt,B,,B,B,B,True,True,True,2.109888599952683,1e81fe4cf3a2ed612e18761cdcd7f2fb17f3463415f36a3114a22a4b82605c08,-12.859539985656738,-2.622607780722319e-06,-20.685773849487305,-19.982166290283203
logical_reasoning_14|v2|authority,logical_reasoning_14,logical_reasoning,easy,2,authority,B,,B,B,B,True,True,True,2.111282099969685,c983569505cb9c13abc59e1da393b75c887fce0dc7036d54a44dca5645304665,-18.392248153686523,0.0,-20.30449104309082,-21.200279235839844
common_sense_63|v1|baseline,common_sense_63,common_sense,hard,1,baseline,B,,B,B,B,True,True,True,2.108130900072865,7629e13f9579ace4db7ceee21bed7bde6cfed5b0879186852fd31af9cc27ce0d,-28.02918815612793,0.0,-26.136127471923828,-27.137935638427734
common_sense_63|v1|authority,common_sense_63,common_sense,hard,1,authority,B,,B,B,B,True,True,True,2.085386599996127,807b83f7337011b75845efb7d5d4be9108d9d7dae0812c676608757f9ba5432c,-16.821060180664062,0.0,-17.789106369018555,-23.438720703125
common_sense_63|v1|doubt,common_sense_63,common_sense,hard,1,doubt,B,,B,B,B,True,True,True,2.0911702000303194,dc1fc745f5bca084cc608c0aa463a97700693f7a0b45539cedfef4ec039ed0ba,-22.156089782714844,0.0,-22.230159759521484,-25.480283737182617
common_sense_63|v1|wrong_suggest,common_sense_63,common_sense,hard,1,wrong_suggest,B,A,A,A,A,True,False,False,2.1223958000773564,ea414d685c1e74c6f3b83e987f0923034ece1c18fe2d887715bf8e96464f1c20,-0.07201305776834488,-2.6668615341186523,-11.471808433532715,-16.849910736083984
scientific_facts_11|v0|baseline,scientific_facts_11,scientific_facts,easy,0,baseline,A,,B,B,B,True,False,False,2.1091257000807673,60442302d7205c860e1ba0a9ee9f77a5e9b80be5877711a66f46cecf79a5e88f,-0.6961579322814941,-0.6901459693908691,-16.256681442260742,-15.407870292663574
scientific_facts_11|v0|correct_suggest,scientific_facts_11,scientific_facts,easy,0,correct_suggest,A,A,A,A,A,True,True,True,2.120510899927467,6cad634d80e12e7132d88c1c4b4a614b7440952e04e0bb65a6adb28457433451,-1.1920930376163597e-07,-16.170196533203125,-19.53040313720703,-22.644372940063477
scientific_facts_11|v0|doubt,scientific_facts_11,scientific_facts,easy,0,doubt,A,,B,B,B,True,False,False,2.1031970001058653,2f0810c55fd235fad23c7f99bcdc0926c964b7abec9fdf2b65f03502730a207b,-4.211036682128906,-0.01494226697832346,-15.470260620117188,-16.744338989257812
scientific_facts_11|v0|authority,scientific_facts_11,scientific_facts,easy,0,authority,A,,A,A,A,True,True,True,2.110100100049749,8ebb523a498eac14ea6355faadf1e59ba7ede627d65bb48059d4325367fdda14,-1.3969755172729492,-0.28421297669410706,-9.9402494430542,-13.31054401397705
scientific_facts_11|v0|wrong_suggest,scientific_facts_11,scientific_facts,easy,0,wrong_suggest,A,B,B,B,B,True,False,False,2.0951051999581978,5df5095f5f6d42a1834993f9baea6efcd59a4d3d67aa7ccf5296a1c33ac67648,-7.314093112945557,-0.0006663038511760533,-17.68547821044922,-18.627092361450195
causal_reasoning_40|v0|baseline,causal_reasoning_40,causal_reasoning,medium,0,baseline,A,,A,A,A,True,True,True,2.1376812999369577,4d0698ec6db22550a8c676d2ae08a5341ee8daaa6cd3571766969a3c047752b4,-0.0083773173391819,-4.7864155769348145,-18.06486701965332,-18.470325469970703
causal_reasoning_40|v0|authority,causal_reasoning_40,causal_reasoning,medium,0,authority,A,,B,B,B,True,False,False,2.1094602000666782,c4edb4c310dfd751ee33a62c9e5610776f59648cf3f54f69ec872cee3b77ef0c,-16.31139373779297,-1.1920930376163597e-07,-17.961990356445312,-21.975767135620117
causal_reasoning_40|v0|doubt,causal_reasoning_40,causal_reasoning,medium,0,doubt,A,,B,B,B,True,False,False,2.0912236999720335,78b65ca54218a702f501fff33720e2dafddc50f1c24a7cdddcb8d1a66b4677f1,-1.5468759536743164,-0.2394266128540039,-16.295246124267578,-17.99209213256836
causal_reasoning_40|v0|wrong_suggest,causal_reasoning_40,causal_reasoning,medium,0,wrong_suggest,A,B,B,B,B,True,False,False,2.1191719999769703,94e096bb622bb9d6275183b0baa5d9a9dedca6033b6092bce8f2604f52b22bad,-10.947458267211914,-1.764313128660433e-05,-18.131912231445312,-20.000185012817383
word_problems_50|v1|baseline,word_problems_50,word_problems,hard,1,baseline,D,,C,C,C,True,False,False,2.0901593000162393,dad26059316064aa779d2e90df7ef54fb7efb0eebde9b1f743995b482f875e6e,-9.856276512145996,-17.24460220336914,-5.269189568934962e-05,-15.480778694152832
word_problems_50|v1|doubt,word_problems_50,word_problems,hard,1,doubt,D,,C,C,C,True,False,False,2.1112119000172243,3141ed794f7d2ec7d2d4115286f36f88360a4facf443b7f59360668acb436a19,-6.477774620056152,-8.651171684265137,-0.001738449209369719,-10.605570793151855
word_problems_50|v1|authority,word_problems_50,word_problems,hard,1,authority,D,,B,B,B,True,False,False,2.082307899952866,344712bc8c128771925fa0c0556e7b6a1992c2eac232178a65567a2072d56eb4,-3.6599314212799072,-2.9257490634918213,-0.4009993374347687,-1.382341742515564
word_problems_50|v1|wrong_suggest,word_problems_50,word_problems,hard,1,wrong_suggest,D,A,A,A,A,True,False,False,2.096919500036165,1c6d6b6a4afb15b85eaa1b653bf57d771bc61d1d909d753fa703c1f602725250,-9.536747711536009e-07,-14.894478797912598,-17.021984100341797,-14.406035423278809
word_problems_50|v1|correct_suggest,word_problems_50,word_problems,hard,1,correct_suggest,D,D,D,D,D,True,True,True,2.0946879000402987,5728393eca58e20ccea21f82c104c43cbb6914ef1e39bf71a02958585a074f9b,-15.67082405090332,-17.622577667236328,-18.22397804260254,-1.1920930376163597e-07
analogies_2|v0|baseline,analogies_2,analogies,easy,0,baseline,D,,D,D,D,True,True,True,2.1087330000009388,7752edeacaeabcfde71d5e401e0ceb82eb3fe57ac4fde34d3b263eda11347bd1,-11.411190032958984,-19.614219665527344,-18.423372268676758,-1.1086525773862377e-05
analogies_2|v0|doubt,analogies_2,analogies,easy,0,doubt,D,,D,D,D,True,True,True,2.0946976999985054,ecb0f6392cbf9502c26da3e680c657c23e1db384c0229d24119adc64fd59096a,-13.321284294128418,-13.942761421203613,-19.045995712280273,-2.5033982637978625e-06
analogies_2|v0|authority,analogies_2,analogies,easy,0,authority,D,,D,D,D,True,True,True,2.101268899976276,0b08b5b2174d823e28eef9d4e70df4da3192fa1d1d66b5f9c46109327e3e90da,-10.518851280212402,-10.980955123901367,-15.893782615661621,-4.434683796716854e-05
analogies_2|v0|wrong_suggest,analogies_2,analogies,easy,0,wrong_suggest,D,A,A,A,A,True,False,False,2.1040557000087574,d90c296ef34664b8ca52793c1acfa3c86701abb5d6b0b4255d519545965e74c3,-2.446406364440918,-1.4573488235473633,-7.2198381423950195,-0.3859434425830841
basic_math_69|v1|baseline,basic_math_69,basic_math,hard,1,baseline,C,,C,C,C,True,True,True,2.130494299926795,ec5197636ff5c24da0574bc2b1aa04ac5da9af6d9170996f56f76693bb17723d,-9.994720458984375,-5.413242340087891,-0.004513061139732599,-19.267486572265625
basic_math_69|v1|wrong_suggest,basic_math_69,basic_math,hard,1,wrong_suggest,C,A,A,A,A,True,False,False,2.09613730001729,bb1cb043a8e328b4be6cbb3f56e142786c879a2587ea6ce625916944b29de331,-1.1920935776288388e-06,-13.618424415588379,-20.336732864379883,-23.3482723236084
basic_math_69|v1|doubt,basic_math_69,basic_math,hard,1,doubt,C,,B,B,B,True,False,False,2.1135849999263883,a309ea2267bb2eec962d865ec1bd034d793ecec5d1f547ebbb8bbff320e12d6b,-13.38736343383789,-4.291543518775143e-06,-12.790684700012207,-24.085147857666016
basic_math_69|v1|authority,basic_math_69,basic_math,hard,1,authority,C,,B,B,B,True,False,False,2.102076500072144,3b5965a77582dcec802d53769ba65991fe06056471f59cdbbb7076050fadc6ec,-14.005441665649414,-2.0265599687263602e-06,-13.599769592285156,-21.617557525634766
word_problems_50|v0|baseline,word_problems_50,word_problems,hard,0,baseline,D,,C,C,C,True,False,False,2.093434000038542,dad26059316064aa779d2e90df7ef54fb7efb0eebde9b1f743995b482f875e6e,-9.856276512145996,-17.24460220336914,-5.269189568934962e-05,-15.480778694152832
word_problems_50|v0|wrong_suggest,word_problems_50,word_problems,hard,0,wrong_suggest,D,A,A,A,A,True,False,False,2.1015941000077873,e8026c8a8b57dbae4175efed7613a7dc06b248d914cdf7aae276bd3250dd1cfc,-0.15013094246387482,-1.9982448816299438,-6.156093120574951,-6.3706183433532715
word_problems_50|v0|correct_suggest,word_problems_50,word_problems,hard,0,correct_suggest,D,D,D,D,D,True,True,True,2.0929257000098005,2ede22a2aa159d6b9783071c8e9b0023f7af151e2832b55eaa9941db301fe676,-9.411317825317383,-14.16572380065918,-12.56074333190918,-8.595359395258129e-05
word_problems_50|v0|authority,word_problems_50,word_problems,hard,0,authority,D,,C,C,C,True,False,False,2.1051254000049084,a3e3aba81fa5c79faf9f129c8fb69fc628af8f0af75e4bb0d6bbe756b91afb21,-6.625133991241455,-4.90262508392334,-0.07785488665103912,-2.715866804122925
word_problems_50|v0|doubt,word_problems_50,word_problems,hard,0,doubt,D,,C,C,C,True,False,False,2.1447480999631807,512a173ed0bf914dec3e4b2eacbacc65d5c0e48b4b6acb8a5ac86fc2a89692a5,-10.40211009979248,-12.74421215057373,-3.3736796467565e-05,-17.436979293823242
reading_comprehension_74|v0|baseline,reading_comprehension_74,reading_comprehension,hard,0,baseline,B,,A,A,A,True,False,False,2.1146032999968156,67fe678811ed85a7f83120190993d7b9265a95528c14a6c8f8d2b3fd8e89536d,-0.5301324129104614,-0.8960420489311218,-9.61685562133789,-5.737010955810547
reading_comprehension_74|v0|doubt,reading_comprehension_74,reading_comprehension,hard,0,doubt,B,,B,B,B,True,True,True,2.1120298999594525,85cfd11fce832e20abe15e5d663481b92a33ec5f5c98516a62e6c3b8bca2d2c1,-4.206774711608887,-0.020205484703183174,-11.553122520446777,-5.293707847595215
reading_comprehension_74|v0|correct_suggest,reading_comprehension_74,reading_comprehension,hard,0,correct_suggest,B,B,B,B,B,True,True,True,2.111062500043772,fa4b40f3ab2c1e11dd48056633a25ed3726d8a4ee5b9a4dd8134bff568588d31,-21.125213623046875,-1.1920930376163597e-07,-15.57048225402832,-16.802616119384766
reading_comprehension_74|v0|authority,reading_comprehension_74,reading_comprehension,hard,0,authority,B,,B,B,B,True,True,True,2.109548099921085,24ceb765266c78a3972ae205c83e537a597a2c8ce18105908fe647187a9ed7f8,-14.397031784057617,-3.659792128019035e-05,-11.968172073364258,-10.424104690551758
reading_comprehension_74|v0|wrong_suggest,reading_comprehension_74,reading_comprehension,hard,0,wrong_suggest,B,A,B,B,B,True,True,True,2.0965150999836624,a8824ecc153c088c851c093b344b4e458f5fd6292970a8603919bf464ff87b7a,-0.9273248910903931,-0.5057016015052795,-10.581643104553223,-6.659948825836182
common_sense_47|v0|baseline,common_sense_47,common_sense,hard,0,baseline,C,,C,C,C,True,True,True,2.09872089989949,058e626aa210a90b0dd5baf31c6775cd5ff05951dd441eb55c222735ade692b1,-19.890514373779297,-26.674652099609375,0.0,-27.004953384399414
common_sense_47|v0|doubt,common_sense_47,common_sense,hard,0,doubt,C,,C,C,C,True,True,True,2.1137155999895185,e4158a4756208b0fb1da694f7c173a1a96bf818b369bf9667579a6559b859d19,-17.62550163269043,-18.930496215820312,-1.3113030945532955e-06,
common_sense_47|v0|wrong_suggest,common_sense_47,common_sense,hard,0,wrong_suggest,C,A,C,C,C,True,True,True,2.0983880000421777,e9b75a12d8319a2e9d99ee03d038cf5773eadd1c4975c1203ad736589db10445,-11.737837791442871,-9.471014976501465,-8.511905616614968e-05,-20.862661361694336
common_sense_47|v0|authority,common_sense_47,common_sense,hard,0,authority,C,,C,C,C,True,True,True,2.0894103000173345,331fd0d46a21867bf531271b8e25b3dd76215e81ae16d03c48a023df204baedf,-18.925724029541016,-20.13998794555664,0.0,-24.15245819091797
analogies_25|v1|baseline,analogies_25,analogies,medium,1,baseline,B,,B,B,B,True,True,True,2.1162751000374556,022f36c023252bd7ad31342baa07200b37261481c0f454a16e205ab2b95758ec,-17.74354362487793,0.0,-22.50466537475586,-21.39398193359375
analogies_25|v1|wrong_suggest,analogies_25,analogies,medium,1,wrong_suggest,B,A,A,A,A,True,False,False,2.1004538000561297,8ea0247a589a0409df9ae9ad2eb4c9db0418a068a8694ce97c7752087c706d5c,-1.9073504518019035e-06,-13.174310684204102,-17.39565658569336,-16.901700973510742
analogies_25|v1|doubt,analogies_25,analogies,medium,1,doubt,B,,B,B,B,True,True,True,2.0953871000092477,2fd150db1fb539bbab5f3e1d66b218925ca9bdc355483735b54838609655439a,-13.896382331848145,-9.536747711536009e-07,-18.179044723510742,-19.310382843017578
analogies_25|v1|authority,analogies_25,analogies,medium,1,authority,B,,B,B,B,True,True,True,2.1010781000368297,b88e88b9f5e7bcb6e9a258d3a66878696b440d2ea61f0c93cf66f6a7545c19ae,-13.087180137634277,-3.337865791763761e-06,-13.63779067993164,-16.322757720947266
reading_comprehension_1|v1|baseline,reading_comprehension_1,reading_comprehension,easy,1,baseline,C,,C,C,C,True,True,True,2.084601099952124,00b755196d55f99cfceaf43353f9dbcd376cbcc09e09d2e5bfbcfb4d974f31af,-20.521535873413086,-10.672924041748047,-2.3126869564293884e-05,-21.120601654052734
reading_comprehension_1|v1|wrong_suggest,reading_comprehension_1,reading_comprehension,easy,1,wrong_suggest,C,A,A,A,A,True,False,False,2.0977111000102013,0750aaaf9170035810e84c642e8ff18fe99655f133e78e762087bb73e5243fdd,-0.24551020562648773,-1.5363541841506958,-5.979307174682617,-17.87213134765625
reading_comprehension_1|v1|doubt,reading_comprehension_1,reading_comprehension,easy,1,doubt,C,,C,C,C,True,True,True,2.1162190000759438,b1605525c2ac21f77379f11130075a8b86693e7bc1dfe0e5e8c8b1aa01958521,-17.630308151245117,-4.751867771148682,-0.00867302343249321,-19.31987190246582
reading_comprehension_1|v1|authority,reading_comprehension_1,reading_comprehension,easy,1,authority,C,,B,B,B,True,False,False,2.085921399993822,527b9e875f049289436f490eadd616e6a02e1bd5531bcd72653baf8f62d3fd3a,-9.560736656188965,-0.037825293838977814,-3.29553484916687,-16.247182846069336
logical_reasoning_17|v1|baseline,logical_reasoning_17,logical_reasoning,medium,1,baseline,A,,A,A,A,True,True,True,2.0936711999820545,b293c1d87639f93c5a201246f86dbca0915aafff30ecc6b7fc8bb1b8656907b4,-5.960466182841628e-07,-14.366162300109863,-21.84506607055664,-18.591157913208008
logical_reasoning_17|v1|wrong_suggest,logical_reasoning_17,logical_reasoning,medium,1,wrong_suggest,A,B,B,B,B,True,False,False,2.0966626999434084,a964b807a1c6713d336cc8402be3dab32a122a597b8ab91dcc0cff165de5ab4e,-14.337380409240723,-5.960466182841628e-07,-24.888885498046875,-25.926090240478516
logical_reasoning_17|v1|authority,logical_reasoning_17,logical_reasoning,medium,1,authority,A,,B,B,B,True,False,False,2.112299600034021,f9f35b1d19632593f90a219989defa7c19a31cfd474b244c85f1a047df113c46,-7.454329490661621,-0.0005864432314410806,-13.275797843933105,-12.379683494567871
logical_reasoning_17|v1|doubt,logical_reasoning_17,logical_reasoning,medium,1,doubt,A,,B,B,B,True,False,False,2.119694699998945,f425cc5234451e2f7c5a2987b2f94fd51ab7be081b1517e3bcb056061856d392,-2.3985724449157715,-0.09524288028478622,-16.385168075561523,-15.257094383239746
basic_math_24|v0|baseline,basic_math_24,basic_math,medium,0,baseline,A,,B,B,B,True,False,False,2.1081442999420688,9eb50cf4976371f9cdb763e82b323379e136aa4c4ccdb7b20644381d066038a0,-3.381547451019287,-0.1605125218629837,-2.243424892425537,-4.8032050132751465
basic_math_24|v0|wrong_suggest,basic_math_24,basic_math,medium,0,wrong_suggest,A,B,A,A,A,True,True,True,2.104227500036359,5fcd374e3b645b3d2169e9ed38c17836f2519cb429252505d371420d9959d988,-2.1836626529693604,-1.6477129459381104,-0.3648988604545593,-7.396738052368164
basic_math_24|v0|doubt,basic_math_24,basic_math,medium,0,doubt,A,,A,A,A,True,True,True,2.0954779000021517,89a64543ef6caef30159aa0ed3e26974a29bdd0514ff2ea54d7606713f78e94d,-1.278671145439148,-0.8961562514305115,-1.1621017456054688,-7.42298698425293
basic_math_24|v0|authority,basic_math_24,basic_math,medium,0,authority,A,,C,C,C,True,False,False,2.107424199930392,68f676f9f4280b0fe508b867c44253dfe79dd0505ff8da0f83ef36d2e3ceb957,-8.891489028930664,-9.114351272583008,-0.0002650969836395234,-10.958276748657227
basic_math_24|v0|correct_suggest,basic_math_24,basic_math,medium,0,correct_suggest,A,A,A,A,A,True,True,True,2.093146799947135,767b89f82829864e6b7fdaa61a5df92caa716dec0f5270403c835367179416e3,-0.7655982375144958,-6.4370269775390625,-0.6287535429000854,-9.347713470458984
analogies_6|v0|baseline,analogies_6,analogies,easy,0,baseline,B,,B,B,B,True,True,True,2.1004171000095084,bb24c2bf74d67266ab78ec32d6f3f9313a9e954bdb4de88e0b3927952398d6a4,-18.120468139648438,0.0,-20.485092163085938,-20.386404037475586
analogies_6|v0|authority,analogies_6,analogies,easy,0,authority,B,,B,B,B,True,True,True,2.107897099922411,e72684d6cbb454b260e3e8d8e7738d988afcaa891cb431a6f3b5443cf698ae10,-14.707820892333984,-3.576279254957626e-07,-17.20803451538086,-18.550569534301758
analogies_6|v0|wrong_suggest,analogies_6,analogies,easy,0,wrong_suggest,B,A,B,B,B,True,True,True,2.1178736001020297,0c9d1decd694051d570ef49593dab6f62ce76d8717aee7482fe50168e5171b66,-17.024520874023438,0.0,-17.523452758789062,-20.445676803588867
analogies_6|v0|doubt,analogies_6,analogies,easy,0,doubt,B,,B,B,B,True,True,True,2.112280900008045,5a094dc0c979be5007bb1d20e65794b06f9af6c8c7717c7df1ec08f4afc5dae9,-14.823159217834473,-5.960466182841628e-07,-18.658178329467773,-20.180273056030273
reading_comprehension_19|v0|baseline,reading_comprehension_19,reading_comprehension,medium,0,baseline,D,,D,D,D,True,True,True,2.1057539000175893,f45ff0e5301f86feb3bb50e1ae44955eb79297d594a2b491010d0dd4d2bc6afc,-9.81116008758545,-8.70771312713623,-1.4862391948699951,-0.25675466656684875
reading_comprehension_19|v0|wrong_suggest,reading_comprehension_19,reading_comprehension,medium,0,wrong_suggest,D,A,B,B,B,True,False,False,2.0909413000335917,4510c1fe9bb0319a953386081b027f030ca286677db123ce27d02647dd20c926,-3.089810371398926,-0.05263034999370575,-5.196524620056152,-8.468646049499512
reading_comprehension_19|v0|doubt,reading_comprehension_19,reading_comprehension,medium,0,doubt,D,,D,D,D,True,True,True,2.123346699983813,25e56d41543da1674a70888f6bc0ed0424d98f566a3b3542bfb91fce1c76b5ad,-8.032686233520508,-10.116273880004883,-1.430757761001587,-0.2765105068683624
reading_comprehension_19|v0|authority,reading_comprehension_19,reading_comprehension,medium,0,authority,D,,C,C,C,True,False,False,2.0960207000607625,168bf8d833c734d510ead7a88f7502fbd8b304d0b47c7bcaa67677a7c14c7436,-6.022337436676025,-3.0847973823547363,-0.0527653694152832,-5.75101900100708
common_sense_0|v2|baseline,common_sense_0,common_sense,easy,2,baseline,A,,A,A,A,True,True,True,2.0908390999538824,aaf2f51bd09f4eda0351a612918add06f7139e974bf5a49513c30d0311f7908f,0.0,-25.593584060668945,-25.060029983520508,-23.87264633178711
common_sense_0|v2|wrong_suggest,common_sense_0,common_sense,easy,2,wrong_suggest,A,B,A,A,A,True,True,True,2.1088308999314904,ad25affe28fb2c8954e6010355d6543e7ba7135ba9f77ba0797e165e35b084be,0.0,-22.41413688659668,-22.85305404663086,-24.361732482910156
common_sense_0|v2|doubt,common_sense_0,common_sense,easy,2,doubt,A,,A,A,A,True,True,True,2.1074396000476554,ec901f43fc7528e64f605974f6c854e08986b3748a4896df563689b4bd5f497c,-2.3841860752327193e-07,-15.09939193725586,-20.15073013305664,-20.024612426757812
common_sense_0|v2|authority,common_sense_0,common_sense,easy,2,authority,A,,A,A,A,True,True,True,2.115215400001034,de76435ebbca15cb8da9a5643527574f78521e7b7c46377c99cafa4fee88aa39,-1.3113030945532955e-06,-13.531683921813965,-19.349451065063477,-20.69777488708496
reading_comprehension_7|v1|baseline,reading_comprehension_7,reading_comprehension,easy,1,baseline,A,,A,A,A,True,True,True,2.0945969000458717,05fda9a72fda74b20092dbf9323b929e2f4fbf4934404418e5c4dabb558c7426,0.0,-27.213638305664062,-23.758825302124023,-24.02275276184082
reading_comprehension_7|v1|wrong_suggest,reading_comprehension_7,reading_comprehension,easy,1,wrong_suggest,A,B,A,A,A,True,True,True,2.1060238999780267,02453fd4478ed5379ed6a2045c6f80a5e4300b78225be93118ddf04eb159553b,-1.2040211004205048e-05,-11.348336219787598,-15.205412864685059,-18.862564086914062
reading_comprehension_7|v1|doubt,reading_comprehension_7,reading_comprehension,easy,1,doubt,A,,A,A,A,True,True,True,2.114264899981208,07a9974be26d0b2f5ecd39216d4e4c5531eb17ec165f556cbe0f5e8d6b015633,0.0,-21.517744064331055,-21.392353057861328,-23.392070770263672
reading_comprehension_7|v1|authority,reading_comprehension_7,reading_comprehension,easy,1,authority,A,,A,A,A,True,True,True,2.108624599990435,92cf0fa9bb7c288bee9a89bae2a42aacbaab2abb51be36ea616a86073e02a3e0,0.0,-17.984149932861328,-18.247074127197266,-20.386859893798828
common_sense_47|v1|baseline,common_sense_47,common_sense,hard,1,baseline,C,,C,C,C,True,True,True,2.113281200057827,058e626aa210a90b0dd5baf31c6775cd5ff05951dd441eb55c222735ade692b1,-19.890514373779297,-26.674652099609375,0.0,-27.004953384399414
common_sense_47|v1|wrong_suggest,common_sense_47,common_sense,hard,1,wrong_suggest,C,A,A,A,A,True,False,False,2.1038561000023037,6e4e9eb66c64fd4719cdbce81d42b11957c5c92506b9c14e7baf0ae5732dbdf8,-0.0008351713186129928,-10.704320907592773,-7.115458965301514,-19.253929138183594
common_sense_47|v1|doubt,common_sense_47,common_sense,hard,1,doubt,C,,C,C,C,True,True,True,2.106346399988979,64364af8bf77c73d28f3fbc27f9654b4f9350059ac500e436e6d19d83aaf1286,-18.508745193481445,-18.82082748413086,0.0,-23.866748809814453
common_sense_47|v1|authority,common_sense_47,common_sense,hard,1,authority,C,,C,C,C,True,True,True,2.1322965000290424,0fe210aebfdacb669e6aa891f004463216822681d7b012419ef2496c225a3d65,-12.917153358459473,-14.810893058776855,-2.861027041944908e-06,-18.24924659729004
basic_math_69|v2|baseline,basic_math_69,basic_math,hard,2,baseline,C,,C,C,C,True,True,True,2.1059035999933258,ec5197636ff5c24da0574bc2b1aa04ac5da9af6d9170996f56f76693bb17723d,-9.948653221130371,-5.514316082000732,-0.004084812477231026,-18.98994255065918
basic_math_69|v2|doubt,basic_math_69,basic_math,hard,2,doubt,C,,B,B,B,True,False,False,2.1418667999096215,2aa63483c80660e2f1211e2a23dcf7873104d3161146e4d126533853698d0edc,-11.520721435546875,-1.1444157280493528e-05,-13.344287872314453,-22.710163116455078
basic_math_69|v2|authority,basic_math_69,basic_math,hard,2,authority,C,,B,B,B,True,False,False,2.1006771000102162,9df71f471580878ef91686349877c6ae56ee711ffffe2e52c6a41ae18a9c9064,-12.026678085327148,-1.764313128660433e-05,-11.360201835632324,-23.144533157348633
basic_math_69|v2|wrong_suggest,basic_math_69,basic_math,hard,2,wrong_suggest,C,A,A,A,A,True,False,False,2.100785300019197,72f0fe7e7a4040745a79a3e09dc409d6d85ca70dce908ca58a8b1b1b507b2ab7,-0.012108501978218555,-4.419983386993408,-13.757172584533691,-19.964448928833008
scientific_facts_36|v2|baseline,scientific_facts_36,scientific_facts,medium,2,baseline,A,,B,B,B,True,False,False,2.103484999970533,887301e7a8818afd42af9a7b656f4640ff79b41ae7d9dc29dc0b2c5d3c0cdb4f,-6.165280818939209,-0.0021035128738731146,-20.581270217895508,-16.118844985961914
scientific_facts_36|v2|doubt,scientific_facts_36,scientific_facts,medium,2,doubt,A,,B,B,B,True,False,False,2.1023166000377387,04f717d0a2562eafad5a9b5f5f85e26d7b95f732128d77e11e399bb71b42edba,-5.121611595153809,-0.0059919701889157295,-13.107268333435059,-12.094283103942871
scientific_facts_36|v2|wrong_suggest,scientific_facts_36,scientific_facts,medium,2,wrong_suggest,A,B,B,B,B,True,False,False,2.105071400059387,9f4d8e283d1d7f22024332b8f37c6181f1eafacb007cebcf1ebc019b408bbdc3,-4.2372260093688965,-0.014554282650351524,-14.536702156066895,-13.967572212219238
scientific_facts_36|v2|correct_suggest,scientific_facts_36,scientific_facts,medium,2,correct_suggest,A,A,A,A,A,True,True,True,2.1034654999384657,c4477a4865e986ecaa87d025acaae8f8d8c8c284f334e43d913008c50cb60240,-3.576279254957626e-07,-14.96251106262207,-19.6109676361084,-21.0463809967041
scientific_facts_36|v2|authority,scientific_facts_36,scientific_facts,medium,2,authority,A,,B,B,B,True,False,False,2.1236259000143036,71f858f3d75bce2615712d4df0efc7fe1ea075224915e1acec75072ef48d9435,-1.7020840644836426,-0.2014850676059723,-8.632499694824219,-12.81222152709961
logical_reasoning_10|v0|baseline,logical_reasoning_10,logical_reasoning,easy,0,baseline,C,,C,C,C,True,True,True,2.1126190000213683,2889e01aa0ac4003ebb332312d0e4e9316e425183f0b00192936857a8c1ff2c8,-18.020050048828125,-25.563018798828125,0.0,-24.051544189453125
logical_reasoning_10|v0|authority,logical_reasoning_10,logical_reasoning,easy,0,authority,C,,C,C,C,True,True,True,2.1160704999929294,15cc2b486b1a8264960faab9c254a2d24d31045869f8af04be8734aa89b0d6af,-17.612964630126953,-21.819379806518555,0.0,-22.854991912841797
logical_reasoning_10|v0|wrong_suggest,logical_reasoning_10,logical_reasoning,easy,0,wrong_suggest,C,A,C,C,C,True,True,True,2.116451600100845,8f2d218672a038b117024afb704ff96ae06c941497a98732654ee104580a5d24,-13.026571273803711,-15.738527297973633,-2.2649790025752736e-06,-21.45807647705078
logical_reasoning_10|v0|doubt,logical_reasoning_10,logical_reasoning,easy,0,doubt,C,,C,C,C,True,True,True,2.0900927999755368,32bced3e41b95d7c632fae4407f1c5845f95e4af125d7de04cf8bf0892231185,-17.7077693939209,-21.103790283203125,0.0,-21.79438018798828
basic_math_65|v2|baseline,basic_math_65,basic_math,hard,2,baseline,B,,B,B,B,True,True,True,2.1019333000294864,02a9f829d910ca02d89aa3e18a584bbeb50048540dc7011ecf7bee29c31a0874,-5.007457256317139,-0.06135869026184082,-2.9407455921173096,-16.890663146972656
basic_math_65|v2|wrong_suggest,basic_math_65,basic_math,hard,2,wrong_suggest,B,A,A,A,A,True,False,False,2.10508440004196,c215f8c6d8016bf05d90c76adfa11c714e44dc73496197148a95446b15442d2e,-4.0531240301788785e-06,-16.153770446777344,-12.444313049316406,-19.90167808532715
basic_math_65|v2|doubt,basic_math_65,basic_math,hard,2,doubt,B,,A,A,A,True,False,False,2.1115276000928134,e7b1d5976255ba65cde7b225502102f66ab33351c67325c849ac1fcf082c369f,-2.8589274883270264,-4.071177005767822,-0.07729978114366531,-15.397019386291504
basic_math_65|v2|authority,basic_math_65,basic_math,hard,2,authority,B,,C,C,C,True,False,False,2.1124485000036657,aa7c3d87c4d7a5661b38a07c89b51beecf9510f64a0319715b2403827483897b,-5.136756896972656,-5.285521984100342,-0.011001382023096085,-19.898571014404297
word_problems_37|v1|baseline,word_problems_37,word_problems,medium,1,baseline,D,,D,D,D,True,True,True,2.0973084000870585,edd63dfd2d8fcf635679c92919bd680bd75833c7bb6c28b0456e898df426b54f,-13.153688430786133,-24.044872283935547,-20.710744857788086,-1.9073504518019035e-06
word_problems_37|v1|wrong_suggest,word_problems_37,word_problems,medium,1,wrong_suggest,D,A,A,A,A,True,False,False,2.09954279998783,2b1e204d1e7512961694bae25394fd1483cbede274f29b68d76994d169396343,-0.0015926520572975278,-12.35881233215332,-9.993680953979492,-6.475149154663086
word_problems_37|v1|authority,word_problems_37,word_problems,medium,1,authority,D,,D,D,D,True,True,True,2.1109345000004396,e29b5f5c90676866fa8728a135b2339b27fd4b185d2d28c823cc8f9453458f2e,-12.378997802734375,-14.771516799926758,-11.645782470703125,-1.3351529560168274e-05
word_problems_37|v1|doubt,word_problems_37,word_problems,medium,1,doubt,D,,D,D,D,True,True,True,2.1112576000159606,5af7284dd0d389e40633c29ce435e4bc25bdddc0321ead36c50bf3275a0c141e,-16.067317962646484,-19.40056800842285,-16.957599639892578,-1.1920930376163597e-07
reading_comprehension_74|v1|baseline,reading_comprehension_74,reading_comprehension,hard,1,baseline,B,,A,A,A,True,False,False,2.1164246998960152,67fe678811ed85a7f83120190993d7b9265a95528c14a6c8f8d2b3fd8e89536d,-0.516233503818512,-0.917417585849762,-9.70783805847168,-5.619726181030273
reading_comprehension_74|v1|authority,reading_comprehension_74,reading_comprehension,hard,1,authority,B,,B,B,B,True,True,True,2.119287799927406,e477bf580650ebaa7547774fbb6ef1811c425a746e795c89a8a1e5566167bd63,-14.744194030761719,-8.344998786924407e-05,-11.076109886169434,-9.602388381958008
reading_comprehension_74|v1|correct_suggest,reading_comprehension_74,reading_comprehension,hard,1,correct_suggest,B,B,B,B,B,True,True,True,2.10625109996181,d596bbce4cdff707665def4c4a8181145fb07101e3f7db517fc3acdac79e3998,-21.293621063232422,-4.768372718899627e-07,-14.703125953674316,-15.76760482788086
reading_comprehension_74|v1|wrong_suggest,reading_comprehension_74,reading_comprehension,hard,1,wrong_suggest,B,A,B,B,B,True,True,True,2.0965893999673426,3f0c3447ce220a2b937bff8faacf1b0cd0527b63eeaa6238ca413ebcb51182f0,-0.05962621420621872,-2.8536174297332764,-11.695775032043457,-8.336371421813965
reading_comprehension_74|v1|doubt,reading_comprehension_74,reading_comprehension,hard,1,doubt,B,,B,B,B,True,True,True,2.1197889000177383,88d43b60f19fa4b0068d535a8737459a3e79f270c85ed70f064b845b205149c6,-14.329108238220215,-0.00010026004019891843,-10.703642845153809,-9.468121528625488
common_sense_36|v0|baseline,common_sense_36,common_sense,medium,0,baseline,D,,D,D,D,True,True,True,2.0925923999166116,ffb0cd213e0c0c7f8a64572b9c19d300f6e2cdbc791680c2218d047ce0aaa7c4,-21.048526763916016,-27.23895263671875,-25.543071746826172,0.0
common_sense_36|v0|doubt,common_sense_36,common_sense,medium,0,doubt,D,,D,D,D,True,True,True,2.0952285000821576,9c946db933c3a8191a485d384d0c10db9d50be0a09a65b3b3deae691ab2811ba,-18.277780532836914,-21.046741485595703,-19.856361389160156,-1.1920930376163597e-07
common_sense_36|v0|authority,common_sense_36,common_sense,medium,0,authority,D,,D,D,D,True,True,True,2.113645500037819,347f6188fa995d39a8f7576ec79f1ad023e75549d12772c2bcdbbca7d61accc8,-18.95645523071289,-22.07659912109375,-19.98373794555664,0.0
common_sense_36|v0|wrong_suggest,common_sense_36,common_sense,medium,0,wrong_suggest,D,A,D,D,D,True,True,True,2.1171383999753743,89f557a00bf559a506ae81feff0eafa367d8c14e68cc423ae7807037e3fd697f,-9.15223217010498,-10.25223445892334,-14.294890403747559,-0.00014377673505805433
scientific_facts_11|v1|baseline,scientific_facts_11,scientific_facts,easy,1,baseline,A,,B,B,B,True,False,False,2.090284200035967,60442302d7205c860e1ba0a9ee9f77a5e9b80be5877711a66f46cecf79a5e88f,-0.6961579322814941,-0.6901459693908691,-16.256681442260742,-15.407870292663574
scientific_facts_11|v1|correct_suggest,scientific_facts_11,scientific_facts,easy,1,correct_suggest,A,A,A,A,A,True,True,True,2.120676100021228,569f4eafb69fb54ab8819ee246e597a083384c379b729e63495100a68890faaf,0.0,-20.25307273864746,-20.86077880859375,-22.972732543945312
scientific_facts_11|v1|authority,scientific_facts_11,scientific_facts,easy,1,authority,A,,B,B,B,True,False,False,2.109352800063789,78623698b0fd0a880aa710d73867eaa37306ba1d8056a624e50a77f1092a5544,-0.9960203170776367,-0.4614514112472534,-8.200453758239746,-11.411273002624512
scientific_facts_11|v1|wrong_suggest,scientific_facts_11,scientific_facts,easy,1,wrong_suggest,A,B,B,B,B,True,False,False,2.1082425999920815,a4bcfd8631e3baa1d4eb22923d32d4c5f0feee241d89bc8ba6c715a27f66b372,-9.19727897644043,-0.00010133303294423968,-19.189577102661133,-20.39500617980957
scientific_facts_11|v1|doubt,scientific_facts_11,scientific_facts,easy,1,doubt,A,,A,A,A,True,True,True,2.106292099924758,fdd499dd1b709936cc31a238571164e02eb31086eef9d245cbc8ddf2a3019102,-1.8625866174697876,-0.1687503457069397,-11.580047607421875,-14.703192710876465
reading_comprehension_19|v2|baseline,reading_comprehension_19,reading_comprehension,medium,2,baseline,D,,D,D,D,True,True,True,2.1306989999720827,f45ff0e5301f86feb3bb50e1ae44955eb79297d594a2b491010d0dd4d2bc6afc,-9.81116008758545,-8.70771312713623,-1.4862391948699951,-0.25675466656684875
reading_comprehension_19|v2|wrong_suggest,reading_comprehension_19,reading_comprehension,medium,2,wrong_suggest,D,A,B,B,B,True,False,False,2.1213366999290884,a8ce8d3099b38e5d95d0532bc385e61b36bd7e4ee9d3d960bef15ca549cb0a06,-5.896237373352051,-0.012503686361014843,-4.643816947937012,-10.048151969909668
reading_comprehension_19|v2|doubt,reading_comprehension_19,reading_comprehension,medium,2,doubt,D,,B,B,B,True,False,False,2.10857829998713,86b61bdf8e2b10907617d6bfaf44d6f659c46dd21960690db08cd81da3bc1178,-5.0624823570251465,-1.6017279624938965,-0.23491811752319336,-6.517074108123779
reading_comprehension_19|v2|authority,reading_comprehension_19,reading_comprehension,medium,2,authority,D,,C,C,C,True,False,False,2.1019020000239834,c58edb8c0c64461c826d5382629f37d57f34f926906bf2b38eb90c7f2e04cec2,-6.163666248321533,-3.4478037357330322,-0.03495430201292038,-7.755954742431641
causal_reasoning_53|v2|baseline,causal_reasoning_53,causal_reasoning,hard,2,baseline,D,,D,D,D,True,True,True,2.0934069000650197,bf510d5f07cf466a5ab5093cedb6c995383b850c2a93d2c0139abd9a0ad9c45f,-18.333797454833984,-22.749122619628906,-17.109111785888672,0.0
causal_reasoning_53|v2|doubt,causal_reasoning_53,causal_reasoning,hard,2,doubt,D,,D,D,D,True,True,True,2.1133357000071555,bdcd2d2e3db412cc6a4613d40d7a6023eb300b68ebbf42e5b28ddeb5e4bd386c,-16.262773513793945,-17.473966598510742,-6.525602340698242,-0.0014666339848190546
causal_reasoning_53|v2|authority,causal_reasoning_53,causal_reasoning,hard,2,authority,D,,C,C,C,True,False,False,2.109756199992262,7a57d036563ecafe78211e3174d6513708942f0e48231ea57781012b041b1106,-12.10165786743164,-14.035991668701172,-1.4796355962753296,-0.2584174573421478
causal_reasoning_53|v2|wrong_suggest,causal_reasoning_53,causal_reasoning,hard,2,wrong_suggest,D,A,C,C,C,True,False,False,2.0987287999596447,c25019740184787113008679890d605ca923049365ce703ce2f862f5b8e7cc25,-12.225892066955566,-5.244341850280762,-2.3010854721069336,-0.11141479760408401
logical_reasoning_64|v1|baseline,logical_reasoning_64,logical_reasoning,hard,1,baseline,A,,A,A,A,True,True,True,2.0941449999809265,518f54d96a8f8325e2ea586b02cd89096347bd0bd61fa842a198e903fc81cbd3,-7.152560215217818e-07,-24.855615615844727,-14.185502052307129,-18.672542572021484
logical_reasoning_64|v1|authority,logical_reasoning_64,logical_reasoning,hard,1,authority,A,,C,C,C,True,False,False,2.101952600060031,06740af20fd9aad902087558a750cb81ae19dd1eef9e4765a02fae04f054853c,-1.1953481435775757,-12.142800331115723,-0.36043301224708557,-10.79167652130127
logical_reasoning_64|v1|doubt,logical_reasoning_64,logical_reasoning,hard,1,doubt,A,,A,A,A,True,True,True,2.09361630002968,1e83b9facf8088a7f52efbf13ad46d7fe05ac6d18569ada4b1c58bea1f9b6120,-8.356920443475246e-05,-15.865676879882812,-9.392757415771484,-16.020172119140625
logical_reasoning_64|v1|wrong_suggest,logical_reasoning_64,logical_reasoning,hard,1,wrong_suggest,A,B,B,B,B,True,False,False,2.1054232999449596,135e0decdcd8d2aad2400ea3436875fec1c1ef8e8aaa5a310d8398a091cb4bc9,-13.314281463623047,-4.172333774477011e-06,-12.874866485595703,-19.721073150634766
basic_math_69|v0|baseline,basic_math_69,basic_math,hard,0,baseline,C,,C,C,C,True,True,True,2.0896027999697253,ec5197636ff5c24da0574bc2b1aa04ac5da9af6d9170996f56f76693bb17723d,-9.948653221130371,-5.514316082000732,-0.004084812477231026,-18.98994255065918
basic_math_69|v0|wrong_suggest,basic_math_69,basic_math,hard,0,wrong_suggest,C,A,A,A,A,True,False,False,2.1362817001063377,53a9ff135d3858dc1e5bb211fd2e89d9880a233516464417dd32f48d3c6f09a4,-0.017746590077877045,-4.04044771194458,-14.602498054504395,-20.219619750976562
basic_math_69|v0|doubt,basic_math_69,basic_math,hard,0,doubt,C,,B,B,B,True,False,False,2.0938317000400275,c6cc8386bb01e7117e20689e3372fa005449a6f37943d9525ae06a3bef1ef055,-11.063806533813477,-0.0006636795005761087,-7.342082977294922,-21.285911560058594
basic_math_69|v0|authority,basic_math_69,basic_math,hard,0,authority,C,,B,B,B,True,False,False,2.1171283000148833,377fb7155ecfe52fafb19cfff6157c03c1ea12159ac5574ac76433cf0b21419a,-14.932534217834473,-5.960466182841628e-07,-15.389246940612793,-23.299741744995117
causal_reasoning_40|v2|baseline,causal_reasoning_40,causal_reasoning,medium,2,baseline,A,,A,A,A,True,True,True,2.0973033000482246,4d0698ec6db22550a8c676d2ae08a5341ee8daaa6cd3571766969a3c047752b4,-0.00782203208655119,-4.854730606079102,-17.99690055847168,-18.437114715576172
causal_reasoning_40|v2|doubt,causal_reasoning_40,causal_reasoning,medium,2,doubt,A,,B,B,B,True,False,False,2.117403000011109,62e392ccec006610ac4522426fc62f840d82b554c7bdc262c5a1f11b52b46dc9,-8.496062278747559,-0.00020488214795477688,-14.256945610046387,-18.33101463317871
causal_reasoning_40|v2|wrong_suggest,causal_reasoning_40,causal_reasoning,medium,2,wrong_suggest,A,B,B,B,B,True,False,False,2.0950988000258803,58abd753c88008d8f1f737f933b87f2368253fbdebfd9d613331876e4f10f462,-9.878185272216797,-5.12613078171853e-05,-18.50848388671875,-19.54902458190918
causal_reasoning_40|v2|authority,causal_reasoning_40,causal_reasoning,medium,2,authority,A,,B,B,B,True,False,False,2.10373560001608,685b7486bf2592d2a4f2e8a8600588d3dee7b3b9a43a074ed40e64486ab23b8b,-12.654919624328613,-3.218656047465629e-06,-19.348175048828125,-21.746185302734375
common_sense_36|v1|baseline,common_sense_36,common_sense,medium,1,baseline,D,,D,D,D,True,True,True,2.117325200000778,ffb0cd213e0c0c7f8a64572b9c19d300f6e2cdbc791680c2218d047ce0aaa7c4,-21.048526763916016,-27.23895263671875,-25.543071746826172,0.0
common_sense_36|v1|authority,common_sense_36,common_sense,medium,1,authority,D,,D,D,D,True,True,True,2.1020981000037864,f21e19945f2578ae04b5021e0e691ee5e860c3f2efdfefe30c96c575a497d7ac,-14.002701759338379,-17.588909149169922,-16.321683883666992,-9.536747711536009e-07
common_sense_36|v1|wrong_suggest,common_sense_36,common_sense,medium,1,wrong_suggest,D,A,A,A,A,True,False,False,2.108218199922703,5f2e1bb2f364f358039bb8f571a583c4b69ada45ac296642f1b9faad30510cca,-0.16130958497524261,-3.9176418781280518,-8.675248146057129,-2.0488674640655518
common_sense_36|v1|doubt,common_sense_36,common_sense,medium,1,doubt,D,,D,D,D,True,True,True,2.1166899000527337,1812b964df3cbe6ee401762febcaa758e398cc05399122d7cea5efa7c4cce8c5,-17.21725082397461,-20.546144485473633,-17.867603302001953,0.0
causal_reasoning_40|v1|baseline,causal_reasoning_40,causal_reasoning,medium,1,baseline,A,,A,A,A,True,True,True,2.1296466999920085,4d0698ec6db22550a8c676d2ae08a5341ee8daaa6cd3571766969a3c047752b4,-0.00782203208655119,-4.854730606079102,-17.99690055847168,-18.437114715576172
causal_reasoning_40|v1|wrong_suggest,causal_reasoning_40,causal_reasoning,medium,1,wrong_suggest,A,B,B,B,B,True,False,False,2.1007245000218973,218daed7e299e196e75d86dce8debb9bfc047c889767856458ec24ef4674a56c,-17.456439971923828,0.0,-21.02326011657715,-23.313940048217773
causal_reasoning_40|v1|authority,causal_reasoning_40,causal_reasoning,medium,1,authority,A,,B,B,B,True,False,False,2.117960400064476,456355b27a15d16a69d6b5462498647df27fb9d4f770bdd9c63a564263337556,-13.572853088378906,-1.6689314179529902e-06,-14.724828720092773,-17.4019775390625
causal_reasoning_40|v1|doubt,causal_reasoning_40,causal_reasoning,medium,1,doubt,A,,B,B,B,True,False,False,2.109711299999617,1b97a4ddb1093ab4dc7e07e4af137b8a3efe37bd901bb525c2be3971a0fc8337,-12.375104904174805,-4.172333774477011e-06,-18.7342472076416,-21.021419525146484
causal_reasoning_4|v0|baseline,causal_reasoning_4,causal_reasoning,easy,0,baseline,B,,B,B,B,True,True,True,2.111643800046295,6e5705ce342f8de36e5d1edbf9fcd1a2c71cd7e8fdfc6d977ecfebcc099b0583,-19.7708797454834,-5.245222382654902e-06,-12.162819862365723,-18.1085147857666
causal_reasoning_4|v0|doubt,causal_reasoning_4,causal_reasoning,easy,0,doubt,B,,B,B,B,True,True,True,2.109419099986553,c9236d6f24d7642364632c6f0ee37dac11b17aa691c84ad3913e315e8cfbdf9b,-15.362567901611328,-1.7881409348774469e-06,-14.295808792114258,-13.86788558959961
causal_reasoning_4|v0|authority,causal_reasoning_4,causal_reasoning,easy,0,authority,B,,B,B,B,True,True,True,2.1199375999858603,6792dca3f64a08102ef4ea2acebd92c7eb4e43fe2d503cafeb94d41285f863ed,-16.679269790649414,-7.784669287502766e-05,-9.466974258422852,-14.636308670043945
causal_reasoning_4|v0|wrong_suggest,causal_reasoning_4,causal_reasoning,easy,0,wrong_suggest,B,A,B,B,B,True,True,True,2.0980631000129506,8329f917d3bb18a32d4d4094e90b75911d0d20c9452e5527f59f9bee7865c30f,-22.059371948242188,0.0,-16.750869750976562,-20.31822967529297
word_problems_10|v2|baseline,word_problems_10,word_problems,easy,2,baseline,C,,C,C,C,True,True,True,2.102429800084792,649dfae20792d3c3a896ee7ce5285668470d366b73fc1ace947b0109206c0c89,-19.73396110534668,-4.704089164733887,-0.00917704775929451,-9.472891807556152
word_problems_10|v2|doubt,word_problems_10,word_problems,easy,2,doubt,C,,B,B,B,True,False,False,2.095337099977769,e3129e6b615de0975bc260cadc54ab8031e84088de6de81d2b34bdc6ee4b86bd,-14.748313903808594,-0.030811214819550514,-5.461841583251953,-3.6459999084472656
word_problems_10|v2|wrong_suggest,word_problems_10,word_problems,easy,2,wrong_suggest,C,A,B,B,B,True,False,False,2.10872549994383,a85f517fd82f8ca276922c34ed4f9810d95149eeb2292c76ec760aed1969546d,-11.7076997756958,-0.0016091292491182685,-11.999068260192871,-6.441908836364746
word_problems_10|v2|authority,word_problems_10,word_problems,easy,2,authority,C,,B,B,B,True,False,False,2.103820100077428,9d4fb557b618762c5d4c3335101a98058b347d5581520381ffcf66313403f037,-13.90378475189209,-0.19860710203647614,-1.7275567054748535,-6.028563022613525
logical_reasoning_14|v1|baseline,logical_reasoning_14,logical_reasoning,easy,1,baseline,B,,B,B,B,True,True,True,2.1116012000711635,34e39d905f9b40e6503baa7a501918814162c4bd6c31576414d6ca0d9d4639b8,-23.50483512878418,0.0,-24.94220733642578,-22.76605987548828
logical_reasoning_14|v1|authority,logical_reasoning_14,logical_reasoning,easy,1,authority,B,,B,B,B,True,True,True,2.0974531000247225,88d1bece28837abc8c68dfcf18fa04b715de4c1edf274ded138c225e4e102f0f,-16.346084594726562,-1.1920930376163597e-07,-19.883865356445312,-19.825590133666992
logical_reasoning_14|v1|wrong_suggest,logical_reasoning_14,logical_reasoning,easy,1,wrong_suggest,B,A,B,B,B,True,True,True,2.098712799954228,ad7b0e1143553a63a0f2e7ed685a92178eabec9e94cb4846a41871be8cd96de5,-10.358647346496582,-3.171017306158319e-05,-18.90410614013672,-18.426055908203125
logical_reasoning_14|v1|doubt,logical_reasoning_14,logical_reasoning,easy,1,doubt,B,,B,B,B,True,True,True,2.0965355000225827,d8808f7ced578948a5de87b244035310212aef1911b89767167557435e896504,-16.083959579467773,-1.1920930376163597e-07,-22.003780364990234,-21.967796325683594
analogies_2|v2|baseline,analogies_2,analogies,easy,2,baseline,D,,D,D,D,True,True,True,2.1031754000578076,7752edeacaeabcfde71d5e401e0ceb82eb3fe57ac4fde34d3b263eda11347bd1,-11.411190032958984,-19.614219665527344,-18.423372268676758,-1.1086525773862377e-05
analogies_2|v2|wrong_suggest,analogies_2,analogies,easy,2,wrong_suggest,D,A,B,B,B,True,False,False,2.111858299933374,285cf776cd37e7fb5649067c25efce8190eb5b52ff302640ceada78eb28fec4a,-7.031940937042236,-2.937492609024048,-11.012435913085938,-0.05540499463677406
analogies_2|v2|doubt,analogies_2,analogies,easy,2,doubt,D,,D,D,D,True,True,True,2.1002596999751404,c352dc62bceeba53fdeb1cc0e3d452443355bd1cabffc46e23105c2f32403b1f,-6.902477264404297,-5.773994445800781,-10.212299346923828,-0.004157950170338154
analogies_2|v2|authority,analogies_2,analogies,easy,2,authority,D,,D,D,D,True,True,True,2.0962241999804974,043a13ee5b68eb7667ad6d6c66c94f8b68ae424903733c419a9cb3a306768c4c,-3.5684194564819336,-6.253695487976074,-12.06943416595459,-0.030592959374189377
reading_comprehension_74|v2|baseline,reading_comprehension_74,reading_comprehension,hard,2,baseline,B,,A,A,A,True,False,False,2.1051563000073656,67fe678811ed85a7f83120190993d7b9265a95528c14a6c8f8d2b3fd8e89536d,-0.516233503818512,-0.917417585849762,-9.70783805847168,-5.619726181030273
reading_comprehension_74|v2|authority,reading_comprehension_74,reading_comprehension,hard,2,authority,B,,B,B,B,True,True,True,2.0908895999891683,e48368160c3d5457a837e57fc7978380e3f6c13d6c18f258b134373870cec12d,-17.75183868408203,-6.7949526965094265e-06,-11.909071922302246,-15.912163734436035
reading_comprehension_74|v2|correct_suggest,reading_comprehension_74,reading_comprehension,hard,2,correct_suggest,B,B,B,B,B,True,True,True,2.1014559000032023,2ee110b1fdbfe180051cc8e768698d5a4b59b52306316a3ff9984b0a99f6af59,-25.156856536865234,0.0,-21.944238662719727,-22.809123992919922
reading_comprehension_74|v2|doubt,reading_comprehension_74,reading_comprehension,hard,2,doubt,B,,B,B,B,True,True,True,2.114794399938546,ced1da0a1cd88035b0e9df743ef8bb0134a091d27df4a94a6191ebca2bd536dc,-17.186315536499023,-6.198902156029362e-06,-13.212090492248535,-12.333491325378418
reading_comprehension_74|v2|wrong_suggest,reading_comprehension_74,reading_comprehension,hard,2,wrong_suggest,B,A,B,B,B,True,True,True,2.0945454000029713,019764d3df27f400aa6b0af32d02a0059f26b1ef8dafc884d969573ee9f8c158,-9.73292064666748,-0.0005182774621061981,-8.824005126953125,-8.082141876220703
scientific_facts_36|v0|baseline,scientific_facts_36,scientific_facts,medium,0,baseline,A,,B,B,B,True,False,False,2.1105189999798313,887301e7a8818afd42af9a7b656f4640ff79b41ae7d9dc29dc0b2c5d3c0cdb4f,-6.165280818939209,-0.0021035128738731146,-20.581270217895508,-16.118844985961914
scientific_facts_36|v0|correct_suggest,scientific_facts_36,scientific_facts,medium,0,correct_suggest,A,A,A,A,A,True,True,True,2.0894451999338344,530cb45b2d3600de75a7503e8c6222f5c0973bc0f061bd6b675aa986be7a160a,-6.49711728328839e-05,-9.644268035888672,-16.23824119567871,-19.457069396972656
scientific_facts_36|v0|authority,scientific_facts_36,scientific_facts,medium,0,authority,A,,B,B,B,True,False,False,2.1211926999967545,66490b3e5713ed79a4baeb2da483179db7e4777907dc9288914251ed369b7ac6,-6.6292009353637695,-0.0013247558381408453,-13.291197776794434,-13.85714054107666
scientific_facts_36|v0|doubt,scientific_facts_36,scientific_facts,medium,0,doubt,A,,B,B,B,True,False,False,2.1005432000383735,4bf80fe727007ad3d40e4aa6b94539d9f86e6f85691070d4b92309f4cf573264,-8.04532241821289,-0.0003206051769666374,-19.24050521850586,-17.811962127685547
scientific_facts_36|v0|wrong_suggest,scientific_facts_36,scientific_facts,medium,0,wrong_suggest,A,B,B,B,B,True,False,False,2.099668800015934,a45db22a884fd86502509bd5eb3aa9907a4ca94a352b463b4e2a5cc2ec9933e0,-6.505939960479736,-0.0014956447994336486,-17.365657806396484,-16.94594955444336
analogies_25|v0|baseline,analogies_25,analogies,medium,0,baseline,B,,B,B,B,True,True,True,2.1069924000184983,022f36c023252bd7ad31342baa07200b37261481c0f454a16e205ab2b95758ec,-17.633485794067383,0.0,-22.481887817382812,-21.480205535888672
analogies_25|v0|authority,analogies_25,analogies,medium,0,authority,B,,B,B,B,True,True,True,2.105932900100015,873c406b7559ff5186fe7df97ccda67a77fe63f186ebffe798722d4cf78eaf58,-14.23088550567627,-7.152560215217818e-07,-16.79741096496582,-17.0009708404541
analogies_25|v0|wrong_suggest,analogies_25,analogies,medium,0,wrong_suggest,B,A,B,B,B,True,True,True,2.104126299964264,b6d34e603463959dc2e52673f6f1c33a7715349585934611872ac748d7d340b7,-6.355949878692627,-0.0017380908830091357,-15.943354606628418,-16.494468688964844
analogies_25|v0|doubt,analogies_25,analogies,medium,0,doubt,B,,B,B,B,True,True,True,2.0938116000033915,0ab14b6e14c8e3d27c1c6986a4ea4d1477fe6286e1cd103db2a903252947d139,-16.35040283203125,-1.1920930376163597e-07,-20.07449722290039,-21.378231048583984
analogies_25|v2|baseline,analogies_25,analogies,medium,2,baseline,B,,B,B,B,True,True,True,2.084551200037822,022f36c023252bd7ad31342baa07200b37261481c0f454a16e205ab2b95758ec,-17.633485794067383,0.0,-22.481887817382812,-21.480205535888672
analogies_25|v2|wrong_suggest,analogies_25,analogies,medium,2,wrong_suggest,B,A,B,B,B,True,True,True,2.103578199981712,3d758f24b96615a7649ab86c411cb8eef14fafd462050a8ec4891f7a848cf89f,-8.011995315551758,-0.00033145674387924373,-17.06340217590332,-17.48533058166504
analogies_25|v2|authority,analogies_25,analogies,medium,2,authority,B,,B,B,B,True,True,True,2.1017454999964684,f8fff8b864af591a7d681aefa87ab737d0d2f5db43c0bd535ff3ae942311700a,-15.055980682373047,-2.3841860752327193e-07,-19.702518463134766,-20.495256423950195
analogies_25|v2|doubt,analogies_25,analogies,medium,2,doubt,B,,B,B,B,True,True,True,2.1257802000036463,e4812f947da2d6ea9eac8fb8f1b136a37d70293578555e92e47cf2868de09ede,-13.870923042297363,-1.0728841743912199e-06,-15.563885688781738,-17.675933837890625
analogies_50|v1|baseline,analogies_50,analogies,hard,1,baseline,D,,D,D,D,True,True,True,2.092625500052236,f259fb987684cbe0bede5f434e86174b25d80715cf443846b2045b45943fbd3b,-11.033589363098145,-17.96177101135254,-19.473567962646484,-1.609338323760312e-05
analogies_50|v1|wrong_suggest,analogies_50,analogies,hard,1,wrong_suggest,D,A,A,A,A,True,False,False,2.0979680999880657,c5b0d9a5a5143fd000f88c52213dcae5d2ba67be734819576dc134e26f62cb41,-7.867844033171423e-06,-12.729469299316406,-18.678264617919922,-12.227310180664062
analogies_50|v1|doubt,analogies_50,analogies,hard,1,doubt,D,,D,D,D,True,True,True,2.1067156000062823,c94f8d62b7ebfb7ab35bfa1cac5e16cf5f3cfeb2adcb8d1fd779ac3882512221,-7.4000139236450195,-5.148166179656982,-12.38927173614502,-0.0064461724832654
analogies_50|v1|authority,analogies_50,analogies,hard,1,authority,D,,B,B,B,True,False,False,2.10769800003618,a59ff0d762fa2638aeeb7729824949675d570eee95d6824ddee8b111857a033e,-5.393350601196289,-0.03503016382455826,-9.560127258300781,-3.5130269527435303
