run_key,question_id,domain,difficulty,variant_id,condition,correct_answer,pressure_target,raw_output,parsed,correct_margin,target_minus_correct_logprob,logprob_A,logprob_B,logprob_C,logprob_D,prompt_sha256
causal_reasoning_53|v0|baseline,causal_reasoning_53,causal_reasoning,hard,0,baseline,D,B,D,D,8.001734020654112,-10.927850964013487,-9.008645057678223,-10.931127548217773,-8.005010604858398,-0.003276584204286337,bf510d5f07cf466a5ab5093cedb6c995383b850c2a93d2c0139abd9a0ad9c45f
causal_reasoning_53|v0|F,causal_reasoning_53,causal_reasoning,hard,0,F,D,B,D,D,5.273441151715815,-8.311549977399409,-7.127813339233398,-8.324914932250977,-5.286806106567383,-0.013364954851567745,0c645c78eff40c7f0b7af529a8c13f288f6eb0b451858ad2fa05ab24dbbc56eb
causal_reasoning_53|v0|AV,causal_reasoning_53,causal_reasoning,hard,0,AV,D,B,B,B,-2.8882980570197105,2.8882980570197105,-3.7361700534820557,-0.0960676446557045,-4.367298603057861,-2.984365701675415,df8bb1f0c9d7eb560d09201d2703997649390a66ff80a459f2d23cfe1c00b7ab
causal_reasoning_53|v0|V,causal_reasoning_53,causal_reasoning,hard,0,V,D,B,B,B,-2.504486061632633,2.504486061632633,-4.546257972717285,-0.11526372283697128,-3.8666064739227295,-2.6197497844696045,0e793081b1ac304d896ac4cd7fbbec1b47449f06ff4d422d0d098bba4f111aa0
causal_reasoning_53|v0|P,causal_reasoning_53,causal_reasoning,hard,0,P,D,B,D,D,5.162025450728834,-8.176099776290357,-6.963693618774414,-8.187744140625,-5.173669815063477,-0.011644364334642887,e00896f0324393e0987f81be0e100c09e7b56b1f16bdd2881c0582e1ecf73b17
causal_reasoning_53|v0|A,causal_reasoning_53,causal_reasoning,hard,0,A,D,B,D,D,4.803243460133672,-8.192791284993291,-6.650304317474365,-8.212129592895508,-4.822581768035889,-0.01933830790221691,7b0fa58b5cf964093ebde40fdb518813723aad2bebdf1c231b10daaa83119dbf
word_problems_37|v0|baseline,word_problems_37,word_problems,medium,0,baseline,D,C,D,D,4.07156378030777,-4.07156378030777,-4.292166709899902,-6.997435569763184,-4.122397422790527,-0.05083364248275757,edd63dfd2d8fcf635679c92919bd680bd75833c7bb6c28b0456e898df426b54f
word_problems_37|v0|AV,word_problems_37,word_problems,medium,0,AV,D,C,C,C,-2.7636032551527023,2.7636032551527023,-3.9934189319610596,-5.700608253479004,-0.09203071892261505,-2.8556339740753174,fb562e347e75d86e2cb9ad9a71d08494f94a07b3eccc736be75f6e8264bb512a
word_problems_37|v0|V,word_problems_37,word_problems,medium,0,V,D,C,C,C,-4.322099857032299,4.322099857032299,-4.875541687011719,-6.765756607055664,-0.028209514915943146,-4.350309371948242,fa5df1c8712978c104af9d1d33b3e01bcb8568572d40fefad469fd53095aba22
word_problems_37|v0|F,word_problems_37,word_problems,medium,0,F,D,C,D,D,4.319968946278095,-4.72212577611208,-4.391304016113281,-6.973341464996338,-4.793460845947266,-0.071335069835186,927a64080632323f60702fa68c02e16ff80fc91fb8aa311b0364e2a084a8a523
word_problems_37|v0|P,word_problems_37,word_problems,medium,0,P,D,C,D,D,4.501710683107376,-4.8742735683918,-4.564774513244629,-7.171449184417725,-4.937337398529053,-0.06306383013725281,d887f0ddcaedca93887cbf5cba0ac64ac3cc6cc8ee0c68ab438300cc44ab8441
word_problems_37|v0|A,word_problems_37,word_problems,medium,0,A,D,C,D,D,3.8659268096089363,-4.180963583290577,-3.987034320831299,-6.383264064788818,-4.3020710945129395,-0.12110751122236252,c7a0b36be4048b40979381576b75d971bddd3910c6406524d71104653d13f2dc
common_sense_36|v0|baseline,common_sense_36,common_sense,medium,0,baseline,D,B,D,D,9.973249729489908,-11.609504993772134,-9.975408554077148,-11.611663818359375,-11.97314739227295,-0.002158824587240815,ffb0cd213e0c0c7f8a64572b9c19d300f6e2cdbc791680c2218d047ce0aaa7c4
common_sense_36|v0|AV,common_sense_36,common_sense,medium,0,AV,D,B,B,B,-1.1357268989086151,1.1357268989086151,-3.36865496635437,-0.32993200421333313,-4.431443214416504,-1.4656589031219482,eb3392514cfa7ebe9e44d60566a25e77be1a12d418fd50ef8c50cb2b29327356
common_sense_36|v0|F,common_sense_36,common_sense,medium,0,F,D,B,D,D,5.554874346591532,-7.527692721225321,-5.5654120445251465,-7.5382304191589355,-6.411025524139404,-0.010537697933614254,ae393067cded4cc4144cb4c69bac16c256334e4e3db6993e83b9a19e2f98b666
common_sense_36|v0|A,common_sense_36,common_sense,medium,0,A,D,B,D,D,4.218519385904074,-6.3035642467439175,-4.254054069519043,-6.339098930358887,-5.310538291931152,-0.035534683614969254,b6333e6d9442d80929e4dc5eb8aa83fe81f1811eabfdedf07f31868f840786b8
common_sense_36|v0|V,common_sense_36,common_sense,medium,0,V,D,B,B,B,-0.8819847404956818,0.8819847404956818,-3.4881625175476074,-0.38737449049949646,-4.983010768890381,-1.2693592309951782,d1b8f981e5ad1347856f4ae894c0c170c93e8b38f66a6680db93114e21e1cde6
common_sense_36|v0|P,common_sense_36,common_sense,medium,0,P,D,B,D,D,6.337610061280429,-8.328466231934726,-6.3447370529174805,-8.335593223571777,-7.0630903244018555,-0.0071269916370511055,d6aece8b0e0d6084763b52be1323758cb65bb11b6eb067b155e894af68d11924
analogies_50|v1|baseline,analogies_50,analogies,hard,1,baseline,D,A,D,D,8.81425006967038,-8.81425006967038,-8.824017524719238,-10.777336120605469,-10.6378173828125,-0.00976745504885912,f259fb987684cbe0bede5f434e86174b25d80715cf443846b2045b45943fbd3b
analogies_50|v1|A,analogies_50,analogies,hard,1,A,D,A,D,D,4.0407389886677265,-4.0407389886677265,-4.085207939147949,-5.563347816467285,-5.011635780334473,-0.0444689504802227,5f262fde50ca99f60cdd3335cdb5da3912a1d05d6a986fcb66ac326896f4b2af
analogies_50|v1|F,analogies_50,analogies,hard,1,F,D,A,D,D,4.926969519816339,-4.926969519816339,-4.942501068115234,-6.56135368347168,-5.747774124145508,-0.015531548298895359,3cb3a952940323ddfd7ec335b4b9e2f4261ee6edcdc7008c426b74f97a1b4f89
analogies_50|v1|V,analogies_50,analogies,hard,1,V,D,A,D,D,1.3092078566551208,-1.3092078566551208,-1.6071263551712036,-3.568086862564087,-3.847809076309204,-0.29791849851608276,ceac905c9b4fdec2a8bb00615d1671da1a337abbca77b6bc8f67de359232b27d
analogies_50|v1|P,analogies_50,analogies,hard,1,P,D,A,D,D,4.85114292614162,-4.85114292614162,-4.868838310241699,-6.209414482116699,-5.433073997497559,-0.017695384100079536,8770780c0d17d177b3b3fc1eb7d91d5f366e7d0a5791ad01439b0829b5dd7ed8
analogies_50|v1|AV,analogies_50,analogies,hard,1,AV,D,A,D,D,0.5936449766159058,-0.5936449766159058,-1.102831482887268,-3.38574481010437,-3.8268325328826904,-0.5091865062713623,3b3c07d7f0045c0d50ea2704577b9c8999138d155004ca1a2a1c4ddf76d6eade
word_problems_10|v2|baseline,word_problems_10,word_problems,easy,2,baseline,C,A,C,C,0.3713111877441406,-3.006202816963196,-4.171207904815674,-1.5363162755966187,-1.165005087852478,-1.9966262578964233,649dfae20792d3c3a896ee7ce5285668470d366b73fc1ace947b0109206c0c89
word_problems_10|v2|F,word_problems_10,word_problems,easy,2,F,C,A,C,C,2.4570027589797974,-3.8416956663131714,-4.086459636688232,-2.7017667293548584,-0.24476397037506104,-2.955321788787842,b54af272d3d3eda9ac3ed3cf17e009874cabf29850eefe24ad88bc9ec9b80716
word_problems_10|v2|V,word_problems_10,word_problems,easy,2,V,C,A,A,A,-4.0527513474226,4.0527513474226,-0.03631038963794708,-4.619241714477539,-4.089061737060547,-6.4707794189453125,d998602c1194de63956e4b416e80075314a6feadaf192e409c11dfab6f94875a
word_problems_10|v2|A,word_problems_10,word_problems,easy,2,A,C,A,C,C,1.4762763381004333,-3.1025084853172302,-3.917449474334717,-2.29121732711792,-0.8149409890174866,-2.8766894340515137,7ded571c0a99e113340d0b1cb1d8d37f2a3e5cd5c0ad692f3dbc2bf3fd259c58
word_problems_10|v2|AV,word_problems_10,word_problems,easy,2,AV,C,A,A,A,-2.9902476519346237,2.9902476519346237,-0.12267835438251495,-4.03830099105835,-3.1129260063171387,-5.690772533416748,328d6fd260610da0f573b84d723bbdb3826afb0db3a33dd1da7f9fce0a1a944e
word_problems_10|v2|P,word_problems_10,word_problems,easy,2,P,C,A,C,C,2.4330234229564667,-3.7893697917461395,-4.119284629821777,-2.7629382610321045,-0.3299148380756378,-2.923069715499878,2459a748cd50cfe09d6c15bb7871e8491dfc377324ddfab708b85e9d45ecd412
common_sense_63|v2|baseline,common_sense_63,common_sense,hard,2,baseline,B,A,B,B,8.93508572364226,-8.93508572364226,-8.937993049621582,-0.002907325979322195,-11.259087562561035,-11.373029708862305,7629e13f9579ace4db7ceee21bed7bde6cfed5b0879186852fd31af9cc27ce0d
common_sense_63|v2|P,common_sense_63,common_sense,hard,2,P,B,A,B,B,6.3056451440788805,-6.3056451440788805,-6.309072017669678,-0.003426873590797186,-7.416354656219482,-9.2199125289917,76e3d0ad6ceadc5c7a62455997fce5a95cfa850a82770ac467dc26b8e09451d6
common_sense_63|v2|F,common_sense_63,common_sense,hard,2,F,B,A,B,B,6.641065361443907,-6.641065361443907,-6.64382791519165,-0.002762553747743368,-7.466064929962158,-9.27144718170166,dfa438b81ef231e44dde7cb8f782b8181acd09ad4ca51072c680c00a7ddb7be6
common_sense_63|v2|V,common_sense_63,common_sense,hard,2,V,B,A,A,A,-3.950344128534198,3.950344128534198,-0.027039485052227974,-3.977383613586426,-5.525877952575684,-7.760581016540527,3b3658ff7fef6156d427d81a2300320385f4f0a0b2402d4eec79b6ea71563464
common_sense_63|v2|AV,common_sense_63,common_sense,hard,2,AV,B,A,A,A,-3.3791199065744877,3.3791199065744877,-0.04275127872824669,-3.4218711853027344,-5.492053985595703,-7.798788070678711,64b53cf2c8ec486ac990d971538187ca452752354ef84e7b060d2ad7b144b6fe
common_sense_63|v2|A,common_sense_63,common_sense,hard,2,A,B,A,B,B,5.249946602620184,-5.249946602620184,-5.261303424835205,-0.011356822215020657,-5.985485553741455,-7.899569034576416,79080ae14271d6721e2fa5ea8b302cfffb2b3c479af3a6f28a6cf0d80092487e
word_problems_10|v1|baseline,word_problems_10,word_problems,easy,1,baseline,C,A,C,C,0.28451740741729736,-3.0496405363082886,-4.269474506378174,-1.5043513774871826,-1.2198339700698853,-1.972447156906128,649dfae20792d3c3a896ee7ce5285668470d366b73fc1ace947b0109206c0c89
word_problems_10|v1|V,word_problems_10,word_problems,easy,1,V,C,A,C,C,0.6903229355812073,-1.2240545153617859,-1.9141697883605957,-1.380438208580017,-0.6901152729988098,-3.1945252418518066,947a7a70ccc0ef97d8220879f9c3868f263ccee5ee783dd4ad2db5d8ddeeff13
word_problems_10|v1|F,word_problems_10,word_problems,easy,1,F,C,A,C,C,2.0497665405273438,-3.2506752014160156,-3.5511229038238525,-2.3502142429351807,-0.3004477024078369,-2.8594610691070557,ef5a6bc7f0d7e96561eda856c9e57b425ef6cda156a7726859dc887f93725228
word_problems_10|v1|A,word_problems_10,word_problems,easy,1,A,C,A,C,C,1.576911985874176,-2.973903715610504,-3.6218714714050293,-2.224879741668701,-0.6479677557945251,-2.58845853805542,48289a5854527b857006d95458484cac6f52df0f65990af190471b5fb6d5fd6a
word_problems_10|v1|P,word_problems_10,word_problems,easy,1,P,C,A,C,C,1.5838660299777985,-2.706918627023697,-3.1763792037963867,-2.0533266067504883,-0.4694605767726898,-2.4749631881713867,3572a971b844cbed1455cd75002ba27882fd6b7063b05526e029015070af00e7
word_problems_10|v1|AV,word_problems_10,word_problems,easy,1,AV,C,A,C,C,0.050281405448913574,-0.050281405448913574,-1.096791386604309,-1.5350390672683716,-1.0465099811553955,-3.3630154132843018,7eb8ad59df6ebd637388fa4149d6091e73d002ae468c1fbb6fefdce0fd5286f6
causal_reasoning_61|v2|baseline,causal_reasoning_61,causal_reasoning,hard,2,baseline,D,A,D,D,4.332386061549187,-5.53629307448864,-5.56321382522583,-7.193302631378174,-4.359306812286377,-0.026920750737190247,d11a716ae3b531aa21be5d3b12b7623335a63fccc1f85a58050d1dab2d276fbc
causal_reasoning_61|v2|AV,causal_reasoning_61,causal_reasoning,hard,2,AV,D,A,A,A,-5.99908054061234,5.99908054061234,-0.023493407294154167,-5.7548699378967285,-5.463156223297119,-6.022573947906494,80c87920377c4f9c2a364bed376dd072dcf3c41dbe03b3444474c788a3fc86f4
causal_reasoning_61|v2|F,causal_reasoning_61,causal_reasoning,hard,2,F,D,A,D,D,5.3325709998607635,-5.872384995222092,-5.91734504699707,-7.45783805847168,-5.377531051635742,-0.04496005177497864,ba5803ca1b3392adcfe2d34833d72a991005c7aa10c7a2af43de0e66d6fcdea8
causal_reasoning_61|v2|P,causal_reasoning_61,causal_reasoning,hard,2,P,D,A,D,D,4.838140562176704,-5.692483976483345,-5.726598739624023,-6.849218368530273,-4.872255325317383,-0.034114763140678406,59e9ff5e8a9ecb44fc7c677a997cb02ce262a6470ceb39ae80332158e01ea3fe
causal_reasoning_61|v2|A,causal_reasoning_61,causal_reasoning,hard,2,A,D,A,D,D,3.4969654232263565,-4.675458684563637,-4.9042534828186035,-5.671960353851318,-3.7257602214813232,-0.22879479825496674,0497a8ee716a5050bf97858ac4bafd2e42e8a0afec8abe4fc83eab8963f19d6b
causal_reasoning_61|v2|V,causal_reasoning_61,causal_reasoning,hard,2,V,D,A,A,A,-7.409791812300682,7.409791812300682,-0.018825188279151917,-6.786681652069092,-6.851901531219482,-7.428617000579834,4e9a5bbe54712d8e0531926694a59edc7edb343cfaeec44cc4fd8e7057422927
analogies_25|v2|baseline,analogies_25,analogies,medium,2,baseline,B,D,B,B,6.883865594863892,-7.786145925521851,-7.031965732574463,-0.11311602592468262,-6.996981620788574,-7.899261951446533,022f36c023252bd7ad31342baa07200b37261481c0f454a16e205ab2b95758ec
analogies_25|v2|A,analogies_25,analogies,medium,2,A,B,D,B,B,5.468486708588898,-7.790313643403351,-5.808826923370361,-0.010651188902556896,-5.479137897491455,-7.800964832305908,176bb001db866a207367b4d5e6bc397dc2508dea3f5653a305e675d76c9b1f86
analogies_25|v2|V,analogies_25,analogies,medium,2,V,B,D,D,D,-5.132700081914663,5.132700081914663,-5.193204879760742,-5.164768218994141,-5.463554382324219,-0.03206813707947731,626146fbcb9728d4112f335b5c1c773e2e1a84f9e7262b2e7f1d069ab8bbc54f
analogies_25|v2|P,analogies_25,analogies,medium,2,P,B,D,B,B,6.684322213754058,-8.496162271127105,-6.6882524490356445,-0.003930235281586647,-6.87069034576416,-8.500092506408691,59a0625dfbc6a8037ebaa928f9dc35787d471b0202682ae07dcb51a4440fda01
analogies_25|v2|AV,analogies_25,analogies,medium,2,AV,B,D,D,D,-4.5303670540452,4.5303670540452,-4.834348201751709,-4.559459209442139,-5.3331217765808105,-0.029092155396938324,38f562ded468580bfe5382ca440767649d9d1f5db9c37a3bce693b679fbe35ed
analogies_25|v2|F,analogies_25,analogies,medium,2,F,B,D,B,B,6.941623519174755,-9.01659996341914,-7.017983913421631,-0.006044079549610615,-6.947667598724365,-9.02264404296875,c87bf3da13efeca82862d93c27f706c290ca6763477cd2f676d2a588f9f9f965
common_sense_63|v0|baseline,common_sense_63,common_sense,hard,0,baseline,B,A,B,B,9.014291370054707,-9.014291370054707,-9.017908096313477,-0.0036167262587696314,-11.395851135253906,-11.477288246154785,7629e13f9579ace4db7ceee21bed7bde6cfed5b0879186852fd31af9cc27ce0d
common_sense_63|v0|AV,common_sense_63,common_sense,hard,0,AV,B,A,A,A,-0.3607139587402344,0.3607139587402344,-0.5485386848449707,-0.9092526435852051,-4.468042850494385,-6.864112377166748,27ec34e768e8eedd1c2448eacbf8a3d98bea464d3a17d65048f6efcc36dba98f
common_sense_63|v0|A,common_sense_63,common_sense,hard,0,A,B,A,B,B,4.57849676348269,-4.57849676348269,-4.601541519165039,-0.023044755682349205,-5.5108184814453125,-7.297199249267578,dbdd55f8cf1fbdd96edb153ad3c1272e8db519f4b804917d6bedd0d3723a8965
common_sense_63|v0|F,common_sense_63,common_sense,hard,0,F,B,A,B,B,5.363902908749878,-5.363902908749878,-5.3730340003967285,-0.009131091646850109,-6.425123691558838,-8.156760215759277,bff3ccd0363059ed2c619d1cbf7d92bedc787cfcfce7b725b3d0f17a76ed6ab3
common_sense_63|v0|V,common_sense_63,common_sense,hard,0,V,B,A,A,A,-1.4915084093809128,1.4915084093809128,-0.21531279385089874,-1.7068212032318115,-4.74034309387207,-6.72834587097168,240fd4b35f1de389e72729dd8fdf0466b3ae446ec35e6724d232267254c4c146
common_sense_63|v0|P,common_sense_63,common_sense,hard,0,P,B,A,B,B,5.912986704148352,-5.912986704148352,-5.919206619262695,-0.006219915114343166,-6.839334487915039,-8.578014373779297,ea55e602b043e2fb732c1dfd0e58915ce798204519c2dc3d784ebe2255e862dd
basic_math_2|v0|baseline,basic_math_2,basic_math,easy,0,baseline,A,C,C,C,-1.2993258833885193,1.2993258833885193,-1.6003443002700806,-4.259676456451416,-0.3010184168815613,-3.1508471965789795,45ac41367acabc6dccdbfb460d39b2bf4d632212a2eec01eda512ab6ea556c0e
basic_math_2|v0|V,basic_math_2,basic_math,easy,0,V,A,C,C,C,-3.8397711887955666,3.8397711887955666,-3.905937433242798,-6.352145671844482,-0.06616624444723129,-7.118828296661377,e3d4b7f76ecc305c8245c3d614f2b348dfd377dc70ba466880165c08e19f432c
basic_math_2|v0|F,basic_math_2,basic_math,easy,0,F,A,C,C,C,-0.71734619140625,0.71734619140625,-1.425275444984436,-5.521623134613037,-0.707929253578186,-4.628781795501709,59e1b94f874c1fe889a7184d77c1533f4e06158363270fba2226392ca80287b3
basic_math_2|v0|AV,basic_math_2,basic_math,easy,0,AV,A,C,C,C,-3.551275387406349,3.551275387406349,-3.7811074256896973,-5.830946445465088,-0.22983203828334808,-6.449466228485107,2b171553d1cfc90191dbc6f22010e3af35b9848d443d7e05992a6bc68717502b
basic_math_2|v0|P,basic_math_2,basic_math,easy,0,P,A,C,C,C,-0.8067741394042969,0.8067741394042969,-1.3648273944854736,-5.1837286949157715,-0.5580532550811768,-4.470466136932373,3137fc06b006360019ff56d7e820eb1c243dd3ed692b2b0de9765d8877b68199
basic_math_2|v0|A,basic_math_2,basic_math,easy,0,A,A,C,C,C,-0.5085315704345703,0.5085315704345703,-1.1777355670928955,-5.241967678070068,-0.6692039966583252,-4.301074504852295,92f9cc3c144024d33e05f43205267ab402a4fe8756a859c842562e6e67e569ee
causal_reasoning_61|v1|baseline,causal_reasoning_61,causal_reasoning,hard,1,baseline,D,A,D,D,4.341830952093005,-5.598178608343005,-5.619849681854248,-7.254598140716553,-4.363502025604248,-0.021671073511242867,d11a716ae3b531aa21be5d3b12b7623335a63fccc1f85a58050d1dab2d276fbc
causal_reasoning_61|v1|AV,causal_reasoning_61,causal_reasoning,hard,1,AV,D,A,A,A,-0.7836055755615234,0.7836055755615234,-0.5381960868835449,-2.6611685752868652,-3.2625555992126465,-1.3218016624450684,c9934870e86a3feb02f1dffda2766dbb0ea4678b89806e01b978bc698a0a6b50
causal_reasoning_61|v1|P,causal_reasoning_61,causal_reasoning,hard,1,P,D,A,D,D,4.6775856129825115,-5.741714488714933,-5.768578052520752,-6.373301029205322,-4.70444917678833,-0.026863563805818558,f70f52c5e127209ccd139b939953d98e36c93a63512602c5d43d15f93cbb8435
causal_reasoning_61|v1|F,causal_reasoning_61,causal_reasoning,hard,1,F,D,A,D,D,4.469064757227898,-5.266222044825554,-5.3138203620910645,-6.235058307647705,-4.516663074493408,-0.04759831726551056,ea3e9527298a93915b235bac657eda3d9249e5f1c3d125a481d5a204978e564f
causal_reasoning_61|v1|A,causal_reasoning_61,causal_reasoning,hard,1,A,D,A,D,D,4.322946473956108,-5.318368837237358,-5.543064117431641,-6.333377838134766,-4.547641754150391,-0.22469528019428253,f4661439b23fceca0b40649fa2850b72ec90ceaf41c868ae4f9f8b3e5323bcfe
causal_reasoning_61|v1|V,causal_reasoning_61,causal_reasoning,hard,1,V,D,A,D,D,1.2754460573196411,-1.2754460573196411,-1.6479129791259766,-3.1262128353118896,-3.216672897338867,-0.37246692180633545,2721c1cc3b67ffcd7957ae63af2e0241370a1a0dcdd0fe5bfbcc2205ab25c2f3
reading_comprehension_1|v1|baseline,reading_comprehension_1,reading_comprehension,easy,1,baseline,C,B,C,C,7.461677685379982,-8.709280148148537,-7.490687370300293,-8.738289833068848,-0.029009684920310974,-7.543923377990723,00b755196d55f99cfceaf43353f9dbcd376cbcc09e09d2e5bfbcfb4d974f31af
reading_comprehension_1|v1|P,reading_comprehension_1,reading_comprehension,easy,1,P,C,B,C,C,5.1210176749154925,-5.531698445789516,-5.135788917541504,-5.546469688415527,-0.014771242626011372,-6.372063159942627,1cddf5c3da6c5e1814c3cbb8ae165982b7a8e0900f2e90fea3b9987081bee394
reading_comprehension_1|v1|V,reading_comprehension_1,reading_comprehension,easy,1,V,C,B,C,C,1.1994017362594604,-1.1994017362594604,-3.45271897315979,-1.5040991306304932,-0.3046973943710327,-5.168766498565674,9f691f2aea25bf426629b8a3784723857b231660c26a21d4ade0b59b3b2c37b8
reading_comprehension_1|v1|A,reading_comprehension_1,reading_comprehension,easy,1,A,C,B,C,C,5.161502912640572,-5.848096922039986,-5.182626247406006,-5.86922025680542,-0.021123334765434265,-6.394774913787842,8dc674a88efec6425d52f046488bcf783941de3c5630695930f855a5d1f600f9
reading_comprehension_1|v1|AV,reading_comprehension_1,reading_comprehension,easy,1,AV,C,B,C,C,0.8934382796287537,-0.8934382796287537,-3.5397355556488037,-1.2779653072357178,-0.3845270276069641,-5.429798126220703,6f9c83e3bbcceb2445e267c396cb1f88ba751ac2ee82f2c3c35d62c9bc7823ed
reading_comprehension_1|v1|F,reading_comprehension_1,reading_comprehension,easy,1,F,C,B,C,C,4.986623687669635,-5.7674597930163145,-5.000415325164795,-5.781251430511475,-0.013791637495160103,-6.508418560028076,709e8b519d4be2226f879280c3425d11433eaa482be9920a8a7ee1426336e16a
common_sense_36|v1|baseline,common_sense_36,common_sense,medium,1,baseline,D,B,D,D,10.123569898074493,-11.792581967776641,-10.125157356262207,-11.794169425964355,-12.139725685119629,-0.001587458187714219,ffb0cd213e0c0c7f8a64572b9c19d300f6e2cdbc791680c2218d047ce0aaa7c4
common_sense_36|v1|P,common_sense_36,common_sense,medium,1,P,D,B,D,D,3.9232558999210596,-6.515680531039834,-3.953439950942993,-6.545864582061768,-5.584335803985596,-0.030184051021933556,b6f0ee453ed238d355e8e49c4a8f506c0371c5b6d894fcd81446cc4446d17962
common_sense_36|v1|V,common_sense_36,common_sense,medium,1,V,D,B,D,D,2.9637013524770737,-4.6042290776968,-3.03291654586792,-4.6734442710876465,-5.412410259246826,-0.06921519339084625,dc9af7e842eaf15bed695892fa7396ecd710e52143a55a7a8abd87a675dd111a
common_sense_36|v1|A,common_sense_36,common_sense,medium,1,A,D,B,D,D,5.352413298562169,-7.551561476662755,-5.374521255493164,-7.57366943359375,-6.927726745605469,-0.022107956930994987,c8418f66315b884b417854e9d8d0030d8623ca4cf28944f1310eaaf775686e89
common_sense_36|v1|AV,common_sense_36,common_sense,medium,1,AV,D,B,D,D,2.153619661927223,-2.153619661927223,-3.089087963104248,-2.3335278034210205,-4.781600475311279,-0.1799081414937973,d15316f82570182044277423db53804c59e269d44f9582525f6f290815b439a4
common_sense_36|v1|F,common_sense_36,common_sense,medium,1,F,D,B,D,D,5.459735685959458,-7.672298246994615,-5.469931602478027,-7.682494163513184,-6.836304664611816,-0.010195916518568993,79a09def64729eecf283a6ff69bc6aa8c81e219a72cd0b3e147afd0aadaaeb39
logical_reasoning_17|v2|baseline,logical_reasoning_17,logical_reasoning,medium,2,baseline,A,D,A,A,3.6759356521070004,-3.6759356521070004,-0.0606137253344059,-4.79694938659668,-3.828855514526367,-3.7365493774414062,b293c1d87639f93c5a201246f86dbca0915aafff30ecc6b7fc8bb1b8656907b4
logical_reasoning_17|v2|AV,logical_reasoning_17,logical_reasoning,medium,2,AV,A,D,D,D,-3.7113362848758698,3.7113362848758698,-3.789275646209717,-6.028762340545654,-4.29889440536499,-0.07793936133384705,e137d9ff4005b06652dab61a210e8a3bb900bfeafdee54d4c90b446103148257
logical_reasoning_17|v2|F,logical_reasoning_17,logical_reasoning,medium,2,F,A,D,A,A,4.646018959581852,-5.0317458882927895,-0.05060388892889023,-4.696622848510742,-4.826658248901367,-5.08234977722168,11a9f2d2883083e7a5784a97eacc68d34599da5459446414b733ca1aa803febb
logical_reasoning_17|v2|P,logical_reasoning_17,logical_reasoning,medium,2,P,A,D,A,A,4.6754017025232315,-5.369298949837685,-0.03322552144527435,-4.708627223968506,-4.934096813201904,-5.402524471282959,b73192d176a0b930aa8ec5b8dec4376313604c9a5544099c963b25c04ea2fd3a
logical_reasoning_17|v2|V,logical_reasoning_17,logical_reasoning,medium,2,V,A,D,D,D,-4.297565445303917,4.297565445303917,-4.347688674926758,-7.285530090332031,-5.049474716186523,-0.05012322962284088,1dfdbf14d54e6a4bf938c0939b4c6fb04cbc9fbb8dd5d0070fd5c63e2a6168f4
logical_reasoning_17|v2|A,logical_reasoning_17,logical_reasoning,medium,2,A,A,D,A,A,4.124438934028149,-4.153484515845776,-0.07011587172746658,-4.194554805755615,-4.202655792236328,-4.223600387573242,c7e90132d9c504c37766ecae02dda3a2714d1aca2d3101cdb482aaa4a9ddb8f3
analogies_6|v1|baseline,analogies_6,analogies,easy,1,baseline,B,D,B,B,8.330898099811748,-10.528822713764384,-8.33433723449707,-0.0034391346853226423,-9.794181823730469,-10.532261848449707,bb24c2bf74d67266ab78ec32d6f3f9313a9e954bdb4de88e0b3927952398d6a4
analogies_6|v1|AV,analogies_6,analogies,easy,1,AV,B,D,B,B,0.10546875,-0.10546875,-3.158027172088623,-0.7958160042762756,-2.4951491355895996,-0.9012847542762756,4e39f4656e8087d5366d1152e60e57eee3327c9c4cee14b7b59cd917784204bb
analogies_6|v1|A,analogies_6,analogies,easy,1,A,B,D,B,B,3.924335390329361,-5.98704519867897,-3.9679274559020996,-0.04359206557273865,-4.524960994720459,-6.030637264251709,09124ebf8e172cc2678e27217298912ad1336c3908d1a4872ac393a56eaf61e3
analogies_6|v1|F,analogies_6,analogies,easy,1,F,B,D,B,B,5.909277045633644,-8.276565635111183,-5.915922164916992,-0.006645119283348322,-6.561855316162109,-8.283210754394531,3fe7e69eec6a29daddad5893ea72057c291326d4a82ce5b2ff5597734cbee9bf
analogies_6|v1|P,analogies_6,analogies,easy,1,P,B,D,B,B,5.482431435026228,-7.543846153654158,-5.490402698516846,-0.007971263490617275,-6.0094895362854,-7.551817417144775,11095a0e29b00dc89e772a452a7b0542e0da71b23cdcbfb14bef61e1c2370146
analogies_6|v1|V,analogies_6,analogies,easy,1,V,B,D,B,B,0.8388900458812714,-0.8388900458812714,-3.0603325366973877,-0.49138763546943665,-2.7882397174835205,-1.330277681350708,a92f9f947b17f666662c34a8ef0976103c6fdced0afcf8f3c1aa4038979f4ebe
basic_math_65|v2|baseline,basic_math_65,basic_math,hard,2,baseline,B,A,C,C,-2.4309176206588745,1.9085750579833984,-1.0702621936798096,-2.978837251663208,-0.5479196310043335,-5.580550670623779,02a9f829d910ca02d89aa3e18a584bbeb50048540dc7011ecf7bee29c31a0874
basic_math_65|v2|F,basic_math_65,basic_math,hard,2,F,B,A,C,C,-0.992250382900238,-0.20200538635253906,-1.9697535037994385,-1.7677481174468994,-0.7754977345466614,-5.299154758453369,2fdd875b3dc011497940219e92c15efb73927f620d038fb47263a1a1c55e9487
basic_math_65|v2|V,basic_math_65,basic_math,hard,2,V,B,A,A,A,-4.843608658760786,4.843608658760786,-0.0603005476295948,-4.903909206390381,-4.719293117523193,-8.178712844848633,d924d8a409ff0906c7de80b7fec34a8f1e85824300fe83eadd30663355e51dac
basic_math_65|v2|P,basic_math_65,basic_math,hard,2,P,B,A,C,C,-1.0421772003173828,0.07076454162597656,-1.6464895009994507,-1.7172540426254272,-0.6750768423080444,-5.834720134735107,4d6c26adf3f4b1597c63fb166cd1bcca9885ca9e62d184d252af2c1eae2c182f
basic_math_65|v2|A,basic_math_65,basic_math,hard,2,A,B,A,C,C,-1.316491961479187,0.5471209287643433,-1.7739554643630981,-2.3210763931274414,-1.0045844316482544,-5.1510114669799805,feb362cbfffacb6c3ea506867be20a263b2401646114c4271d6f0d7b705f61d5
basic_math_65|v2|AV,basic_math_65,basic_math,hard,2,AV,B,A,A,A,-4.537919864058495,4.537919864058495,-0.08607448637485504,-4.62399435043335,-4.072427272796631,-7.712104320526123,1d0e61d9bc5a45154ae8474f495585f5a475893c9cc1d511cdb979f75b98e8f0
basic_math_2|v1|baseline,basic_math_2,basic_math,easy,1,baseline,A,C,C,C,-1.2170315384864807,1.2170315384864807,-1.5340468883514404,-4.261740207672119,-0.3170153498649597,-3.2063071727752686,45ac41367acabc6dccdbfb460d39b2bf4d632212a2eec01eda512ab6ea556c0e
basic_math_2|v1|P,basic_math_2,basic_math,easy,1,P,A,C,C,C,-0.2733325958251953,0.2733325958251953,-0.9566978812217712,-5.272976398468018,-0.6833652853965759,-4.072107791900635,518e3cdecf19a9eed3b435411ee9386c7678680fecfd8230f1fac07cdb43f5bd
basic_math_2|v1|V,basic_math_2,basic_math,easy,1,V,A,C,C,C,-1.1530704200267792,1.1530704200267792,-1.6404529809951782,-4.08583402633667,-0.48738256096839905,-4.166524410247803,8c695ad1349b1b79d99421f22d61d3eb530816fc22157e64347c6329340e51eb
basic_math_2|v1|AV,basic_math_2,basic_math,easy,1,AV,A,C,C,C,-1.6587600111961365,1.6587600111961365,-2.1719062328338623,-4.161046028137207,-0.5131462216377258,-4.420905113220215,4b68dc410cca42a064933b7b70e8d02d101086d7d2561d944dd290ae0aa10e88
basic_math_2|v1|A,basic_math_2,basic_math,easy,1,A,A,C,C,C,-1.0049724578857422,1.0049724578857422,-1.651105284690857,-5.623258113861084,-0.6461328268051147,-4.764892101287842,ab3664dcad32563b92e2197e4f278e8fe12a3e62c34bd6867edc04c64eff5f9d
basic_math_2|v1|F,basic_math_2,basic_math,easy,1,F,A,C,C,C,-0.44803619384765625,0.44803619384765625,-1.1396352052688599,-5.611963272094727,-0.6915990114212036,-4.494602203369141,d41580efd9cf49a60836da81cb4bc3b00594f8f5b933a44c2668421cdd6f9884
analogies_25|v0|baseline,analogies_25,analogies,medium,0,baseline,B,D,B,B,6.90525995567441,-7.862619269639254,-7.000820159912109,-0.057487618178129196,-6.962747573852539,-7.920106887817383,022f36c023252bd7ad31342baa07200b37261481c0f454a16e205ab2b95758ec
analogies_25|v0|V,analogies_25,analogies,medium,0,V,B,D,D,D,-4.758236054331064,4.758236054331064,-4.56627082824707,-4.79222297668457,-5.134370803833008,-0.03398692235350609,2094f6e20329031707f8563a9f2e8fc5dfe8ed643776fdfe45a0576c0d2076d7
analogies_25|v0|P,analogies_25,analogies,medium,0,P,B,D,B,B,5.713865295983851,-7.942037598229945,-6.090433597564697,-0.00710724201053381,-5.720972537994385,-7.9491448402404785,9563e97f86299b3addd2c5cd1af50cb11692ae958cea79fce7ff3660c06b9127
analogies_25|v0|A,analogies_25,analogies,medium,0,A,B,D,B,B,4.878391118720174,-6.854314656928182,-5.161378383636475,-0.0165878813713789,-4.894979000091553,-6.8709025382995605,7f71478a0ce8b08ad82d49b44ad220a5cc8962809774ecdf52e2d561b8e60b8c
analogies_25|v0|F,analogies_25,analogies,medium,0,F,B,D,B,B,5.332845690660179,-7.501266482286155,-5.343778133392334,-0.010932442732155323,-5.51082181930542,-7.5121989250183105,262fda9953b886292d65bc33deb8f6a77549c7fa9daa40b6df359441b077ed39
analogies_25|v0|AV,analogies_25,analogies,medium,0,AV,B,D,D,D,-4.209123827517033,4.209123827517033,-3.8532369136810303,-4.26014518737793,-4.881242752075195,-0.051021359860897064,48d7fb4415f7c34fb51c52cb0d5e618427024f4efb3688cfd727325c3c977885
causal_reasoning_53|v1|baseline,causal_reasoning_53,causal_reasoning,hard,1,baseline,D,B,D,D,8.065349911572412,-10.996076916577294,-9.122706413269043,-10.99903678894043,-8.068309783935547,-0.0029598723631352186,bf510d5f07cf466a5ab5093cedb6c995383b850c2a93d2c0139abd9a0ad9c45f
causal_reasoning_53|v1|AV,causal_reasoning_53,causal_reasoning,hard,1,AV,D,B,D,D,1.8938121497631073,-2.4070129096508026,-3.422058343887329,-2.691551446914673,-2.1783506870269775,-0.28453853726387024,4035c68d281bae8b763dd080367ebecda35029816d56cf10894d53013d52aa93
causal_reasoning_53|v1|F,causal_reasoning_53,causal_reasoning,hard,1,F,D,B,D,D,4.939270180650055,-7.591682595200837,-6.618529796600342,-7.606563091278076,-4.954150676727295,-0.014880496077239513,d3166329509be4933778858287746e70ab8130850833d5b2f0fedccb126bb516
causal_reasoning_53|v1|P,causal_reasoning_53,causal_reasoning,hard,1,P,D,B,D,D,4.605169335380197,-7.473920861259103,-6.47035026550293,-7.495441436767578,-4.626689910888672,-0.021520575508475304,dda39bbbe4f9bb5803279f1c2f536c9288e4174d2f611628e024e555be24e259
causal_reasoning_53|v1|A,causal_reasoning_53,causal_reasoning,hard,1,A,D,B,D,D,4.970313921570778,-7.942785158753395,-6.860128402709961,-8.022258758544922,-5.049787521362305,-0.0794735997915268,3e44cee03d0a3ad0756d141c4979f367ec35f1b705c04d20af43b12d05a56617
causal_reasoning_53|v1|V,causal_reasoning_53,causal_reasoning,hard,1,V,D,B,D,D,2.8342553079128265,-4.7973195016384125,-4.138762950897217,-4.890548229217529,-2.9274840354919434,-0.09322872757911682,3847b9d234ef9a5ebdcbe498eca910354713800b4592975b4f09c4d2016b5074
analogies_6|v2|baseline,analogies_6,analogies,easy,2,baseline,B,D,B,B,8.537008242681623,-10.66509528644383,-8.541388511657715,-0.0043802689760923386,-9.998761177062988,-10.669475555419922,bb24c2bf74d67266ab78ec32d6f3f9313a9e954bdb4de88e0b3927952398d6a4
analogies_6|v2|P,analogies_6,analogies,easy,2,P,B,D,B,B,7.175989085808396,-9.449358398094773,-7.178256511688232,-0.0022674258798360825,-7.510850429534912,-9.45162582397461,6d0be1eaae44e4a861fb8bf57c5ac2db3575b97449886c11749477bff1397988
analogies_6|v2|F,analogies_6,analogies,easy,2,F,B,D,B,B,7.171073872828856,-9.213352162623778,-7.174138069152832,-0.0030641963239759207,-7.435418128967285,-9.216416358947754,5a6c8eeab3171377510651644ab90197808aabeffd2f6278b9c24566d9001a05
analogies_6|v2|AV,analogies_6,analogies,easy,2,AV,B,D,D,D,-4.61274516582489,4.61274516582489,-5.238331317901611,-4.684299945831299,-3.020357847213745,-0.07155478000640869,fb813bf95ce65d93d84ad246cf0753ac72a2cde5d81bc3d697878f23b09896c8
analogies_6|v2|A,analogies_6,analogies,easy,2,A,B,D,B,B,6.340139606036246,-8.165025451220572,-6.348056316375732,-0.007916710339486599,-6.535838603973389,-8.172942161560059,7d7c812c9fa7e3a41d2b0c826b63897007e86200b1e384a41973066cad6d5cf4
analogies_6|v2|V,analogies_6,analogies,easy,2,V,B,D,D,D,-5.4439451061189175,5.4439451061189175,-6.09505558013916,-5.4903974533081055,-3.7895286083221436,-0.046452347189188004,5017ea9274ec8d2198951c4c2c08991fa4d203d74e1cfdec6b6febf83f0d3fdf
word_problems_10|v0|baseline,word_problems_10,word_problems,easy,0,baseline,C,A,C,C,0.3064786195755005,-3.0138150453567505,-4.223752975463867,-1.5164165496826172,-1.2099379301071167,-1.9977015256881714,649dfae20792d3c3a896ee7ce5285668470d366b73fc1ace947b0109206c0c89
word_problems_10|v0|P,word_problems_10,word_problems,easy,0,P,C,A,C,C,2.361093431711197,-3.5039176046848297,-3.9470417499542236,-2.804217576980591,-0.4431241452693939,-2.92504620552063,694a0d8ddd4119cea9d9fe0699226852b0a71dafb6bd6ef2ea606448de6aee84
word_problems_10|v0|AV,word_problems_10,word_problems,easy,0,AV,C,A,A,A,-2.188871368765831,2.188871368765831,-0.18256880342960358,-3.05059552192688,-2.3714401721954346,-4.937036037445068,9e79cdd408fbdd6df39eb9f99de86aa4aa5fe092304dc9e5ed7114f0e009c38d
word_problems_10|v0|V,word_problems_10,word_problems,easy,0,V,C,A,A,A,-3.4755687564611435,3.4755687564611435,-0.0927748829126358,-4.160867214202881,-3.5683436393737793,-6.282351970672607,e0dc4b2ae51cc3ed83903c1588405140afd7ac9e6ccd65810d138f182cdcdfe2
word_problems_10|v0|F,word_problems_10,word_problems,easy,0,F,C,A,C,C,2.2983055114746094,-3.4884262084960938,-3.7785258293151855,-2.588405132293701,-0.2900996208190918,-2.861661434173584,cec288bbb870663a949e59419f0fa768570f4dc6bd1156e25bf4fb6ee993ef1b
word_problems_10|v0|A,word_problems_10,word_problems,easy,0,A,C,A,C,C,2.082784652709961,-3.2183284759521484,-3.6444671154022217,-2.508923292160034,-0.42613863945007324,-2.5170047283172607,2b6ac98b0c56bc51aaf4d582609f1220a015771e0c846033a3b11a083d1141c3
analogies_6|v0|baseline,analogies_6,analogies,easy,0,baseline,B,D,B,B,8.5713402912952,-10.687434880528599,-8.575180053710938,-0.0038397624157369137,-10.04725456237793,-10.691274642944336,bb24c2bf74d67266ab78ec32d6f3f9313a9e954bdb4de88e0b3927952398d6a4
analogies_6|v0|F,analogies_6,analogies,easy,0,F,B,D,B,B,5.660129438620061,-7.874538313131779,-5.666749477386475,-0.006620038766413927,-6.150430202484131,-7.881158351898193,93b3867b019c8de30d5194deb7149c227cb4ad15124cce5fdec278f88b53a2a9
analogies_6|v0|P,analogies_6,analogies,easy,0,P,B,D,B,B,6.5632056798785925,-8.791524847969413,-6.566249847412109,-0.003044167533516884,-7.029184341430664,-8.79456901550293,b0707e2e16c0f0482bee633a9779355788f91536c3f172f2dd28abd19068e0b8
analogies_6|v0|AV,analogies_6,analogies,easy,0,AV,B,D,D,D,-4.5089685916900635,4.5089685916900635,-4.636453151702881,-4.638544082641602,-2.3394105434417725,-0.12957549095153809,e201b2220b930d3f446d505dbcce82362a64b3ffa14967c5ca672d6ff570a327
analogies_6|v0|A,analogies_6,analogies,easy,0,A,B,D,B,B,5.593555459752679,-7.341787347570062,-5.603050231933594,-0.009494772180914879,-5.701261520385742,-7.351282119750977,caae35404b845dcc4c6534170bf96703ab5c9c8d9b63134134758f34e9bae547
analogies_6|v0|V,analogies_6,analogies,easy,0,V,B,D,D,D,-4.722511105239391,4.722511105239391,-5.099876880645752,-4.788193225860596,-3.1512610912323,-0.06568212062120438,c817a0973d2363ab2f1f63b237032280d9e0cf876561ac196bc4e46a9369d898
word_problems_37|v2|baseline,word_problems_37,word_problems,medium,2,baseline,D,C,D,D,4.0310937613248825,-4.0310937613248825,-4.2472429275512695,-7.01876163482666,-4.0848283767700195,-0.053734615445137024,edd63dfd2d8fcf635679c92919bd680bd75833c7bb6c28b0456e898df426b54f
word_problems_37|v2|V,word_problems_37,word_problems,medium,2,V,D,C,C,C,-4.198730438947678,4.198730438947678,-5.469240188598633,-7.265186309814453,-0.025304824113845825,-4.224035263061523,f94bba646e3677902da74e5b08e525d56885b62d40982b009a14882063f32509
word_problems_37|v2|P,word_problems_37,word_problems,medium,2,P,D,C,D,D,4.14551156014204,-4.724769525229931,-4.199195861816406,-7.065395355224609,-4.778453826904297,-0.053684301674366,43ab569bf82e7213d20467d330e95881f8e721d749c857b02c5dd49641160fdc
word_problems_37|v2|F,word_problems_37,word_problems,medium,2,F,D,C,D,D,5.443714059889317,-6.124071039259434,-5.530440330505371,-8.576834678649902,-6.210797309875488,-0.08672627061605453,fc68094bde03e1d7ab0318274be7468b1dec461a6723451fd5d12aad81504618
word_problems_37|v2|AV,word_problems_37,word_problems,medium,2,AV,D,C,C,C,-3.3242054395377636,3.3242054395377636,-4.8796892166137695,-6.408726692199707,-0.05760498717427254,-3.381810426712036,9662ccc27e8feadce243e1a1ff3fe6398352e102d5d3e4bf212d4ff21dc9e2ff
word_problems_37|v2|A,word_problems_37,word_problems,medium,2,A,D,C,D,D,4.506973117589951,-5.101220935583115,-4.735127925872803,-7.723408222198486,-5.329375743865967,-0.22815480828285217,25dba37bf0aaf3ae004398ab09e17ec473a4b09878d798ae32445c04c0169b8e
analogies_25|v1|baseline,analogies_25,analogies,medium,1,baseline,B,D,B,B,6.863674342632294,-7.839829623699188,-7.025569915771484,-0.06352978944778442,-6.927204132080078,-7.903359413146973,022f36c023252bd7ad31342baa07200b37261481c0f454a16e205ab2b95758ec
analogies_25|v1|A,analogies_25,analogies,medium,1,A,B,D,B,B,3.6060524247586727,-5.757926966995001,-3.660064697265625,-0.054012272506952286,-3.9062423706054688,-5.811939239501953,1d4cb691651cd652f6b91b87ea27ae36424f214d1764155f3d714a621079372b
analogies_25|v1|V,analogies_25,analogies,medium,1,V,B,D,B,B,1.543481856584549,-1.543481856584549,-3.435242176055908,-0.2894538342952728,-3.0460057258605957,-1.8329356908798218,791127bb521cb5e3d55bc8c140805ef89ec9a16d52c823a5210916bf1e33f1a1
analogies_25|v1|P,analogies_25,analogies,medium,1,P,B,D,B,B,4.837427141144872,-6.867547990754247,-5.137447834014893,-0.018524644896388054,-4.85595178604126,-6.886072635650635,d63413dc4e19825a37d4dc32256d1ed64c2e4ddd6bbe58030fcc9c790c47711e
analogies_25|v1|F,analogies_25,analogies,medium,1,F,B,D,B,B,4.941932721063495,-6.950120968744159,-4.960425853729248,-0.018493132665753365,-5.015059947967529,-6.968614101409912,9c7b5f8fa0458b78b5e44f14fe284ae784db850e570f5d6e24b17682fa74dce9
analogies_25|v1|AV,analogies_25,analogies,medium,1,AV,B,D,B,B,0.5479775667190552,-0.5479775667190552,-2.9562032222747803,-0.5684143304824829,-3.165181875228882,-1.116391897201538,497b61052a8d03bd8b4a8a093f40993b6ce7e8af4cb136c63caa91aee711517a
common_sense_36|v2|baseline,common_sense_36,common_sense,medium,2,baseline,D,B,D,D,10.061603233451024,-11.711502716178074,-10.063372611999512,-11.713272094726562,-12.054427146911621,-0.001769378548488021,ffb0cd213e0c0c7f8a64572b9c19d300f6e2cdbc791680c2218d047ce0aaa7c4
common_sense_36|v2|F,common_sense_36,common_sense,medium,2,F,D,B,D,D,6.840167889837176,-8.856552014593035,-6.8442535400390625,-8.860637664794922,-8.030956268310547,-0.004085650201886892,62364e6b5c5876224fc1628a53d1e221d1586c3741d69d3624095a629ff02c76
common_sense_36|v2|A,common_sense_36,common_sense,medium,2,A,D,B,D,D,5.4817409394308925,-7.486305224709213,-5.493504047393799,-7.498068332672119,-6.587761402130127,-0.01176310796290636,1581e34dfad0d9e95fa2744b150d0e75bf17b2fccd00c1553377190177a6bd78
common_sense_36|v2|V,common_sense_36,common_sense,medium,2,V,D,B,B,B,-3.7068405486643314,3.7068405486643314,-5.004165172576904,-0.03560015186667442,-5.953429698944092,-3.742440700531006,5352db89fa08bc942b699c594a777042c193800b89baec42c04556ec2ccb50b3
common_sense_36|v2|P,common_sense_36,common_sense,medium,2,P,D,B,D,D,7.6211202116683125,-9.261669394560158,-7.623659610748291,-9.264208793640137,-8.172505378723145,-0.002539399079978466,b183816e1dbd75c83f321a8859b14dd1f9504bfe8c5ed969a8c040df4a32a906
common_sense_36|v2|AV,common_sense_36,common_sense,medium,2,AV,D,B,B,B,-3.1356122717261314,3.1356122717261314,-4.826582431793213,-0.05628082901239395,-5.726307392120361,-3.1918931007385254,002057d12dbdcebc1a0d563bc3d58bd3895b51f22e85bd7422271d09d7c9dd12
reading_comprehension_19|v0|baseline,reading_comprehension_19,reading_comprehension,medium,0,baseline,D,A,C,C,-1.326679289340973,-0.8068618774414062,-2.6450984477996826,-4.592451572418213,-0.5115572810173035,-1.8382365703582764,f45ff0e5301f86feb3bb50e1ae44955eb79297d594a2b491010d0dd4d2bc6afc
reading_comprehension_19|v0|V,reading_comprehension_19,reading_comprehension,medium,0,V,D,A,A,A,-4.935605965554714,4.935605965554714,-0.05216316133737564,-4.291851997375488,-3.800358772277832,-4.98776912689209,04b58320102f5b893cd527504923049ad12c45f5703c18852c967a960016cd39
reading_comprehension_19|v0|A,reading_comprehension_19,reading_comprehension,medium,0,A,D,A,C,C,-0.08907127380371094,-3.040464460849762,-3.8430585861206055,-4.915881156921387,-0.7135228514671326,-0.8025941252708435,592f335a27c4cdc8c2c64b24fb84ef4ec828b88162a361b58de68c27eaae87f5
reading_comprehension_19|v0|AV,reading_comprehension_19,reading_comprehension,medium,0,AV,D,A,A,A,-3.853233262896538,3.853233262896538,-0.10957272350788116,-3.4530367851257324,-3.1247589588165283,-3.962805986404419,77e90e9a5add77d3f413d723bf0b86adf8bd6261246feada51639f7f32a5ad9a
reading_comprehension_19|v0|P,reading_comprehension_19,reading_comprehension,medium,0,P,D,A,C,C,-0.05730253458023071,-3.1957436203956604,-3.968489408493042,-5.121567249298096,-0.7154432535171509,-0.7727457880973816,b85e2e3294a8b5433dabfef50aaa8bc88d2424b4fdbde864f3c4d9d617e46588
reading_comprehension_19|v0|F,reading_comprehension_19,reading_comprehension,medium,0,F,D,A,C,C,-0.08699226379394531,-3.103073239326477,-3.9056575298309326,-4.884165287017822,-0.7155920267105103,-0.8025842905044556,ad595bdefb4915537433be177bf0e2cfd59a59c0bafe3e588eb744ada31d4487
common_sense_0|v0|baseline,common_sense_0,common_sense,easy,0,baseline,A,C,A,A,9.444040552712977,-9.444040552712977,-0.011345609091222286,-9.803326606750488,-9.4553861618042,-10.54558277130127,aaf2f51bd09f4eda0351a612918add06f7139e974bf5a49513c30d0311f7908f
common_sense_0|v0|AV,common_sense_0,common_sense,easy,0,AV,A,C,C,C,-3.40625561773777,3.40625561773777,-3.4514365196228027,-4.760949611663818,-0.045180901885032654,-6.331380367279053,53e45f9dede16c70ecd927ca9d751bfd99c232b155e15f7af2e8e24b5e25a8fb
common_sense_0|v0|V,common_sense_0,common_sense,easy,0,V,A,C,C,C,-3.706239625811577,3.706239625811577,-3.7379910945892334,-5.522104263305664,-0.031751468777656555,-6.645547866821289,3085300a8e28ddb3071ea904979293d48ffaad6192f34c0e2a98017f306c11ee
common_sense_0|v0|F,common_sense_0,common_sense,easy,0,F,A,C,A,A,6.968711941502988,-6.968711941502988,-0.01015129778534174,-7.6202168464660645,-6.97886323928833,-9.156230926513672,427541b1970edcaff63d3fbfcc86300ef57febb5845a77dd35b22230bfd803a6
common_sense_0|v0|A,common_sense_0,common_sense,easy,0,A,A,C,A,A,5.424854403361678,-5.424854403361678,-0.015840882435441017,-6.793959140777588,-5.440695285797119,-7.681948184967041,f9648eedbe710610beac399d79f632feb40b6f5e0dd15430f362db8c931dea62
common_sense_0|v0|P,common_sense_0,common_sense,easy,0,P,A,C,A,A,7.688670984469354,-7.688670984469354,-0.005208143033087254,-8.612828254699707,-7.693879127502441,-10.003596305847168,bf389a1f6589ce76f4ab9595dc76fbdf55fa0380f82065387512aa960b55f1a9
scientific_facts_36|v1|baseline,scientific_facts_36,scientific_facts,medium,1,baseline,A,D,D,D,-0.8855533003807068,0.8855533003807068,-1.5949280261993408,-1.4051965475082397,-2.876187562942505,-0.709374725818634,887301e7a8818afd42af9a7b656f4640ff79b41ae7d9dc29dc0b2c5d3c0cdb4f
scientific_facts_36|v1|V,scientific_facts_36,scientific_facts,medium,1,V,A,D,D,D,-2.116910994052887,2.116910994052887,-2.6487317085266113,-2.599958896636963,-3.372654438018799,-0.5318207144737244,63c52f70e940fa5473840d45387d9e5d80c3b58b4ac3a541b82a1419e030f52b
scientific_facts_36|v1|F,scientific_facts_36,scientific_facts,medium,1,F,A,D,A,A,0.9382152557373047,-0.9382152557373047,-0.6708371639251709,-2.2844655513763428,-3.822263479232788,-1.6090524196624756,771d9d6238233493f22306e458158792142230fccd506099c953511a27677f79
scientific_facts_36|v1|AV,scientific_facts_36,scientific_facts,medium,1,AV,A,D,D,D,-2.0492019057273865,2.0492019057273865,-2.51870059967041,-2.571213722229004,-3.4735193252563477,-0.4694986939430237,9ebaba773192eb56ed45cdbeb031d4d54354a7954c3b2104bd8585a62032dbc5
scientific_facts_36|v1|A,scientific_facts_36,scientific_facts,medium,1,A,A,D,A,A,0.7565631866455078,-0.7565631866455078,-1.068319320678711,-2.325458526611328,-3.847362518310547,-1.8248825073242188,92a88ea0aff8c21d339b15492d52d6bad590f779847d570edcda84ca94fe39d5
scientific_facts_36|v1|P,scientific_facts_36,scientific_facts,medium,1,P,A,D,A,A,0.6335907578468323,-0.6335907578468323,-0.7975738644599915,-1.8955962657928467,-3.4420135021209717,-1.4311646223068237,e6536f3ff0d942354fbd0509ee425c1ffdcf2b1baabfdd9e2a7f2cd27463bc6e
common_sense_63|v1|baseline,common_sense_63,common_sense,hard,1,baseline,B,A,B,B,8.923204732127488,-8.923204732127488,-8.927613258361816,-0.004408526234328747,-11.244067192077637,-11.329984664916992,7629e13f9579ace4db7ceee21bed7bde6cfed5b0879186852fd31af9cc27ce0d
common_sense_63|v1|V,common_sense_63,common_sense,hard,1,V,B,A,B,B,1.6027755290269852,-1.6027755290269852,-1.8064165115356445,-0.20364098250865936,-4.265284538269043,-6.953225135803223,0a710575993fde8bc069b4f074778089ad9fe1f1657da0a9e753a27a13413976
common_sense_63|v1|P,common_sense_63,common_sense,hard,1,P,B,A,B,B,4.362377047538757,-4.362377047538757,-4.381236553192139,-0.018859505653381348,-5.5245280265808105,-7.3635478019714355,9ce97988a4ef1a0d11c6900a778234f42cadf7962a44b916cf74b15f3952c269
common_sense_63|v1|AV,common_sense_63,common_sense,hard,1,AV,B,A,B,B,1.5789051055908203,-1.5789051055908203,-1.7868270874023438,-0.20792198181152344,-4.670232772827148,-7.516445159912109,0092a319da0254c07eed573555a30a067f23cf81fb471de832d991e098239623
common_sense_63|v1|A,common_sense_63,common_sense,hard,1,A,B,A,B,B,4.318046621978283,-4.318046621978283,-4.355865478515625,-0.03781885653734207,-5.6244964599609375,-7.486721992492676,ed4e778a658aaf3ead2c434a9746c69f7b247dd2e90e243893ce69da80c6cc4d
common_sense_63|v1|F,common_sense_63,common_sense,hard,1,F,B,A,B,B,5.0787202855572104,-5.0787202855572104,-5.08978796005249,-0.011067674495279789,-6.303359508514404,-8.0890531539917,e299a7c65b66dee2acecd1a4cb4b1ffd21c7beef5eee5be9cabfeb7d190730f7
logical_reasoning_64|v2|baseline,logical_reasoning_64,logical_reasoning,hard,2,baseline,A,B,A,A,4.412961922585964,-7.31290527433157,-0.050598181784152985,-7.363503456115723,-4.463560104370117,-5.12260627746582,518f54d96a8f8325e2ea586b02cd89096347bd0bd61fa842a198e903fc81cbd3
logical_reasoning_64|v2|A,logical_reasoning_64,logical_reasoning,hard,2,A,A,B,A,A,4.128074590116739,-6.900218907743692,-0.04578166827559471,-6.946000576019287,-4.173856258392334,-5.653737545013428,65ccb7d077c8e44b115881bfa99c70951dd974f1b5b7832344c3fa122b19e03b
logical_reasoning_64|v2|P,logical_reasoning_64,logical_reasoning,hard,2,P,A,B,A,A,5.529974039644003,-7.812475260347128,-0.03761428967118263,-7.8500895500183105,-5.5675883293151855,-6.787217617034912,6259f29b3ca3998700ca601aed06b890798c44076e05d560c5dea3a1d4b347a4
logical_reasoning_64|v2|V,logical_reasoning_64,logical_reasoning,hard,2,V,A,B,B,B,-4.348289649933577,4.348289649933577,-4.381165981292725,-0.032876331359148026,-4.8963141441345215,-7.032681941986084,bb5d3232799fcc37aa3145aa7644ca67873b05fa6f1a17a001ce6811c2eaf28a
logical_reasoning_64|v2|AV,logical_reasoning_64,logical_reasoning,hard,2,AV,A,B,B,B,-3.8761556930840015,3.8761556930840015,-3.9224483966827393,-0.04629270359873772,-4.021539211273193,-5.747809886932373,2a2888f4aa1dae0c53a139cddeafc7eeb4fd7b5fabdd31c39e982c57ac3c3af7
logical_reasoning_64|v2|F,logical_reasoning_64,logical_reasoning,hard,2,F,A,B,A,A,5.71018610522151,-8.372974496334791,-0.030722517520189285,-8.40369701385498,-5.740908622741699,-7.276947975158691,a9f22a336dc867ea5e586814cf225e5e11f90e904e980e5c0964dd0b97964c73
reading_comprehension_7|v0|baseline,reading_comprehension_7,reading_comprehension,easy,0,baseline,A,C,A,A,7.666538052260876,-9.436382584273815,-0.029927916824817657,-10.296419143676758,-9.466310501098633,-7.696465969085693,05fda9a72fda74b20092dbf9323b929e2f4fbf4934404418e5c4dabb558c7426
reading_comprehension_7|v0|V,reading_comprehension_7,reading_comprehension,easy,0,V,A,C,C,C,-3.4607334472239017,3.4607334472239017,-3.5038082599639893,-5.928982734680176,-0.04307481274008751,-4.9770708084106445,0990bb4d2b3361da049689157929a8efe298660321cd24c9fca16f953ef36e4b
reading_comprehension_7|v0|AV,reading_comprehension_7,reading_comprehension,easy,0,AV,A,C,C,C,-4.079074673354626,4.079074673354626,-4.115536689758301,-5.7458295822143555,-0.03646201640367508,-4.386527061462402,a8d754a80876068299c97070fcd525493c76dac20265a606dda8bdbc8499db4b
reading_comprehension_7|v0|A,reading_comprehension_7,reading_comprehension,easy,0,A,A,C,A,A,5.002498812973499,-5.313914962112904,-0.020796112716197968,-6.459311008453369,-5.334711074829102,-5.023294925689697,d7c09ae3b580b5b8bd13767d60a93b6b853f879e9b004fba32aa90b8356bb8ad
reading_comprehension_7|v0|F,reading_comprehension_7,reading_comprehension,easy,0,F,A,C,A,A,5.461381904780865,-5.76756476610899,-0.01051998883485794,-6.9777326583862305,-5.778084754943848,-5.471901893615723,c8beebeab99d031e7b4f37c84f54d9016e549f331f9db4997a52b0be09e2147a
reading_comprehension_7|v0|P,reading_comprehension_7,reading_comprehension,easy,0,P,A,C,A,A,5.567285328172147,-5.769569187425077,-0.013573379255831242,-6.9694390296936035,-5.783142566680908,-5.5808587074279785,67a1438f1a3bddf36e00629ef4d67b8fa2d6ff7ac3e29d30e5b48b16652a0f7b
word_problems_50|v1|baseline,word_problems_50,word_problems,hard,1,baseline,D,A,D,D,0.3465575575828552,-1.6196975111961365,-2.4548614025115967,-4.464097023010254,-1.1817214488983154,-0.8351638913154602,dad26059316064aa779d2e90df7ef54fb7efb0eebde9b1f743995b482f875e6e
word_problems_50|v1|A,word_problems_50,word_problems,hard,1,A,D,A,D,D,0.397369384765625,-1.3895891904830933,-2.7003138065338135,-5.040609836578369,-1.7080940008163452,-1.3107246160507202,a14fdc3bf4849ce4cc613235695ad4d75bae165e96f53e4ea8a075dba39385b8
word_problems_50|v1|V,word_problems_50,word_problems,hard,1,V,D,A,A,A,-1.0483055710792542,1.0483055710792542,-0.6413863301277161,-4.275335788726807,-1.6315864324569702,-1.6896919012069702,60c6a998656cd89522f2a67d7b3fe98df2c902341d064f871535ec0f42626390
word_problems_50|v1|P,word_problems_50,word_problems,hard,1,P,D,A,D,D,0.5248966217041016,-1.3810863494873047,-2.497653007507324,-4.863265037536621,-1.641463279724121,-1.1165666580200195,bf97eb51ee129b7e06df1669cba9824905da09f01f9b4e42367387cbc635ac44
word_problems_50|v1|F,word_problems_50,word_problems,hard,1,F,D,A,D,D,0.7971324324607849,-1.759624421596527,-2.4424233436584473,-5.179805278778076,-1.479931354522705,-0.6827989220619202,d14225923cdb5837c6463f85e04cd49eea3e420f49485fefd9e77b5ae434acdc
word_problems_50|v1|AV,word_problems_50,word_problems,hard,1,AV,D,A,A,A,-2.5724620819091797,2.5724620819091797,-0.31447935104370117,-4.4396071434021,-2.285489559173584,-2.886941432952881,5afa38d7ee180482fc815911a9e7d705cc0a1a55cc1a3e0fce98d8d4f4ba0a2f
analogies_50|v2|baseline,analogies_50,analogies,hard,2,baseline,D,A,D,D,8.77303867507726,-8.77303867507726,-8.78335189819336,-10.90443229675293,-10.776290893554688,-0.010313223116099834,f259fb987684cbe0bede5f434e86174b25d80715cf443846b2045b45943fbd3b
analogies_50|v2|V,analogies_50,analogies,hard,2,V,D,A,A,A,-4.002834044396877,4.002834044396877,-0.033334530889987946,-4.92669677734375,-5.805299758911133,-4.036168575286865,c2157dfbeb1c509ed01de10e29eac654cb764bc109ceba8576685e06ff1f249d
analogies_50|v2|P,analogies_50,analogies,hard,2,P,D,A,D,D,5.958175670355558,-5.958175670355558,-5.974582672119141,-7.435548782348633,-6.839639663696289,-0.01640700176358223,e86d919d2a42507a0cd0bff043f1a0b2a3d0ed8c82fc6c5d5d9d25491c07ca7b
analogies_50|v2|AV,analogies_50,analogies,hard,2,AV,D,A,A,A,-3.143459439277649,3.143459439277649,-0.06576907634735107,-4.367223739624023,-4.790737152099609,-3.209228515625,3897492a97314d9057bb801cdecee3fba40181bbefeab37fa2127f78d20c16fc
analogies_50|v2|F,analogies_50,analogies,hard,2,F,D,A,D,D,6.245714198797941,-6.245714198797941,-6.2559494972229,-7.882399082183838,-7.098410129547119,-0.010235298424959183,0c1671fc0a72368bf494630f297e3194c2148ab1430e5c8947f20f9478251b91
analogies_50|v2|A,analogies_50,analogies,hard,2,A,D,A,D,D,5.86468883510679,-5.86468883510679,-5.873907089233398,-7.278486251831055,-6.940176010131836,-0.009218254126608372,c45fc77137fad4df9d8a361c16055c51c1e494d84b5f2c5022714eabd795ea39
scientific_facts_36|v2|baseline,scientific_facts_36,scientific_facts,medium,2,baseline,A,D,D,D,-0.8964042663574219,0.8964042663574219,-1.578972339630127,-1.4546360969543457,-2.9608025550842285,-0.6825680732727051,887301e7a8818afd42af9a7b656f4640ff79b41ae7d9dc29dc0b2c5d3c0cdb4f
scientific_facts_36|v2|A,scientific_facts_36,scientific_facts,medium,2,A,A,D,A,A,0.3202228546142578,-0.3202228546142578,-1.0271104574203491,-1.7136815786361694,-3.4974169731140137,-1.347333312034607,ed89f133da02a0d35d3788e2fa1ff394c3cedf4f492311c12e066f29c995414e
scientific_facts_36|v2|AV,scientific_facts_36,scientific_facts,medium,2,AV,A,D,D,D,-3.905975490808487,3.905975490808487,-4.157838821411133,-4.016481399536133,-4.841798782348633,-0.2518633306026459,eeacea9d2d8d54be7e22b726ff8b5e0adda9d7e8d4c387f4ada3906aedb4f1b1
scientific_facts_36|v2|F,scientific_facts_36,scientific_facts,medium,2,F,A,D,A,A,0.2587165832519531,-0.2587165832519531,-0.8871275186538696,-1.9458262920379639,-3.8448073863983154,-1.1458441019058228,bfbfd48d123aa1cb9dbabced118035c603274ebd574fe5a88482fbdb6277d98d
scientific_facts_36|v2|P,scientific_facts_36,scientific_facts,medium,2,P,A,D,A,A,0.7865906953811646,-0.7865906953811646,-0.8015444278717041,-1.9777262210845947,-3.9721624851226807,-1.5881351232528687,b3428a8fa932ac3ea4faa9da7e41637d86a8eb991793e635d60b754b29c2d350
scientific_facts_36|v2|V,scientific_facts_36,scientific_facts,medium,2,V,A,D,D,D,-4.483331695199013,4.483331695199013,-4.627562999725342,-4.536180019378662,-5.407264232635498,-0.14423130452632904,12cdc0cc051a759e0c3c6c0e39a757f2ff31b22ae388b8c97a25fc281212113a
logical_reasoning_17|v0|baseline,logical_reasoning_17,logical_reasoning,medium,0,baseline,A,D,A,A,3.639778286218643,-3.639778286218643,-0.06298288702964783,-4.8093743324279785,-3.824262857437134,-3.702761173248291,b293c1d87639f93c5a201246f86dbca0915aafff30ecc6b7fc8bb1b8656907b4
logical_reasoning_17|v0|F,logical_reasoning_17,logical_reasoning,medium,0,F,A,D,A,A,4.208820205181837,-4.804654937237501,-0.04135431721806526,-4.250174522399902,-4.487404823303223,-4.846009254455566,5052814a9b0d5901e7bf10fdd512b8bf13ec19345320f21888c486652983ed3a
logical_reasoning_17|v0|V,logical_reasoning_17,logical_reasoning,medium,0,V,A,D,D,D,-3.9127464666962624,3.9127464666962624,-3.981525421142578,-6.413902282714844,-4.9011383056640625,-0.06877895444631577,3a452f5e2304453926454a5c62f3bf0ace7546f2f09e9828be6ca11bb0ccee7d
logical_reasoning_17|v0|P,logical_reasoning_17,logical_reasoning,medium,0,P,A,D,A,A,4.202819749712944,-4.992067262530327,-0.04514510929584503,-4.247964859008789,-4.670015335083008,-5.037212371826172,3137f4e44ead96f5b2237c2bece1271b2ce7c29a791707fa828bbadafddc1c31
logical_reasoning_17|v0|A,logical_reasoning_17,logical_reasoning,medium,0,A,A,D,A,A,4.071460500359535,-4.602438226342201,-0.06999658048152924,-4.1414570808410645,-4.406181812286377,-4.6724348068237305,bce638e778e02dcf184c8f16d35c6709e87e69379f3f8796bd1cac93d162c04b
logical_reasoning_17|v0|AV,logical_reasoning_17,logical_reasoning,medium,0,AV,A,D,D,D,-3.6746026128530502,3.6746026128530502,-3.741323232650757,-5.677178859710693,-4.055741786956787,-0.0667206197977066,e24df84c69b364a293b47458c79a59afc142716fc553c5006ac44d0de7888c03
scientific_facts_11|v1|baseline,scientific_facts_11,scientific_facts,easy,1,baseline,A,B,A,A,1.1487577557563782,-1.9272632002830505,-0.4168577790260315,-2.344120979309082,-1.5656155347824097,-3.454981803894043,60442302d7205c860e1ba0a9ee9f77a5e9b80be5877711a66f46cecf79a5e88f
scientific_facts_11|v1|AV,scientific_facts_11,scientific_facts,easy,1,AV,A,B,B,B,-2.146608293056488,2.146608293056488,-2.412269115447998,-0.26566082239151,-3.8425936698913574,-5.1684489250183105,50e2617b7ce4314bb4a110610ba3a65c3db730ed8bf43ce5991c7c0d57298264
scientific_facts_11|v1|P,scientific_facts_11,scientific_facts,easy,1,P,A,B,A,A,1.8505306243896484,-2.5389328002929688,-0.33325719833374023,-2.872189998626709,-2.1837878227233887,-5.246026515960693,137e2ed37491382d5eae73f26f8f8251191cc7aa39337649ec57a5416053e10b
scientific_facts_11|v1|F,scientific_facts_11,scientific_facts,easy,1,F,A,B,A,A,2.2190704345703125,-3.2151050567626953,-0.3685593605041504,-3.5836644172668457,-2.587629795074463,-5.588232517242432,7d121bb87d69ec27d5eefa19b82e72424d96a48c45b0d76cccdf150c0f7c0dfc
scientific_facts_11|v1|A,scientific_facts_11,scientific_facts,easy,1,A,A,B,A,A,1.9743117094039917,-2.810407519340515,-0.8529523611068726,-3.6633598804473877,-2.8272640705108643,-5.387845516204834,2535f9c8d077293dd28a20b3fb079cfc21a85cb0214e3d28e4a3284f2bbb4677
scientific_facts_11|v1|V,scientific_facts_11,scientific_facts,easy,1,V,A,B,B,B,-1.623838484287262,1.623838484287262,-1.8958704471588135,-0.2720319628715515,-3.588054895401001,-4.609863758087158,3d60e3b85345f2cfeacc9f3c3d457ef95621a64ae42751cfd34da5f0d22b1366
basic_math_69|v2|baseline,basic_math_69,basic_math,hard,2,baseline,C,D,C,C,0.3490409255027771,-5.51835024356842,-0.8957636952400208,-4.649921894073486,-0.5467227697372437,-6.065073013305664,ec5197636ff5c24da0574bc2b1aa04ac5da9af6d9170996f56f76693bb17723d
basic_math_69|v2|A,basic_math_69,basic_math,hard,2,A,C,D,C,C,0.7277355790138245,-5.397807061672211,-1.4403482675552368,-4.6296467781066895,-0.7126126885414124,-6.110419750213623,e1c182a05d54ef37127b38bf8b9ce5feff95c664055adec59f26dbbcd3a9425f
basic_math_69|v2|P,basic_math_69,basic_math,hard,2,P,C,D,C,C,1.3196601867675781,-6.426053881645203,-1.7019072771072388,-5.243870735168457,-0.38224709033966064,-6.808300971984863,8792640f9b2abdaea3e118542ce913fee5f38fc4816b370f5ef8e28ecea15999
basic_math_69|v2|AV,basic_math_69,basic_math,hard,2,AV,C,D,D,D,-2.1871967017650604,2.1871967017650604,-2.78818678855896,-4.632579803466797,-2.5030171871185303,-0.31582048535346985,d661372464e164f43f3c46e877453ad86e55151e9969a6bc450482d3c18c99e0
basic_math_69|v2|V,basic_math_69,basic_math,hard,2,V,C,D,D,D,-3.8082201033830643,3.8082201033830643,-3.4658992290496826,-5.501717567443848,-3.9414167404174805,-0.1331966370344162,5e34b5d00cf5e108f2b77ab52f88817d61ab43df554d34371c10a17dbc047620
basic_math_69|v2|F,basic_math_69,basic_math,hard,2,F,C,D,C,C,1.2894572615623474,-6.200002610683441,-1.6594343185424805,-5.1937456130981445,-0.36997705698013306,-6.569979667663574,a9b9438f261e3706bcb495780b741dc76689d2ac35de8b033b266ed720d39ac2
logical_reasoning_14|v0|baseline,logical_reasoning_14,logical_reasoning,easy,0,baseline,B,D,B,B,6.091129515320063,-8.193192217499018,-6.118104457855225,-0.026974942535161972,-7.809316158294678,-8.22016716003418,34e39d905f9b40e6503baa7a501918814162c4bd6c31576414d6ca0d9d4639b8
logical_reasoning_14|v0|A,logical_reasoning_14,logical_reasoning,easy,0,A,B,D,B,B,4.827859733253717,-7.543157432228327,-4.885220527648926,-0.05736079439520836,-5.774762153625488,-7.600518226623535,761c60bdc14e6c2f82d244f4c6398f6f49283c63466ba45c25114ab3baa2e376
logical_reasoning_14|v0|AV,logical_reasoning_14,logical_reasoning,easy,0,AV,B,D,D,D,-0.9941177666187286,0.9941177666187286,-4.116237640380859,-1.410040020942688,-3.5857810974121094,-0.41592225432395935,21e996c6073daca1f3fda5066e00f040e2ae32eac2bda15e50f0301a0ff5d1c1
logical_reasoning_14|v0|V,logical_reasoning_14,logical_reasoning,easy,0,V,B,D,D,D,-2.468151032924652,2.468151032924652,-5.118361949920654,-2.5893280506134033,-4.899257183074951,-0.12117701768875122,81a0d46b85d6d630de4ee12c8d0a7a0489bec101ef5f0cceb0cafa1ed4f1065e
logical_reasoning_14|v0|P,logical_reasoning_14,logical_reasoning,easy,0,P,B,D,B,B,5.222553253173828,-7.600035667419434,-5.267143726348877,-0.04459047317504883,-5.8495869636535645,-7.644626140594482,63b37bec10eed0d33a93aa83581f76ee96b0d683d2e06df423995916e003ac6b
logical_reasoning_14|v0|F,logical_reasoning_14,logical_reasoning,easy,0,F,B,D,B,B,4.972351178526878,-7.787556752562523,-5.008121013641357,-0.035769835114479065,-5.771615505218506,-7.823326587677002,23d7b71192a315791383df96b7ffbe2bbf532412a85cddf896467bbf644bb57e
logical_reasoning_10|v0|baseline,logical_reasoning_10,logical_reasoning,easy,0,baseline,C,B,C,C,4.43593592196703,-7.436195321381092,-4.478463649749756,-7.478723049163818,-0.04252772778272629,-5.22963285446167,2889e01aa0ac4003ebb332312d0e4e9316e425183f0b00192936857a8c1ff2c8
logical_reasoning_10|v0|P,logical_reasoning_10,logical_reasoning,easy,0,P,C,B,C,C,4.926973529160023,-7.354408450424671,-4.980353355407715,-7.407788276672363,-0.05337982624769211,-6.213334083557129,f4214a623b5bc203c588a025645cbd271a913cdc3c3a7bc1a7ca4b1dcf45c144
logical_reasoning_10|v0|AV,logical_reasoning_10,logical_reasoning,easy,0,AV,C,B,B,B,-3.229810804128647,3.229810804128647,-3.1520283222198486,-0.08959689736366272,-3.3194077014923096,-6.1545610427856445,1bd619cab1d6bcefddbd7d0b73ef7dce93d85d0cb22940bfc5cf107420e537bd
logical_reasoning_10|v0|V,logical_reasoning_10,logical_reasoning,easy,0,V,C,B,B,B,-4.478288661688566,4.478288661688566,-4.126467704772949,-0.032742489129304886,-4.511031150817871,-7.291236877441406,1ee55c80b230998e7dffd84867adbee979b8f4095c8105de7298d53316a6fdc0
logical_reasoning_10|v0|A,logical_reasoning_10,logical_reasoning,easy,0,A,C,B,C,C,4.269350126385689,-6.381033018231392,-4.309426307678223,-6.421109199523926,-0.040076181292533875,-5.265496253967285,349c50aab42f9d61d3a4c4da186d9e655fe63520905fd9a58f816c3a03da9955
logical_reasoning_10|v0|F,logical_reasoning_10,logical_reasoning,easy,0,F,C,B,C,C,4.670612342655659,-6.897338874638081,-4.714669227600098,-6.9413957595825195,-0.044056884944438934,-6.109372138977051,8a57d25a25426e413686862ff902b822d6b9045a1cb2a4ac9d0e03557a280d38
basic_math_2|v2|baseline,basic_math_2,basic_math,easy,2,baseline,A,C,C,C,-1.2690544128417969,1.2690544128417969,-1.572571873664856,-4.327042579650879,-0.3035174608230591,-3.223149299621582,45ac41367acabc6dccdbfb460d39b2bf4d632212a2eec01eda512ab6ea556c0e
basic_math_2|v2|AV,basic_math_2,basic_math,easy,2,AV,A,C,C,C,-3.388984516263008,3.388984516263008,-3.484412431716919,-5.12489652633667,-0.09542791545391083,-5.979918956756592,8e21f8d0422b376f87ec0c0bd5e3ee894d15088d8d313db0984166d3a85579ea
basic_math_2|v2|F,basic_math_2,basic_math,easy,2,F,A,C,C,C,-0.7503261566162109,0.7503261566162109,-1.2745853662490845,-5.415557384490967,-0.5242592096328735,-4.5597968101501465,23ba34ea765143ad0a6f229c247625111588eeac19e50d56d021d5dd9ba2d36a
basic_math_2|v2|P,basic_math_2,basic_math,easy,2,P,A,C,C,C,-0.4662512540817261,0.4662512540817261,-1.0334604978561401,-5.708375930786133,-0.5672092437744141,-4.929811477661133,fb7e29a3c4f684b25f672f215e56b854113f70e64a76e6b0dac2069949538bc6
basic_math_2|v2|A,basic_math_2,basic_math,easy,2,A,A,C,C,C,-0.9191226363182068,0.9191226363182068,-1.4693711996078491,-5.3148322105407715,-0.5502485632896423,-4.365861415863037,5cfef9e7e4d52471a633aebfbf5e9c386ac21636617a7464d9fdc3419a572fcc
basic_math_2|v2|V,basic_math_2,basic_math,easy,2,V,A,C,C,C,-4.731088532134891,4.731088532134891,-4.756224155426025,-6.552517414093018,-0.025135623291134834,-7.4639153480529785,b2ff99cd9dd159756bee6029ab935393fb44c5ddd23d5bb37791727d49d8404b
basic_math_24|v2|baseline,basic_math_24,basic_math,medium,2,baseline,A,D,A,A,0.8935966789722443,-1.9859810173511505,-0.4899689853191376,-2.9725396633148193,-1.3835656642913818,-2.475950002670288,9eb50cf4976371f9cdb763e82b323379e136aa4c4ccdb7b20644381d066038a0
basic_math_24|v2|F,basic_math_24,basic_math,medium,2,F,A,D,A,A,2.191621884703636,-3.476190432906151,-0.18497146666049957,-4.407839298248291,-2.3765933513641357,-3.6611618995666504,a2d1723071fd5aa6b2270fe54eb05c40d49d59475680a980b5055901b6a49e7b
basic_math_24|v2|P,basic_math_24,basic_math,medium,2,P,A,D,A,A,2.3962784707546234,-3.694736570119858,-0.18087473511695862,-4.5055131912231445,-2.577153205871582,-3.8756113052368164,41ed80a880d2b54e810e3a598a14331cf02efe286bc5f3148dd81f304ddff16a
basic_math_24|v2|AV,basic_math_24,basic_math,medium,2,AV,A,D,D,D,-1.4320698082447052,1.4320698082447052,-1.9008969068527222,-3.4570798873901367,-2.2616584300994873,-0.46882709860801697,820b2524d52157a10ce57ece79f84cc1301c9b321c3b5d0727e2390132667778
basic_math_24|v2|V,basic_math_24,basic_math,medium,2,V,A,D,D,D,-3.0326462537050247,3.0326462537050247,-3.142475128173828,-4.131742477416992,-4.009086608886719,-0.1098288744688034,21e553733096fe5d0aa2b428f4f48bb0f876b28c7e3948b685c09cd2f674402a
basic_math_24|v2|A,basic_math_24,basic_math,medium,2,A,A,D,A,A,1.5825366973876953,-3.166593551635742,-0.35500478744506836,-3.6842780113220215,-1.9375414848327637,-3.5215983390808105,33724f2a1bf65094057b02a468f67527a7127ec78a10d03438ef0d6ffb0292a6
basic_math_65|v0|baseline,basic_math_65,basic_math,hard,0,baseline,B,A,C,C,-2.422704756259918,1.9302998781204224,-1.050637125968933,-2.9809370040893555,-0.5582322478294373,-5.650530815124512,02a9f829d910ca02d89aa3e18a584bbeb50048540dc7011ecf7bee29c31a0874
basic_math_65|v0|A,basic_math_65,basic_math,hard,0,A,B,A,C,C,-1.1886541247367859,0.8372461795806885,-1.3025884628295898,-2.1398346424102783,-0.9511805176734924,-5.381026268005371,1107265ba16eae6ddacc1df669389ae73e7b69ae601ab3a0258528edbf6be95e
basic_math_65|v0|V,basic_math_65,basic_math,hard,0,V,B,A,A,A,-4.404645785689354,4.404645785689354,-0.04117883741855621,-4.44582462310791,-4.769318580627441,-8.385273933410645,2b036d423e2be81eb93c102a1a384865d7737f93f0e3cd36f145a22ae6f9b8ba
basic_math_65|v0|P,basic_math_65,basic_math,hard,0,P,B,A,C,C,-1.1439380645751953,0.24896812438964844,-1.6197377443313599,-1.8687058687210083,-0.724767804145813,-5.404753684997559,866151124ebdf2f756c21d9a2c67133d8d8d10f8b604a164fcbd43d27dd780df
basic_math_65|v0|F,basic_math_65,basic_math,hard,0,F,B,A,C,C,-1.1431236267089844,0.1422748565673828,-1.6910572052001953,-1.8333320617675781,-0.6902084350585938,-5.704952239990234,94560a8892dba6c009a10cb297aa3386aa44bc1e6b4eb6e2f56f029d1243d05e
basic_math_65|v0|AV,basic_math_65,basic_math,hard,0,AV,B,A,A,A,-4.599111497402191,4.599111497402191,-0.10522180795669556,-4.704333305358887,-4.920439720153809,-8.503132820129395,ff0626e78cd797afc26e72e7823c79b54a96df82cf6171cefff9e1161067ace9
logical_reasoning_14|v1|baseline,logical_reasoning_14,logical_reasoning,easy,1,baseline,B,D,B,B,6.127649452537298,-8.364978458732367,-6.168241024017334,-0.04059157148003578,-7.869235515594482,-8.405570030212402,34e39d905f9b40e6503baa7a501918814162c4bd6c31576414d6ca0d9d4639b8
logical_reasoning_14|v1|P,logical_reasoning_14,logical_reasoning,easy,1,P,B,D,B,B,5.072483297437429,-7.874918218702078,-5.1298394203186035,-0.05735612288117409,-6.225672245025635,-7.932274341583252,11a8673d9c4ca365816964d0f1424a42adc88c91dbf92ec8fd48f3c49e23beab
logical_reasoning_14|v1|AV,logical_reasoning_14,logical_reasoning,easy,1,AV,B,D,B,B,2.8723907470703125,-3.078166961669922,-3.17889404296875,-0.3065032958984375,-4.06517219543457,-3.3846702575683594,967e42cd2759fa26506f01edbf32ec5e2165a067f7144651e416785cdf5394bb
logical_reasoning_14|v1|F,logical_reasoning_14,logical_reasoning,easy,1,F,B,D,B,B,5.03942858427763,-7.74664293974638,-5.127602577209473,-0.0881739929318428,-6.148285865783691,-7.834816932678223,06f1b5f24550d2ca2683243b903a46d4274506fd3bc548807c298f1ba319378c
logical_reasoning_14|v1|V,logical_reasoning_14,logical_reasoning,easy,1,V,B,D,B,B,2.3883285373449326,-2.3883285373449326,-3.9299981594085693,-0.18124176561832428,-4.157171249389648,-2.569570302963257,b0c2e7bde7224f22cea5b2f712eaae9229655adb68e61551f787747b89426a74
logical_reasoning_14|v1|A,logical_reasoning_14,logical_reasoning,easy,1,A,B,D,B,B,4.1623822301626205,-7.411367520689964,-4.3213419914245605,-0.15895976126194,-6.090656757354736,-7.570327281951904,6ed0f87c9fa6d59380581afa94f4e3e433d5ada4cf7d2e49190b4a59ed9ec03e
reading_comprehension_7|v1|baseline,reading_comprehension_7,reading_comprehension,easy,1,baseline,A,C,A,A,7.793272027745843,-9.818442830815911,-0.02756737731397152,-10.513411521911621,-9.846010208129883,-7.8208394050598145,05fda9a72fda74b20092dbf9323b929e2f4fbf4934404418e5c4dabb558c7426
reading_comprehension_7|v1|AV,reading_comprehension_7,reading_comprehension,easy,1,AV,A,C,C,C,-1.5340614914894104,1.5340614914894104,-1.7865383625030518,-4.7119340896606445,-0.25247687101364136,-3.3049328327178955,3f7caea520c76cdb93579a233beb15a5c1ba86d448797252d01a5f64adda9710
reading_comprehension_7|v1|F,reading_comprehension_7,reading_comprehension,easy,1,F,A,C,A,A,5.589449031278491,-5.953159434720874,-0.013008015230298042,-7.110933303833008,-5.966167449951172,-5.602457046508789,a29c9f906addca905708e415a635f306b6e5dbceaac6ce6150ef091adac3df50
reading_comprehension_7|v1|V,reading_comprehension_7,reading_comprehension,easy,1,V,A,C,C,C,-1.200315535068512,1.200315535068512,-1.5114911794662476,-4.774461269378662,-0.3111756443977356,-3.4173176288604736,2d6bc9078453f16358ec023ce13716f2e2989c3d47595af7ade527d07014b375
reading_comprehension_7|v1|A,reading_comprehension_7,reading_comprehension,easy,1,A,A,C,A,A,5.470747156068683,-5.872650308534503,-0.02438862808048725,-6.920091152191162,-5.89703893661499,-5.49513578414917,de74f5eda8481dae6de0140b5c75698ec80928034467a535292509bb26360993
reading_comprehension_7|v1|P,reading_comprehension_7,reading_comprehension,easy,1,P,A,C,A,A,4.96332947909832,-5.549909755587578,-0.025548771023750305,-6.854883193969727,-5.575458526611328,-4.98887825012207,8ea503f75234c925aac405d8980fd3edef956781a26bda3ce5d9a7a5c12881c2
causal_reasoning_53|v2|baseline,causal_reasoning_53,causal_reasoning,hard,2,baseline,D,B,D,D,8.15961463819258,-11.056410864694044,-9.141626358032227,-11.05905818939209,-8.162261962890625,-0.00264732469804585,bf510d5f07cf466a5ab5093cedb6c995383b850c2a93d2c0139abd9a0ad9c45f
causal_reasoning_53|v2|AV,causal_reasoning_53,causal_reasoning,hard,2,AV,D,B,B,B,-3.703907087445259,3.703907087445259,-3.9354331493377686,-0.052361175417900085,-5.16946268081665,-3.756268262863159,f1c3c7d387626876c48d765c1eb9f0696a2f17deb47cf76fbead5285e3254a09
causal_reasoning_53|v2|F,causal_reasoning_53,causal_reasoning,hard,2,F,D,B,D,D,5.778183063492179,-8.730058750137687,-7.256702423095703,-8.748546600341797,-5.796670913696289,-0.018487850204110146,ffc7bb50df32429a8e2d129358486f3e73b8b4cc1305166fe933cf26ee562b35
causal_reasoning_53|v2|V,causal_reasoning_53,causal_reasoning,hard,2,V,D,B,B,B,-4.063608042895794,4.063608042895794,-4.901404857635498,-0.04032481461763382,-4.397593975067139,-4.103932857513428,64468f914e46b8391bd61d4e66366ed2d9c138db64551b87bb8cc1c402341407
causal_reasoning_53|v2|P,causal_reasoning_53,causal_reasoning,hard,2,P,D,B,D,D,6.15279764868319,-9.330285975709558,-8.060528755187988,-9.339268684387207,-6.16178035736084,-0.008982708677649498,43a8b8ee64a689e8a2dfecffdbff33ddec3914085c3c88ec4772ae32fbb6c7b2
causal_reasoning_53|v2|A,causal_reasoning_53,causal_reasoning,hard,2,A,D,B,D,D,4.352157570421696,-7.53030202537775,-6.519528865814209,-7.5684428215026855,-4.390298366546631,-0.03814079612493515,4fa826533bcb46afdc96fee691673cc8270d343c2e3554c5f24d8cb6c745a59b
scientific_facts_60|v1|baseline,scientific_facts_60,scientific_facts,hard,1,baseline,C,B,C,C,3.6081085801124573,-7.940601408481598,-5.0791425704956055,-8.432193756103516,-0.4915923476219177,-4.099700927734375,ae1d1ce928a046f82da83f5737482a791bc7f4aac602796c10b306ea458d72bb
scientific_facts_60|v1|P,scientific_facts_60,scientific_facts,hard,1,P,C,B,C,C,2.7257061451673508,-5.304801985621452,-3.4767746925354004,-5.4133172035217285,-0.10851521790027618,-2.834221363067627,c6482487649a490a053e40ae14241fd10f0470c9d72c6abeb8bd7f76c24ac23e
scientific_facts_60|v1|V,scientific_facts_60,scientific_facts,hard,1,V,C,B,B,B,-0.2941456437110901,0.2941456437110901,-2.92657208442688,-0.6665242314338684,-0.9606698751449585,-3.1630585193634033,84c32cb1129cb57943cb35f8f0cf13de6a5941b243b68aaa50d64cd275013ae7
scientific_facts_60|v1|F,scientific_facts_60,scientific_facts,hard,1,F,C,B,C,C,3.471265770494938,-5.654026247560978,-3.7184627056121826,-5.750983238220215,-0.09695699065923691,-3.568222761154175,5a987429fa6de146ed3d64b441e9effcf441c0411abced1d22d1f0d750c08605
scientific_facts_60|v1|AV,scientific_facts_60,scientific_facts,hard,1,AV,C,B,B,B,-1.406032532453537,1.406032532453537,-3.0049617290496826,-0.3095158636569977,-1.7155483961105347,-4.0020551681518555,ffefae8a703216f8e15a61a7730834494f6822757b98fc071703ef753bf5b970
scientific_facts_60|v1|A,scientific_facts_60,scientific_facts,hard,1,A,C,B,C,C,2.622049406170845,-5.0926152020692825,-3.46511173248291,-5.2898149490356445,-0.197199746966362,-2.819249153137207,9eb3dc658207c458a89e485261ddbbd71f5534fd3c33ab1d9b5d010565efc0bd
word_problems_50|v0|baseline,word_problems_50,word_problems,hard,0,baseline,D,A,D,D,0.324699342250824,-1.6668606400489807,-2.5259647369384766,-4.505222320556641,-1.1838034391403198,-0.8591040968894958,dad26059316064aa779d2e90df7ef54fb7efb0eebde9b1f743995b482f875e6e
word_problems_50|v0|AV,word_problems_50,word_problems,hard,0,AV,D,A,A,A,-4.922407113015652,4.922407113015652,-0.06749967485666275,-5.48594331741333,-4.694860935211182,-4.9899067878723145,1ae3a6db11c834109b66ccce9fb8072e38e8f37f209f84ca463a83b458928527
word_problems_50|v0|F,word_problems_50,word_problems,hard,0,F,D,A,D,D,0.6931437849998474,-1.7184391617774963,-2.5597009658813477,-5.377715110778809,-1.5344055891036987,-0.8412618041038513,39e4c81726415d3d896a52dafa9df96d42cb28bcd89995db6773d7ec2a46915c
word_problems_50|v0|A,word_problems_50,word_problems,hard,0,A,D,A,D,D,0.7416324615478516,-1.4304084777832031,-2.276904821395874,-5.202992916107178,-1.5881288051605225,-0.8464963436126709,6dc0265f5204f875d5164ea315d9c3a596db08ef90cd57391ddab49db706e03c
word_problems_50|v0|P,word_problems_50,word_problems,hard,0,P,D,A,D,D,0.6566390991210938,-1.8199710845947266,-2.6137728691101074,-5.2834086418151855,-1.4504408836364746,-0.7938017845153809,7c5ffc0d8c4c898362a51ec536ff1213cc97674d6a866a3887ad35797bdb9049
word_problems_50|v0|V,word_problems_50,word_problems,hard,0,V,D,A,A,A,-5.2895468063652515,5.2895468063652515,-0.04046265408396721,-5.907016754150391,-4.796609878540039,-5.330009460449219,aa5e79b499cc54884306998030896e20e8c25b2f38b60365990bafceaeb49ced
reading_comprehension_74|v0|baseline,reading_comprehension_74,reading_comprehension,hard,0,baseline,B,A,A,A,-1.2193546295166016,1.2193546295166016,-0.9920353889465332,-2.2113900184631348,-2.6612038612365723,-1.187757968902588,67fe678811ed85a7f83120190993d7b9265a95528c14a6c8f8d2b3fd8e89536d
reading_comprehension_74|v0|A,reading_comprehension_74,reading_comprehension,hard,0,A,B,A,B,B,0.3269805312156677,-0.3269805312156677,-1.1876472234725952,-0.8606666922569275,-3.234009265899658,-1.670382022857666,f2bea4b9f9a1cb3928503b03b39b8f1c176ac144ac77b2348bd8c201af964d01
reading_comprehension_74|v0|AV,reading_comprehension_74,reading_comprehension,hard,0,AV,B,A,A,A,-4.036518290638924,4.036518290638924,-0.09751300513744354,-4.134031295776367,-3.007035970687866,-4.721555709838867,df12f30130c6dc364ffa300793b15c3d4a25c8c1e71f9f3f0d4830cdf956fab5
reading_comprehension_74|v0|P,reading_comprehension_74,reading_comprehension,hard,0,P,B,A,B,B,0.9506111145019531,-0.9506111145019531,-1.5554991960525513,-0.6048880815505981,-3.686530351638794,-1.8134299516677856,5e60f1f691339bb645d01dbd2838a430b03f481d7bb9536a84ac1a48323b183a
reading_comprehension_74|v0|V,reading_comprehension_74,reading_comprehension,hard,0,V,B,A,A,A,-4.686465945094824,4.686465945094824,-0.059750352054834366,-4.746216297149658,-3.4893767833709717,-4.934479713439941,dbeab143584c5bb01ee6a67fe3fdc1ee3f6d53b4d408a383d9f3744612f23896
reading_comprehension_74|v0|F,reading_comprehension_74,reading_comprehension,hard,0,F,B,A,B,B,0.9070282578468323,-0.9070282578468323,-1.5192621946334839,-0.6122339367866516,-3.4287643432617188,-1.696323275566101,51acfea41e8855ed96c9d8fa5192d89eb95354c8440d1af7c1b4223a1d62799f
causal_reasoning_40|v1|baseline,causal_reasoning_40,causal_reasoning,medium,1,baseline,A,C,A,A,0.2731608748435974,-3.9497164487838745,-0.7033644914627075,-0.9765253663063049,-4.653080940246582,-5.538973808288574,4d0698ec6db22550a8c676d2ae08a5341ee8daaa6cd3571766969a3c047752b4
causal_reasoning_40|v1|A,causal_reasoning_40,causal_reasoning,medium,1,A,A,C,A,A,1.4382400512695312,-4.975374102592468,-0.26060593128204346,-1.6988459825515747,-5.235980033874512,-6.5204057693481445,4a33919dd4c5392f39a834132726529e61e749cb247a7a860347be8df6ad4927
causal_reasoning_40|v1|P,causal_reasoning_40,causal_reasoning,medium,1,P,A,C,A,A,0.4317665696144104,-4.078830599784851,-0.524732232093811,-0.9564988017082214,-4.603562831878662,-5.278306484222412,3d8c4537b131d3b6f1a3ea7c6996d83fabc3162f49600aa43bb6d530a8f83cd7
causal_reasoning_40|v1|V,causal_reasoning_40,causal_reasoning,medium,1,V,A,C,C,C,-1.2892721891403198,1.2892721891403198,-1.830358862876892,-1.4292892217636108,-0.5410866737365723,-4.323776721954346,7a6bdddf6a1c61d4f75a17664f7933d0f5808d3cd14952938d40f7ffc53b8270
causal_reasoning_40|v1|F,causal_reasoning_40,causal_reasoning,medium,1,F,A,C,A,A,1.1337509751319885,-4.893026411533356,-0.2955445647239685,-1.429295539855957,-5.188570976257324,-6.914026260375977,9e8c58951b52345febf8ec0440363f4068f55d40248ccf0a63d9c2d62242e571
causal_reasoning_40|v1|AV,causal_reasoning_40,causal_reasoning,medium,1,AV,A,C,C,C,-1.7024480104446411,1.7024480104446411,-2.2322006225585938,-1.2462462186813354,-0.5297526121139526,-4.713407516479492,e550bf8f7403a54fdcd2737188cfe338174e3db4bb8785583c67e78d0fbab9af
causal_reasoning_4|v0|baseline,causal_reasoning_4,causal_reasoning,easy,0,baseline,B,C,B,B,4.758405614644289,-5.803560186177492,-4.791362762451172,-0.03295714780688286,-5.836517333984375,-6.6631364822387695,6e5705ce342f8de36e5d1edbf9fcd1a2c71cd7e8fdfc6d977ecfebcc099b0583
causal_reasoning_4|v0|F,causal_reasoning_4,causal_reasoning,easy,0,F,B,C,B,B,3.8363722041249275,-4.366722173988819,-3.8799116611480713,-0.04353945702314377,-4.410261631011963,-6.269167423248291,67e7406bf6594fff1e9976808d5ec19b324454f7fc4b173b4c7555dae904fee8
causal_reasoning_4|v0|P,causal_reasoning_4,causal_reasoning,easy,0,P,B,C,B,B,3.9949282854795456,-4.741767808794975,-4.029520511627197,-0.03459222614765167,-4.776360034942627,-6.609533786773682,6d5c9328e458e8024220702cc9ca274c1e2f87974499f962615a3aa7c6d3feff
causal_reasoning_4|v0|A,causal_reasoning_4,causal_reasoning,easy,0,A,B,C,B,B,3.4997614473104477,-3.9075087159872055,-3.5745608806610107,-0.07479943335056305,-3.9823081493377686,-5.905198097229004,a1ccaa266739c31ef4d0bb8e9bd7f7a30b122c68b6af6f43f4f3e71e16ec88be
causal_reasoning_4|v0|V,causal_reasoning_4,causal_reasoning,easy,0,V,B,C,C,C,-4.7193127032369375,4.7193127032369375,-5.815023899078369,-4.734014987945557,-0.014702284708619118,-7.494996547698975,d969f20bc39f62525f512e271cdbf52cd6ada99cb47c600b887d945fb08f1a94
causal_reasoning_4|v0|AV,causal_reasoning_4,causal_reasoning,easy,0,AV,B,C,C,C,-4.569190954789519,4.569190954789519,-5.915366172790527,-4.588589668273926,-0.01939871348440647,-7.11305046081543,5e1579cd8d522d8df882b5c5570885bae951201151e2dcf8b04bb8a98d554c3a
analogies_2|v1|baseline,analogies_2,analogies,easy,1,baseline,D,C,D,D,6.672673210501671,-8.05520485341549,-6.773900508880615,-7.695223331451416,-8.156432151794434,-0.1012272983789444,7752edeacaeabcfde71d5e401e0ceb82eb3fe57ac4fde34d3b263eda11347bd1
analogies_2|v1|V,analogies_2,analogies,easy,1,V,D,C,D,D,0.6825846433639526,-0.6825846433639526,-3.2104525566101074,-4.253467082977295,-1.1713327169418335,-0.48874807357788086,b3bb4b204f579ca99d6687fccf47da64763e31e5e4673fc32c1b2d763a469214
analogies_2|v1|P,analogies_2,analogies,easy,1,P,D,C,D,D,4.051645141094923,-4.831254821270704,-4.0915350914001465,-5.035752773284912,-4.871144771575928,-0.039889950305223465,0ce439bac9e97118b2eccc0dc8fc3d9e533767106a6159b7a092b9b35290c738
analogies_2|v1|AV,analogies_2,analogies,easy,1,AV,D,C,C,C,-0.2537689805030823,0.2537689805030823,-3.521286964416504,-4.678683280944824,-0.6377514600753784,-0.8915204405784607,66abdcac852be7e9e7b634abd900d947bce81006cee752155ec31f885fa4e618
analogies_2|v1|A,analogies_2,analogies,easy,1,A,D,C,D,D,3.122238226234913,-3.9316216185688972,-3.2218117713928223,-4.220255374908447,-4.031195163726807,-0.0995735451579094,c387fb8bfa212b5f6a027c89cdd896bfb57132d51ea1493f62f48db0d7172af1
analogies_2|v1|F,analogies_2,analogies,easy,1,F,D,C,D,D,4.529960703104734,-5.371265482157469,-4.561753273010254,-5.608880043029785,-5.403058052062988,-0.031792569905519485,5125b7ad7b74f823156b0801d1a29b247b03c59039bdc16e07816a7832d40ae4
causal_reasoning_4|v2|baseline,causal_reasoning_4,causal_reasoning,easy,2,baseline,B,C,B,B,4.8571778535842896,-5.668136715888977,-4.897024631500244,-0.03984677791595459,-5.707983493804932,-6.633503437042236,6e5705ce342f8de36e5d1edbf9fcd1a2c71cd7e8fdfc6d977ecfebcc099b0583
causal_reasoning_4|v2|P,causal_reasoning_4,causal_reasoning,easy,2,P,B,C,B,B,4.396161945536733,-5.200338276103139,-4.422513961791992,-0.026352016255259514,-5.226690292358398,-6.959882736206055,ef8f50f593741fc248add8061953924b8d5994d17d7042641355bc98d156555e
causal_reasoning_4|v2|AV,causal_reasoning_4,causal_reasoning,easy,2,AV,B,C,C,C,-4.592407081276178,4.592407081276178,-6.124034404754639,-4.6075758934021,-0.01516881212592125,-7.214904308319092,da4e56d7d78821f0bbbc4fac445cf8133b0d4816940407ad6fda13124cba7ae2
causal_reasoning_4|v2|V,causal_reasoning_4,causal_reasoning,easy,2,V,B,C,C,C,-5.100852777250111,5.100852777250111,-6.028859615325928,-5.112651348114014,-0.011798570863902569,-7.512247085571289,ccc56799bffdb660a7d99da3bd6106f01201c1713a4d797bf4b9fba2123c6506
causal_reasoning_4|v2|F,causal_reasoning_4,causal_reasoning,easy,2,F,B,C,B,B,4.222696103155613,-5.085967816412449,-4.248764514923096,-0.026068411767482758,-5.112036228179932,-7.136290073394775,617210fe7c0101b756e9302d9ffa267e5cc27359dbc264f895c2cb7c9609c64a
causal_reasoning_4|v2|A,causal_reasoning_4,causal_reasoning,easy,2,A,B,C,B,B,3.4378128722310066,-3.443649359047413,-3.517986536026001,-0.08017366379499435,-3.5238230228424072,-5.5238494873046875,dbd1bc1e29ba11a3c0528787ad025ae10e89cd2e3a67e0f9fc963d45f0064c01
basic_math_24|v1|baseline,basic_math_24,basic_math,medium,1,baseline,A,D,A,A,0.8894996047019958,-1.9069615006446838,-0.5026647448539734,-2.892212152481079,-1.3921643495559692,-2.4096262454986572,9eb50cf4976371f9cdb763e82b323379e136aa4c4ccdb7b20644381d066038a0
basic_math_24|v1|V,basic_math_24,basic_math,medium,1,V,A,D,A,A,0.7551136016845703,-0.7551136016845703,-0.896645188331604,-2.894888401031494,-1.6828867197036743,-1.6517587900161743,42e3da52619305e53dbfbc3500c92667d42c91481e98334a5b58e6b09a595dae
basic_math_24|v1|P,basic_math_24,basic_math,medium,1,P,A,D,A,A,1.9528657644987106,-3.112449571490288,-0.2359824925661087,-3.8122992515563965,-2.1888482570648193,-3.3484320640563965,9301af9b9cb80744ba96a573d75817d95a14a4f81c563b5b19aed27e6a32dabe
basic_math_24|v1|F,basic_math_24,basic_math,medium,1,F,A,D,A,A,2.228656753897667,-3.501342758536339,-0.22215868532657623,-4.086485385894775,-2.450815439224243,-3.723501443862915,38cea26c235046208ff06b7068bedff952ef75dc731a54690e65eba7d3b881bc
basic_math_24|v1|A,basic_math_24,basic_math,medium,1,A,A,D,A,A,1.7176457047462463,-3.136819899082184,-0.45987075567245483,-3.837432384490967,-2.177516460418701,-3.5966906547546387,c7394525212b3d0ce79d7ecf92e50ac0ee85c5f041f6b2b3200d1f2d51428f94
basic_math_24|v1|AV,basic_math_24,basic_math,medium,1,AV,A,D,A,A,0.4521980285644531,-0.9047737121582031,-1.0171236991882324,-2.7943739891052246,-1.4693217277526855,-1.9218974113464355,73ddd6a51dba5942f6017e12d84c65188b118960a1961be8fb28e29f16bde9e5
reading_comprehension_74|v1|baseline,reading_comprehension_74,reading_comprehension,hard,1,baseline,B,A,A,A,-1.2096518278121948,1.2096518278121948,-1.038523554801941,-2.2481753826141357,-2.7008140087127686,-1.2351939678192139,67fe678811ed85a7f83120190993d7b9265a95528c14a6c8f8d2b3fd8e89536d
reading_comprehension_74|v1|A,reading_comprehension_74,reading_comprehension,hard,1,A,B,A,B,B,0.2817841172218323,-0.2817841172218323,-1.1906391382217407,-0.9088550209999084,-3.3118128776550293,-1.8580126762390137,869d9cbb701b21ce456a0b65ea9e5780d944c4424f70d995f936cc4b7790b938
reading_comprehension_74|v1|AV,reading_comprehension_74,reading_comprehension,hard,1,AV,B,A,A,A,-2.71445070207119,2.71445070207119,-0.20915855467319489,-2.9236092567443848,-2.400373935699463,-3.717287540435791,e78f1e8505a4f2b1929d53ad23ef4d5fa79dd3ebdb55cce2c0470330964949bc
reading_comprehension_74|v1|V,reading_comprehension_74,reading_comprehension,hard,1,V,B,A,A,A,-1.2463493347167969,1.2463493347167969,-0.45907390117645264,-1.7054232358932495,-2.2160165309906006,-2.713094472885132,66bb86e3d426b6534d4188b8b97c286fe5205162936acbe0d8f14b7e3e94be35
reading_comprehension_74|v1|P,reading_comprehension_74,reading_comprehension,hard,1,P,B,A,B,B,0.5681609511375427,-0.5681609511375427,-1.3669711351394653,-0.7988101840019226,-2.9372265338897705,-1.4952614307403564,ba9d96a4abaf75d58a06ef817a109a543daca4e2ab3b0226e0081d494e754586
reading_comprehension_74|v1|F,reading_comprehension_74,reading_comprehension,hard,1,F,B,A,B,B,0.9106235504150391,-0.9106235504150391,-1.4792159795761108,-0.5685924291610718,-3.605440616607666,-1.8393577337265015,4cc579735eb7b2a4923154ba115be9aecea0a4a7b1975ffe34db4f7f43e07447
logical_reasoning_10|v1|baseline,logical_reasoning_10,logical_reasoning,easy,1,baseline,C,B,C,C,4.34865015745163,-7.368735492229462,-4.398802280426025,-7.418887615203857,-0.05015212297439575,-5.179995059967041,2889e01aa0ac4003ebb332312d0e4e9316e425183f0b00192936857a8c1ff2c8
logical_reasoning_10|v1|P,logical_reasoning_10,logical_reasoning,easy,1,P,C,B,C,C,4.926559258252382,-7.204200554639101,-4.957464218139648,-7.235105514526367,-0.03090495988726616,-5.814647674560547,5f53180c767b86a3350f1d3eede1dcf738544dde2289688238f7e503b123bf8c
logical_reasoning_10|v1|AV,logical_reasoning_10,logical_reasoning,easy,1,AV,C,B,C,C,0.94482421875,-0.94482421875,-1.9911662340164185,-1.443043828010559,-0.4982196092605591,-5.3815202713012695,0767efadbed93f55b30f6c5c77ad636452d6413d558eff2caa51c7a7d1a1c00a
logical_reasoning_10|v1|F,logical_reasoning_10,logical_reasoning,easy,1,F,C,B,C,C,4.674421399831772,-7.133625119924545,-4.72574520111084,-7.184948921203613,-0.05132380127906799,-6.099432945251465,3dc90f817723aa693bffc65a7e6749a8a029feb61c3b7570635c7c150decb64a
logical_reasoning_10|v1|V,logical_reasoning_10,logical_reasoning,easy,1,V,C,B,C,C,2.2932872474193573,-2.2932872474193573,-2.610839605331421,-2.481696844100952,-0.18840959668159485,-5.142681121826172,810a9b10abaee7ea4c039e03aaf8c339aef9400d1b660269ccfc79612d1229a9
logical_reasoning_10|v1|A,logical_reasoning_10,logical_reasoning,easy,1,A,C,B,C,C,3.863109767436981,-6.160892188549042,-4.233606338500977,-6.531388759613037,-0.37049657106399536,-5.559379577636719,98517d62b4d14eb4451f30d43fb59b8c19b3fb853a0bd05b9b17f87cc1f78072
causal_reasoning_61|v0|baseline,causal_reasoning_61,causal_reasoning,hard,0,baseline,D,A,D,D,4.321655064821243,-5.68275049328804,-5.705804824829102,-7.297321319580078,-4.344709396362305,-0.0230543315410614,d11a716ae3b531aa21be5d3b12b7623335a63fccc1f85a58050d1dab2d276fbc
causal_reasoning_61|v0|P,causal_reasoning_61,causal_reasoning,hard,0,P,D,A,D,D,4.506426103413105,-5.47015929967165,-5.515151023864746,-6.606230735778809,-4.551417827606201,-0.04499172419309616,943f427a11cacdf7d55dd1318506e0d8e9b564e0f65cf822dde719fb8481dda8
causal_reasoning_61|v0|A,causal_reasoning_61,causal_reasoning,hard,0,A,D,A,D,D,3.8476179987192154,-4.705453768372536,-4.81714391708374,-5.724364757537842,-3.95930814743042,-0.11169014871120453,b8ec64d62aa47d092c41c3e3592da454a63edc76df8748faacaa790733572be0
causal_reasoning_61|v0|F,causal_reasoning_61,causal_reasoning,hard,0,F,D,A,D,D,4.507972829043865,-5.362066380679607,-5.4059157371521,-6.331178188323975,-4.551822185516357,-0.04384935647249222,918b7ed8a84788b4f19e7a344722d1a8f7eb8f6838001845345418fd54bd5945
causal_reasoning_61|v0|AV,causal_reasoning_61,causal_reasoning,hard,0,AV,D,A,A,A,-5.508737310767174,5.508737310767174,-0.07935453951358795,-4.84201192855835,-5.265402793884277,-5.588091850280762,683e893d9b502cebbc254caa1ca8b25ad8df0ef94a916159a718b9d78e76e8e3
causal_reasoning_61|v0|V,causal_reasoning_61,causal_reasoning,hard,0,V,D,A,A,A,-6.550094407051802,6.550094407051802,-0.06101151183247566,-5.538024425506592,-6.350623607635498,-6.611105918884277,90c770acf0af933cf403989b8211ff47f91b08638c92bc7189f4ded1beef6a6f
common_sense_0|v2|baseline,common_sense_0,common_sense,easy,2,baseline,A,C,A,A,9.569694511592388,-9.569694511592388,-0.012024886906147003,-9.896817207336426,-9.581719398498535,-10.703871726989746,aaf2f51bd09f4eda0351a612918add06f7139e974bf5a49513c30d0311f7908f
common_sense_0|v2|F,common_sense_0,common_sense,easy,2,F,A,C,A,A,7.720533366780728,-7.720533366780728,-0.004649643320590258,-8.65552806854248,-7.725183010101318,-9.913874626159668,80ff38314d263bf855c016c8526396d7de54d8087e5e7a4844b08062cb892d3a
common_sense_0|v2|P,common_sense_0,common_sense,easy,2,P,A,C,A,A,8.683375974884257,-8.683375974884257,-0.0022023713681846857,-9.463610649108887,-8.685578346252441,-11.148528099060059,fa16751b5a8de6638ce24c2e994b5a239ca4902413af7f8b5d78db43ed3d3338
common_sense_0|v2|A,common_sense_0,common_sense,easy,2,A,A,C,A,A,6.033653338439763,-6.033653338439763,-0.008648793213069439,-7.544228553771973,-6.042302131652832,-8.305062294006348,20b79eb3aee42110e06a0e9217be3c54717b68230700fa326278c5180ec335fd
common_sense_0|v2|AV,common_sense_0,common_sense,easy,2,AV,A,C,C,C,-4.07780821993947,4.07780821993947,-4.101444244384766,-5.454767227172852,-0.023636024445295334,-7.24688720703125,2002ec7f5d7c8d8420329a09665cde8660f4d863b356784b365fe2954df9ea66
common_sense_0|v2|V,common_sense_0,common_sense,easy,2,V,A,C,C,C,-4.226955447345972,4.226955447345972,-4.2462921142578125,-6.141119003295898,-0.01933666691184044,-7.660219192504883,cd8811b951eff9a43f4f83397f73656f04768522c74c254b81908b0200150586
reading_comprehension_1|v0|baseline,reading_comprehension_1,reading_comprehension,easy,0,baseline,C,B,C,C,7.599891696125269,-8.868138823658228,-7.634287357330322,-8.902534484863281,-0.03439566120505333,-7.700281620025635,00b755196d55f99cfceaf43353f9dbcd376cbcc09e09d2e5bfbcfb4d974f31af
reading_comprehension_1|v0|V,reading_comprehension_1,reading_comprehension,easy,0,V,C,B,B,B,-3.1916828639805317,3.1916828639805317,-4.662177085876465,-0.0522891990840435,-3.243972063064575,-6.856321334838867,5e93ee82ef4c1c2976f7bf772b3cb1365d6cc183f4ba7d1750530cc022c00927
reading_comprehension_1|v0|F,reading_comprehension_1,reading_comprehension,easy,0,F,C,B,C,C,5.420334131456912,-6.408681661821902,-5.430538177490234,-6.418885707855225,-0.010204046033322811,-6.805715084075928,7d92fc45219abdb6f64f16c7aacc4e2493b42d4d710338a7f546d5697212881f
reading_comprehension_1|v0|P,reading_comprehension_1,reading_comprehension,easy,0,P,C,B,C,C,5.736597176641226,-6.900652047246695,-5.743174076080322,-6.907228946685791,-0.006576899439096451,-7.17678689956665,b9ef327908017df68d3d8a6336163d347f824ac465f1e51ee0d7987063ea087b
reading_comprehension_1|v0|A,reading_comprehension_1,reading_comprehension,easy,0,A,C,B,C,C,4.90571207087487,-5.786228123120964,-4.92094612121582,-5.801462173461914,-0.015234050340950489,-6.361919403076172,d72096055f806dc6944861ba7404d09f462d0e0be42eb83464b6a52856591a12
reading_comprehension_1|v0|AV,reading_comprehension_1,reading_comprehension,easy,0,AV,C,B,B,B,-2.87841022759676,2.87841022759676,-4.597516059875488,-0.06919967383146286,-2.9476099014282227,-6.464615821838379,65e5eb8e6c34ccda3646402e975078b3d405b79682aa5492d66e363d1f28e710
causal_reasoning_4|v1|baseline,causal_reasoning_4,causal_reasoning,easy,1,baseline,B,C,B,B,4.8858832865953445,-5.735855057835579,-4.921395301818848,-0.03551201522350311,-5.771367073059082,-6.608715057373047,6e5705ce342f8de36e5d1edbf9fcd1a2c71cd7e8fdfc6d977ecfebcc099b0583
causal_reasoning_4|v1|P,causal_reasoning_4,causal_reasoning,easy,1,P,B,C,B,B,3.972493913024664,-4.802528645843267,-4.004756927490234,-0.03226301446557045,-4.834791660308838,-6.729480743408203,ab0d69b83d367711c1163d78eb3a975e9d5c84c76fbc0b4fd518f182b8a44096
causal_reasoning_4|v1|AV,causal_reasoning_4,causal_reasoning,easy,1,AV,B,C,C,C,-1.6522215902805328,1.6522215902805328,-4.311093330383301,-1.8490402698516846,-0.19681867957115173,-6.239309787750244,b4e5ca8a1b8beba2660172903337413a6ed69d6a0073bb262deb19b58ef385ab
causal_reasoning_4|v1|V,causal_reasoning_4,causal_reasoning,easy,1,V,B,C,B,B,0.0025177001953125,-0.0025177001953125,-3.6113672256469727,-0.7255830764770508,-0.7281007766723633,-5.797060966491699,bdba54b835f5c6c466b0e3573eb4f9c5be0fc20bebf1f67a51a21acf63e431da
causal_reasoning_4|v1|A,causal_reasoning_4,causal_reasoning,easy,1,A,B,C,B,B,3.332244887948036,-4.080711379647255,-3.4004769325256348,-0.06823204457759857,-4.1489434242248535,-6.170605182647705,72287fb16e088c87b8d3b61665c6a038450b7cc0e17325aa19069865f70afd2f
causal_reasoning_4|v1|F,causal_reasoning_4,causal_reasoning,easy,1,F,B,C,B,B,3.5293502286076546,-4.417861886322498,-3.574502944946289,-0.04515271633863449,-4.463014602661133,-6.651159286499023,768969e7343014919bffd1e8eb2a9292e4891ad24bc1a0f31a1eec4f89a187a9
scientific_facts_60|v2|baseline,scientific_facts_60,scientific_facts,hard,2,baseline,C,B,C,C,3.6975250244140625,-8.043893814086914,-5.2217864990234375,-8.626697540283203,-0.5828037261962891,-4.280328750610352,ae1d1ce928a046f82da83f5737482a791bc7f4aac602796c10b306ea458d72bb
scientific_facts_60|v2|A,scientific_facts_60,scientific_facts,hard,2,A,C,B,C,C,2.6417218297719955,-5.021682605147362,-3.34295916557312,-5.236454486846924,-0.21477188169956207,-2.8564937114715576,11e5cc74ef467bbc63a17fc67859a6f31e3c19bce166fe2209ec0d6a342b42a7
scientific_facts_60|v2|AV,scientific_facts_60,scientific_facts,hard,2,AV,C,B,B,B,-2.544448845088482,2.544448845088482,-3.9724655151367188,-0.11783600598573685,-2.6622848510742188,-5.131935119628906,c3458f28e9ac89e97e6e892f80132fbbafcb20aaf80cdafffc9456187d31ac98
scientific_facts_60|v2|P,scientific_facts_60,scientific_facts,hard,2,P,C,B,C,C,3.7219409346580505,-5.661321580410004,-3.8366308212280273,-5.728350639343262,-0.06702905893325806,-3.7889699935913086,0c77c529b58767c63db6668001c368fdcc0b3ad57b6c34d458f5702ca5c700f5
scientific_facts_60|v2|V,scientific_facts_60,scientific_facts,hard,2,V,C,B,B,B,-3.004848435521126,3.004848435521126,-3.8137123584747314,-0.08937005698680878,-3.0942184925079346,-4.828670024871826,aff21e160e744c21558d4a3bcfe6af4f4f3722a62251f73d29b9d7823bef2551
scientific_facts_60|v2|F,scientific_facts_60,scientific_facts,hard,2,F,C,B,C,C,3.66577535122633,-6.061264090240002,-3.8797659873962402,-6.135646343231201,-0.0743822529911995,-3.7401576042175293,8fb3547ef7e54595ee013662791c26f69ccfaffe93ca7f95b7cf7a1d2454d2e9
common_sense_47|v0|baseline,common_sense_47,common_sense,hard,0,baseline,C,B,C,C,10.882520837942138,-12.56830613152124,-10.883627891540527,-12.569413185119629,-0.0011070535983890295,-13.038548469543457,058e626aa210a90b0dd5baf31c6775cd5ff05951dd441eb55c222735ade692b1
common_sense_47|v0|A,common_sense_47,common_sense,hard,0,A,C,B,C,C,4.186037300154567,-6.280317543074489,-4.208090782165527,-6.302371025085449,-0.02205348201096058,-6.339766025543213,59a4b5724b94ab0ab4cdbc39607573069b57d9b70e21aa0137a6abf518266286
common_sense_47|v0|AV,common_sense_47,common_sense,hard,0,AV,C,B,B,B,-1.7202111631631851,1.7202111631631851,-3.9053268432617188,-0.19244574010372162,-1.9126569032669067,-5.612770080566406,fab452367661cf3ba153b6347fd199f17a091ec64f3ef8417cf40dcb441a8fa2
common_sense_47|v0|P,common_sense_47,common_sense,hard,0,P,C,B,C,C,6.810821616323665,-8.270986640127376,-6.813703536987305,-8.273868560791016,-0.002881920663639903,-9.142129898071289,ac39664fab5a7be677eab6bb98c1fbf2b0e3d06f6ba1001ce948a5c981010f39
common_sense_47|v0|F,common_sense_47,common_sense,hard,0,F,C,B,C,C,5.945989780128002,-7.723952941596508,-5.951606273651123,-7.729569435119629,-0.00561649352312088,-8.429083824157715,7bd09aa8a6a6ccc33a7efeb9a917135f4c6dff1c95c2bb5c7f65c389ca4b7d00
common_sense_47|v0|V,common_sense_47,common_sense,hard,0,V,C,B,B,B,-2.407196044921875,2.407196044921875,-4.4250168800354,-0.10690164566040039,-2.5140976905822754,-6.261190891265869,3089568a46c5e57133758a9f22a087876cfbd8cc8662db28b122729610951a25
logical_reasoning_64|v1|baseline,logical_reasoning_64,logical_reasoning,hard,1,baseline,A,B,A,A,4.424976080656052,-7.258606165647507,-0.04161861538887024,-7.300224781036377,-4.466594696044922,-5.135033130645752,518f54d96a8f8325e2ea586b02cd89096347bd0bd61fa842a198e903fc81cbd3
logical_reasoning_64|v1|A,logical_reasoning_64,logical_reasoning,hard,1,A,A,B,A,A,4.249776631593704,-6.662082463502884,-0.09526130557060242,-6.757343769073486,-4.345037937164307,-5.375704765319824,c16760bb5cafbe328ba80978936ff71383cb761bb218453375adeb40af8e5c22
logical_reasoning_64|v1|V,logical_reasoning_64,logical_reasoning,hard,1,V,A,B,A,A,1.8388060629367828,-1.8388060629367828,-0.2173653542995453,-2.056171417236328,-3.2554094791412354,-4.402946472167969,23b08917be24607a06c170bf5d83917daf5122433ca9a89c2504c283905c777c
logical_reasoning_64|v1|F,logical_reasoning_64,logical_reasoning,hard,1,F,A,B,A,A,4.80152527987957,-7.358673259615898,-0.02723534405231476,-7.385908603668213,-4.828760623931885,-6.161523818969727,fa6028dd83d52d8e880902be1a6a25e3b053b041363a8d88a19c3e5541bd361f
logical_reasoning_64|v1|P,logical_reasoning_64,logical_reasoning,hard,1,P,A,B,A,A,4.795757297426462,-7.491311077028513,-0.02262258157134056,-7.5139336585998535,-4.818379878997803,-6.232646465301514,0c6c95d70b56d1ebc367e3f49236c42c95edf2cf81cad143bd0b18e2e6777782
logical_reasoning_64|v1|AV,logical_reasoning_64,logical_reasoning,hard,1,AV,A,B,A,A,2.9941827058792114,-2.9941827058792114,-0.10975110530853271,-3.103933811187744,-3.367798089981079,-4.559078693389893,5adc90e23fca585482a9eed680e296c1019289f9c1a169e98208d4c81fd38056
analogies_2|v2|baseline,analogies_2,analogies,easy,2,baseline,D,C,D,D,6.759651184082031,-8.033018589019775,-6.861547946929932,-7.74723482131958,-8.134915351867676,-0.10189676284790039,7752edeacaeabcfde71d5e401e0ceb82eb3fe57ac4fde34d3b263eda11347bd1
analogies_2|v2|P,analogies_2,analogies,easy,2,P,D,C,D,D,6.0551413372159,-6.47214687615633,-6.081099510192871,-6.610032081604004,-6.498105049133301,-0.025958172976970673,71e906be137578bd40bcc113b4b89d9cfa2c5c18be02ec1d8194e170a5bbdbd1
analogies_2|v2|F,analogies_2,analogies,easy,2,F,D,C,D,D,6.2880650497972965,-7.129535768181086,-6.30509614944458,-7.155086994171143,-7.146566867828369,-0.017031099647283554,3e8776322f68f577420845ab2f5a394f29a1c7211f5cdd1de7e0b5364ea5f634
analogies_2|v2|A,analogies_2,analogies,easy,2,A,D,C,D,D,4.381679676473141,-5.106933735311031,-4.429150104522705,-5.163971424102783,-5.154404163360596,-0.04747042804956436,e56742106ad248969b20c13430a88f2a803753f2461095fc84efa619f1ed4b8a
analogies_2|v2|V,analogies_2,analogies,easy,2,V,D,C,C,C,-4.884508153423667,4.884508153423667,-6.4045915603637695,-6.917599678039551,-0.024292925372719765,-4.908801078796387,1a79d9bebced433b63fc2493a611e75335a93b2afba5829029dd2837b001c174
analogies_2|v2|AV,analogies_2,analogies,easy,2,AV,D,C,C,C,-4.278808509930968,4.278808509930968,-6.018138408660889,-6.27368688583374,-0.021997058764100075,-4.300805568695068,a3e3489746507fc891c5f8f4b952492928e3412115d499eeb82b3c0d252578c0
reading_comprehension_19|v2|baseline,reading_comprehension_19,reading_comprehension,medium,2,baseline,D,A,C,C,-1.3287066221237183,-0.7726365327835083,-2.5752341747283936,-4.529911994934082,-0.473891019821167,-1.8025976419448853,f45ff0e5301f86feb3bb50e1ae44955eb79297d594a2b491010d0dd4d2bc6afc
reading_comprehension_19|v2|P,reading_comprehension_19,reading_comprehension,medium,2,P,D,A,D,D,0.5112417936325073,-4.030345678329468,-4.533092498779297,-5.307123184204102,-1.0139886140823364,-0.5027468204498291,ffd86d8824b50ac345b0c74425d235bd40ccdd7f9e5eb834dd43188942cbbbd0
reading_comprehension_19|v2|A,reading_comprehension_19,reading_comprehension,medium,2,A,D,A,C,C,-0.1418551802635193,-2.858163893222809,-3.771794557571411,-4.6611762046813965,-0.771775484085083,-0.9136306643486023,dac6128c4391cbd5f241eb36bed4e86e1c4075238e5375ad4e7e7fb36a3f9dba
reading_comprehension_19|v2|F,reading_comprehension_19,reading_comprehension,medium,2,F,D,A,D,D,0.7238139808177948,-4.173768848180771,-4.668197154998779,-5.844946384429932,-1.2182422876358032,-0.4944283068180084,e9bc491ddcf8b601305bcb3765295914c935e2d866d884ef10e04780208f1604
reading_comprehension_19|v2|V,reading_comprehension_19,reading_comprehension,medium,2,V,D,A,A,A,-4.093244455754757,4.093244455754757,-0.06618509441614151,-4.32765007019043,-3.555860757827759,-4.159429550170898,081c343e2bae2d36048db1532bd5acd532a24765e942e75294f6036a878d4d3e
reading_comprehension_19|v2|AV,reading_comprehension_19,reading_comprehension,medium,2,AV,D,A,A,A,-4.308755844831467,4.308755844831467,-0.049972087144851685,-4.939013957977295,-3.7889628410339355,-4.358727931976318,d8659d5c3440ae3cd992ef45c05886070ee24e156a7a2adf170e6f3343f91c61
analogies_50|v0|baseline,analogies_50,analogies,hard,0,baseline,D,A,D,D,8.751458614133298,-8.751458614133298,-8.762245178222656,-10.820496559143066,-10.72042465209961,-0.010786564089357853,f259fb987684cbe0bede5f434e86174b25d80715cf443846b2045b45943fbd3b
analogies_50|v0|F,analogies_50,analogies,hard,0,F,D,A,D,D,5.869802526663989,-5.869802526663989,-5.877128601074219,-7.314577102661133,-6.372591018676758,-0.007326074410229921,49fc1d9c3856396a2f36f89e58911d6ed2b4a7001f44d36b41f765b99d74a223
analogies_50|v0|A,analogies_50,analogies,hard,0,A,D,A,D,D,6.0009687300771475,-6.0009687300771475,-6.009362697601318,-7.420739650726318,-6.613698482513428,-0.008393967524170876,54aa229d163362878deb407bb03561926ef904ac32232d6630d438bc94c966b2
analogies_50|v0|V,analogies_50,analogies,hard,0,V,D,A,A,A,-3.022081382572651,3.022081382572651,-0.08655213564634323,-3.7626194953918457,-4.480894565582275,-3.108633518218994,c8790cf8f5b8e83684b769f209547d7125d3ee0affd11a2e6c3e4878457d994e
analogies_50|v0|P,analogies_50,analogies,hard,0,P,D,A,D,D,5.86240178020671,-5.86240178020671,-5.8694610595703125,-7.213705539703369,-6.57440185546875,-0.0070592793636024,645da7d087becfe805a2d700130778edbe32be92538ce92f7fe77d7ee665e086
analogies_50|v0|AV,analogies_50,analogies,hard,0,AV,D,A,A,A,-3.2926921993494034,3.2926921993494034,-0.07254908978939056,-4.083047389984131,-4.169320583343506,-3.365241289138794,b0caf6483cafa3fd0be0e16f85c0d8983b9560a9918465ccab3da5f957653999
analogies_2|v0|baseline,analogies_2,analogies,easy,0,baseline,D,C,D,D,6.772573530673981,-8.148726522922516,-6.855842590332031,-7.8073835372924805,-8.231995582580566,-0.08326905965805054,7752edeacaeabcfde71d5e401e0ceb82eb3fe57ac4fde34d3b263eda11347bd1
analogies_2|v0|A,analogies_2,analogies,easy,0,A,D,C,D,D,4.804756037890911,-5.324186198413372,-4.828382968902588,-5.718983173370361,-5.347813129425049,-0.02362693101167679,2f2c7e4ee72f7ab728c0ce33be60e21b9560bc4e105ff58b626ef9d815d3fa4c
analogies_2|v0|AV,analogies_2,analogies,easy,0,AV,D,C,C,C,-4.480913355946541,4.480913355946541,-5.359888076782227,-6.323180675506592,-0.023410603404045105,-4.504323959350586,4c025ffaa1b483cca563012d3b261ac1c3a96b9646d878422cec4cef0bae50db
analogies_2|v0|V,analogies_2,analogies,easy,0,V,D,C,C,C,-4.448370160534978,4.448370160534978,-5.535976409912109,-6.61159086227417,-0.026857195422053337,-4.475227355957031,bab8428ab29af397e659898c80305ac25cd5e5bc9b5b59a64cbeb44b664b17d3
analogies_2|v0|F,analogies_2,analogies,easy,0,F,D,C,D,D,5.464267549104989,-6.154807862825692,-5.477498531341553,-6.2746710777282715,-6.168038845062256,-0.01323098223656416,03aeaa970804825e99f035945d0b82b7ba57282fa8e4271ed8b5ba3e29ec9d43
analogies_2|v0|P,analogies_2,analogies,easy,0,P,D,C,D,D,5.093959730118513,-5.960760038346052,-5.113827228546143,-6.000938892364502,-5.980627536773682,-0.01986749842762947,a62574156088a764de008e5b2b105c4d34e70581aaccdf635d14cd53eae06245
logical_reasoning_64|v0|baseline,logical_reasoning_64,logical_reasoning,hard,0,baseline,A,B,A,A,4.390075612813234,-7.271964002400637,-0.045461248606443405,-7.31742525100708,-4.435536861419678,-5.072930812835693,518f54d96a8f8325e2ea586b02cd89096347bd0bd61fa842a198e903fc81cbd3
logical_reasoning_64|v0|F,logical_reasoning_64,logical_reasoning,hard,0,F,A,B,A,A,4.678008735179901,-7.616787135601044,-0.024303734302520752,-7.6410908699035645,-4.702312469482422,-6.344089984893799,d282993c8f92538e5050925f8a43d5bb2173128670bfa2a2622fee0a2ad1568a
logical_reasoning_64|v0|V,logical_reasoning_64,logical_reasoning,hard,0,V,A,B,B,B,-4.163334073498845,4.163334073498845,-4.19274377822876,-0.029409704729914665,-4.7937703132629395,-6.8578572273254395,4664264c281cfb0da92592499dca6c89287a1c0c7e32ec4194b3f4a1613a3207
logical_reasoning_64|v0|P,logical_reasoning_64,logical_reasoning,hard,0,P,A,B,A,A,4.790126806125045,-7.573257451876998,-0.023447031155228615,-7.596704483032227,-4.813573837280273,-6.167224884033203,244882ba3338041c62a88d95b4b2e8f4547a6ef090739645a9abc24500496987
logical_reasoning_64|v0|A,logical_reasoning_64,logical_reasoning,hard,0,A,A,B,A,A,4.878297680988908,-7.449897641316056,-0.01753438077867031,-7.467432022094727,-4.895832061767578,-5.934270858764648,d3ca966debc100a6c8a4a8e47239ae93b434e94d99fb551488bb9f6385e0445a
logical_reasoning_64|v0|AV,logical_reasoning_64,logical_reasoning,hard,0,AV,A,B,B,B,-2.1449852138757706,2.1449852138757706,-2.2901201248168945,-0.14513491094112396,-3.7850027084350586,-5.128981590270996,49173da385235a6b2d12198b52e81ad0f163a39bf08724ebda335592705d3548
common_sense_0|v1|baseline,common_sense_0,common_sense,easy,1,baseline,A,C,A,A,9.630218766629696,-9.630218766629696,-0.009185530245304108,-9.957571029663086,-9.639404296875,-10.687911987304688,aaf2f51bd09f4eda0351a612918add06f7139e974bf5a49513c30d0311f7908f
common_sense_0|v1|A,common_sense_0,common_sense,easy,1,A,A,C,A,A,6.241165278479457,-6.241165278479457,-0.01877010054886341,-7.199361801147461,-6.25993537902832,-8.333847045898438,35a48ed4f18de40ebb548c2aecdd86f4e694ecc1511f73dd29502269ca91695c
common_sense_0|v1|V,common_sense_0,common_sense,easy,1,V,A,C,A,A,1.754816010594368,-1.754816010594368,-0.17986826598644257,-4.694713115692139,-1.9346842765808105,-4.844972133636475,b54a2ed5c38b049e3b13af868b288a224add15886a19000bf63a897758b77cdd
common_sense_0|v1|P,common_sense_0,common_sense,easy,1,P,A,C,A,A,6.839367015985772,-6.839367015985772,-0.0038045805413275957,-8.063721656799316,-6.8431715965271,-8.948960304260254,3d742a0a1170b3be27bb52889851f8fece15aa48eb2912c5e7071856d439767e
common_sense_0|v1|F,common_sense_0,common_sense,easy,1,F,A,C,A,A,7.068186006275937,-7.068186006275937,-0.0030439284164458513,-8.064737319946289,-7.071229934692383,-9.396484375,63f56566f0c4fd01f2a481e7ca970620e9c156e1da54c7106a06f4f2676dba56
common_sense_0|v1|AV,common_sense_0,common_sense,easy,1,AV,A,C,A,A,0.6320285201072693,-0.6320285201072693,-0.45422595739364624,-4.061316013336182,-1.0862544775009155,-5.42534875869751,2aa7873b2ffb3436c0311b64b7a18b1ab3ff7aab3630262cecbe775fac4a2dea
reading_comprehension_19|v1|baseline,reading_comprehension_19,reading_comprehension,medium,1,baseline,D,A,C,C,-1.327180802822113,-0.7698172330856323,-2.5505805015563965,-4.52785062789917,-0.4535824656486511,-1.7807632684707642,f45ff0e5301f86feb3bb50e1ae44955eb79297d594a2b491010d0dd4d2bc6afc
reading_comprehension_19|v1|V,reading_comprehension_19,reading_comprehension,medium,1,V,D,A,C,C,-0.3590298295021057,0.03458595275878906,-1.2800605297088623,-2.8239943981170654,-0.9556166529655457,-1.3146464824676514,a5fbba74e1d74577655bea79e20394c34375c64e76ee4badfbf400b69b4179f2
reading_comprehension_19|v1|P,reading_comprehension_19,reading_comprehension,medium,1,P,D,A,C,C,-0.018178939819335938,-2.658704698085785,-3.4209632873535156,-4.390012741088867,-0.7440796494483948,-0.7622585892677307,cca41fb16eb7c23ca9981078d2293ea49d80817d238c81833414fad7d4f01109
reading_comprehension_19|v1|A,reading_comprehension_19,reading_comprehension,medium,1,A,D,A,D,D,0.019050657749176025,-2.6358909010887146,-3.4222888946533203,-4.489053726196289,-0.8054486513137817,-0.7863979935646057,4fd858ca472e642938e9ed2e08ce815aafc107dcc4b32a05752eed1e58a224e6
reading_comprehension_19|v1|AV,reading_comprehension_19,reading_comprehension,medium,1,AV,D,A,A,A,-1.5291348695755005,1.5291348695755005,-0.5200334787368774,-2.709984540939331,-1.6008726358413696,-2.049168348312378,e552fb215efce21b2f50fe67ec928d41406598988a3d77ca147448ff43560c79
reading_comprehension_19|v1|F,reading_comprehension_19,reading_comprehension,medium,1,F,D,A,D,D,0.3089885711669922,-3.221420407295227,-3.8207755088806152,-4.857717037200928,-0.9083436727523804,-0.5993551015853882,7398bf789459a5f4a740195ae5218d11bcfc50192d416d02e3cf5c36dc103c46
scientific_facts_11|v0|baseline,scientific_facts_11,scientific_facts,easy,0,baseline,A,B,A,A,1.2026539146900177,-2.0468731224536896,-0.3921644389629364,-2.439037561416626,-1.594818353652954,-3.4705889225006104,60442302d7205c860e1ba0a9ee9f77a5e9b80be5877711a66f46cecf79a5e88f
scientific_facts_11|v0|AV,scientific_facts_11,scientific_facts,easy,0,AV,A,B,B,B,-3.7843057066202164,3.7843057066202164,-3.8918046951293945,-0.10749898850917816,-4.618319511413574,-5.9422807693481445,3a89ef44943a896a45b68d335184861439ef350ec9f27188ea18eb934fc5eff7
scientific_facts_11|v0|A,scientific_facts_11,scientific_facts,easy,0,A,A,B,A,A,2.3660640716552734,-3.5099008083343506,-0.6494872570037842,-4.159388065338135,-3.0155513286590576,-5.631592273712158,247ff1ecfba50a8566333c19f1ce4699485db2a82ebdb671817d3adb1ead1d52
scientific_facts_11|v0|P,scientific_facts_11,scientific_facts,easy,0,P,A,B,A,A,2.3411845564842224,-3.3950785994529724,-0.42469388246536255,-3.819772481918335,-2.765878438949585,-6.019548416137695,9d88938b77e71ee0ed4c4daed1d78ca48d2d421257efb186f9141c55c3623477
scientific_facts_11|v0|F,scientific_facts_11,scientific_facts,easy,0,F,A,B,A,A,2.388908326625824,-3.5333556532859802,-0.39162904024124146,-3.9249846935272217,-2.7805373668670654,-6.327500343322754,5d6a9a9c56a363abb95a313175559f06f82aa439f02ec2237d2d218fa9466a8e
scientific_facts_11|v0|V,scientific_facts_11,scientific_facts,easy,0,V,A,B,B,B,-4.506408523768187,4.506408523768187,-4.548827171325684,-0.042418647557497025,-5.703000068664551,-6.984362602233887,32c00e675a92ae1ad7306397cdfe6ceff5fe1313b667f72e6a27b9ed194574e4
reading_comprehension_1|v2|baseline,reading_comprehension_1,reading_comprehension,easy,2,baseline,C,B,C,C,7.568071210756898,-8.775452459231019,-7.591422080993652,-8.798803329467773,-0.023350870236754417,-7.699898719787598,00b755196d55f99cfceaf43353f9dbcd376cbcc09e09d2e5bfbcfb4d974f31af
reading_comprehension_1|v2|V,reading_comprehension_1,reading_comprehension,easy,2,V,C,B,B,B,-3.5509261786937714,3.5509261786937714,-4.855967044830322,-0.03984907269477844,-3.59077525138855,-6.693642616271973,a1bc9b4f84dbaa2ff1daab0c28bfdbcdb84a163eb42a4256b258d2e6e15e7008
reading_comprehension_1|v2|P,reading_comprehension_1,reading_comprehension,easy,2,P,C,B,C,C,5.7064267373643816,-6.728258249815553,-5.713200569152832,-6.735032081604004,-0.0067738317884504795,-7.073716163635254,f5444791d37706fd0d9ab35c10a14c843c430d95da86933a398c8300e19eb97a
reading_comprehension_1|v2|F,reading_comprehension_1,reading_comprehension,easy,2,F,C,B,C,C,6.138568814378232,-7.410722668748349,-6.145280838012695,-7.4174346923828125,-0.006712023634463549,-7.472705841064453,15a4ab34b4851c7c692c06f1353315ff53715ca8578aaa1386e9cfb04a33fad9
reading_comprehension_1|v2|AV,reading_comprehension_1,reading_comprehension,easy,2,AV,C,B,B,B,-3.4232597947120667,3.4232597947120667,-4.9358744621276855,-0.04272216558456421,-3.465981960296631,-6.7745680809021,549099eed61646face717570978a9524e0861c88c7b40fa5ce2785abe41083aa
reading_comprehension_1|v2|A,reading_comprehension_1,reading_comprehension,easy,2,A,C,B,C,C,5.607791974209249,-6.439922406338155,-5.618513107299805,-6.450643539428711,-0.010721133090555668,-6.630653381347656,9adcd87e6668b425c032c773aa0eaee4a581071610f3972d50e2cea519f48d30
reading_comprehension_74|v2|baseline,reading_comprehension_74,reading_comprehension,hard,2,baseline,B,A,A,A,-1.2126331329345703,1.2126331329345703,-1.0664598941802979,-2.279093027114868,-2.694040536880493,-1.2250865697860718,67fe678811ed85a7f83120190993d7b9265a95528c14a6c8f8d2b3fd8e89536d
reading_comprehension_74|v2|V,reading_comprehension_74,reading_comprehension,hard,2,V,B,A,A,A,-4.786033682525158,4.786033682525158,-0.07278675585985184,-4.85882043838501,-3.2004456520080566,-4.409674167633057,4042c5a2c6c4e10ddb2ec5565eab0930ca71e1fa76445ed036d620874297a537
reading_comprehension_74|v2|F,reading_comprehension_74,reading_comprehension,hard,2,F,B,A,B,B,1.1363257765769958,-1.257133424282074,-1.8487462997436523,-0.5916128754615784,-3.904892921447754,-1.7279386520385742,e60720e6d1613b214e224accc955a1038605b9898cf58081e9d14e1111f0a321
reading_comprehension_74|v2|A,reading_comprehension_74,reading_comprehension,hard,2,A,B,A,B,B,0.4652061462402344,-0.4652061462402344,-1.359878659248352,-0.8946725130081177,-3.2285079956054688,-1.5241528749465942,c1e5a96e0c6907927c57a856dad98e0e95717328d635033d7c50e91a25848a33
reading_comprehension_74|v2|P,reading_comprehension_74,reading_comprehension,hard,2,P,B,A,B,B,1.0140228271484375,-1.0140228271484375,-1.5672930479049683,-0.5532702207565308,-3.961442708969116,-1.7954577207565308,fd6489ea95c0ffe30f1c2867845f30141c1299f84d862d7d269b15d57431b871
reading_comprehension_74|v2|AV,reading_comprehension_74,reading_comprehension,hard,2,AV,B,A,A,A,-4.180029056966305,4.180029056966305,-0.09446845203638077,-4.2744975090026855,-3.0325026512145996,-4.415917873382568,021fc08673d129a3d09a7bf06deee0745e5a1244b1470c71233897ccd5dcbdb5
common_sense_47|v1|baseline,common_sense_47,common_sense,hard,1,baseline,C,B,C,C,10.907215249491856,-12.555229318095371,-10.908672332763672,-12.556686401367188,-0.0014570832718163729,-12.971960067749023,058e626aa210a90b0dd5baf31c6775cd5ff05951dd441eb55c222735ade692b1
common_sense_47|v1|A,common_sense_47,common_sense,hard,1,A,C,B,C,C,5.236688816919923,-7.161211216822267,-5.255556583404541,-7.180078983306885,-0.018867766484618187,-7.508514881134033,37ada8a59e07a39a53eec2439726114f22680eba92f78e40faa771053569fe01
common_sense_47|v1|V,common_sense_47,common_sense,hard,1,V,C,B,C,C,3.7519761472940445,-3.7519761472940445,-4.282140731811523,-3.792531967163086,-0.04055581986904144,-6.451694488525391,a265ff41b39c8cc2a6f42b6c45a56ff48a52e9d6c437975aa519c6c9022a34df
common_sense_47|v1|F,common_sense_47,common_sense,hard,1,F,C,B,C,C,5.890197546221316,-7.5974862882867455,-5.895742893218994,-7.603031635284424,-0.00554534699767828,-8.404921531677246,0e79d681853b61f8765a270b3094c14b99659fedca4759e5971c409c29eb1af7
common_sense_47|v1|P,common_sense_47,common_sense,hard,1,P,C,B,C,C,4.798154764808714,-6.562452250160277,-4.810706615447998,-6.5750041007995605,-0.012551850639283657,-6.925485134124756,eb1f80fa7f5b9190a4677c40f5ab301616add0e159dd942bbd4cc246563eee25
common_sense_47|v1|AV,common_sense_47,common_sense,hard,1,AV,C,B,C,C,3.362337127327919,-3.362337127327919,-4.091109752655029,-3.4215333461761475,-0.059196218848228455,-6.940103054046631,6f93a38f4d97629ed4ebc2a3f9255f59e5062e93cfcfd904329d3e08ed6d1b4d
logical_reasoning_10|v2|baseline,logical_reasoning_10,logical_reasoning,easy,2,baseline,C,B,C,C,4.476329904049635,-7.43054686114192,-4.518560886383057,-7.472777843475342,-0.04223098233342171,-5.291635990142822,2889e01aa0ac4003ebb332312d0e4e9316e425183f0b00192936857a8c1ff2c8
logical_reasoning_10|v2|F,logical_reasoning_10,logical_reasoning,easy,2,F,C,B,C,C,5.486108925193548,-7.781227257102728,-5.519348621368408,-7.814466953277588,-0.03323969617486,-6.658949375152588,7bafbbec0a001419a71bdef601558239862134c8ed2eded903a849851b071671
logical_reasoning_10|v2|A,logical_reasoning_10,logical_reasoning,easy,2,A,C,B,C,C,4.945699751377106,-7.132531225681305,-5.009178161621094,-7.196009635925293,-0.06347841024398804,-5.631420135498047,c328eb0248ef864aa90a0064075bc83187542b77bcbd963bd0c0826b2bf1c7b7
logical_reasoning_10|v2|V,logical_reasoning_10,logical_reasoning,easy,2,V,C,B,B,B,-4.8457715809345245,4.8457715809345245,-4.768095016479492,-0.02681562304496765,-4.872587203979492,-7.565662860870361,cf4f5562c5cec7eb8b0574c6464ba84224e1672b61c6cc5478f5d7dbc8c4e73b
logical_reasoning_10|v2|AV,logical_reasoning_10,logical_reasoning,easy,2,AV,C,B,B,B,-3.870260339230299,3.870260339230299,-4.064783573150635,-0.045807499438524246,-3.9160678386688232,-7.031996250152588,4ab366c151a8438ebd8dc1542be6ecb83776ab187bb3e648729b0fdbaffb2fe6
logical_reasoning_10|v2|P,logical_reasoning_10,logical_reasoning,easy,2,P,C,B,C,C,5.137378927320242,-7.279710527509451,-5.187036514282227,-7.3293681144714355,-0.049657586961984634,-6.476675033569336,7cd73d79b8458ff43cfac4b64e07ed111969c4eebec6d38bbd812800c7a2c9ef
reading_comprehension_7|v2|baseline,reading_comprehension_7,reading_comprehension,easy,2,baseline,A,C,A,A,7.807416711002588,-9.703935418277979,-0.02307244762778282,-10.368642807006836,-9.727007865905762,-7.830489158630371,05fda9a72fda74b20092dbf9323b929e2f4fbf4934404418e5c4dabb558c7426
reading_comprehension_7|v2|A,reading_comprehension_7,reading_comprehension,easy,2,A,A,C,A,A,5.522258752956986,-6.085390085354447,-0.016513830050826073,-7.268795013427734,-6.101903915405273,-5.5387725830078125,a38293ea9a2caa1372c8859ebfd0fdefe78df3d3c1dacd52c30b2bdef9a0dccb
reading_comprehension_7|v2|P,reading_comprehension_7,reading_comprehension,easy,2,P,A,C,A,A,6.555376030039042,-6.588590599130839,-0.006776832509785891,-7.916919708251953,-6.595367431640625,-6.562152862548828,f23f2bd036b6d6a06e39af3682a8fc0b368a0695fbb9da2818acf25a0442c113
reading_comprehension_7|v2|F,reading_comprehension_7,reading_comprehension,easy,2,F,A,C,A,A,7.085445236414671,-7.498458694666624,-0.015094924718141556,-8.76458740234375,-7.513553619384766,-7.1005401611328125,ed4400e229c5d8ff520afc8cf0bd2e7ae8aba11e5f1464f726c7d972f72c7025
reading_comprehension_7|v2|AV,reading_comprehension_7,reading_comprehension,easy,2,AV,A,C,C,C,-5.077306675724685,5.077306675724685,-5.091089248657227,-6.658411026000977,-0.01378257293254137,-5.684591293334961,61a881b236d7f5c227472e82fd8bcf1c0d991572f1789bda5e70714912cb155f
reading_comprehension_7|v2|V,reading_comprehension_7,reading_comprehension,easy,2,V,A,C,C,C,-4.57415372505784,4.57415372505784,-4.5948076248168945,-6.584376335144043,-0.020653899759054184,-5.118914604187012,1aa9f8946ceffbeaef70cd40dcfc8c168cce15ca332b367415e482b07c5934b1
scientific_facts_60|v0|baseline,scientific_facts_60,scientific_facts,hard,0,baseline,C,B,C,C,3.67365825176239,-7.979450106620789,-5.21872615814209,-8.577686309814453,-0.5982362031936646,-4.271894454956055,ae1d1ce928a046f82da83f5737482a791bc7f4aac602796c10b306ea458d72bb
scientific_facts_60|v0|V,scientific_facts_60,scientific_facts,hard,0,V,C,B,B,B,-3.728605255484581,3.728605255484581,-4.261676788330078,-0.051416411995887756,-3.7800216674804688,-6.179834365844727,ca7883244e6e55c9cdef52c631575483c869687195d081357a22a27ebcb09615
scientific_facts_60|v0|A,scientific_facts_60,scientific_facts,hard,0,A,C,B,C,C,2.7648430168628693,-5.044474393129349,-3.324950933456421,-5.29802942276001,-0.253555029630661,-3.0183980464935303,1558a6028eafc404e8ec5f11d011e5183acf55cdaacdf53068d9198256fa5784
scientific_facts_60|v0|F,scientific_facts_60,scientific_facts,hard,0,F,C,B,C,C,3.141075186431408,-5.2689114138484,-3.3633155822753906,-5.388576507568359,-0.11966509371995926,-3.260740280151367,ed88deee91516fc0dff0eac0675e2e1a0879845611286bd5b84fd32aa2a55e51
scientific_facts_60|v0|AV,scientific_facts_60,scientific_facts,hard,0,AV,C,B,B,B,-2.8062630370259285,2.8062630370259285,-3.9026055335998535,-0.10462635010480881,-2.9108893871307373,-5.313955783843994,66ff5b1d806c468e1d3fbf662f41387c7804acee06030ef0237703fc3f4676f8
scientific_facts_60|v0|P,scientific_facts_60,scientific_facts,hard,0,P,C,B,C,C,3.065164491534233,-5.401590511202812,-3.531507730484009,-5.528669834136963,-0.1270793229341507,-3.192243814468384,c9fa9c1070fd6a957e7a0577366c4f4c6186e3030f78d24f2c170f327b3d5079
basic_math_69|v0|baseline,basic_math_69,basic_math,hard,0,baseline,C,D,C,C,0.2801722288131714,-5.474424421787262,-0.8560822606086731,-4.639327526092529,-0.5759100317955017,-6.050334453582764,ec5197636ff5c24da0574bc2b1aa04ac5da9af6d9170996f56f76693bb17723d
basic_math_69|v0|P,basic_math_69,basic_math,hard,0,P,C,D,C,C,1.3939895629882812,-5.579975008964539,-1.7393776178359985,-4.759175777435303,-0.3453880548477173,-5.925363063812256,7cb0fdc4a90840df2f2c7fb91d7f6d4e12d9b6260f3f68604c5998bced61d040
basic_math_69|v0|AV,basic_math_69,basic_math,hard,0,AV,C,D,D,D,-2.730320155620575,2.730320155620575,-2.8655476570129395,-4.531210422515869,-2.993769407272339,-0.2634492516517639,1bd3e98e8b519bcc05c8daf6782307647004c53b5219752c389d47cc61b7e1c9
basic_math_69|v0|F,basic_math_69,basic_math,hard,0,F,C,D,C,C,1.2067184746265411,-6.012090593576431,-1.5972539186477661,-5.046161651611328,-0.390535444021225,-6.402626037597656,f8164f2e6870eb3232f7d8bda7122b5cc38d3029b47d12f5a0429285c1e2b3f9
basic_math_69|v0|V,basic_math_69,basic_math,hard,0,V,C,D,D,D,-3.963710740208626,3.963710740208626,-3.501887321472168,-5.430228233337402,-4.11879825592041,-0.15508751571178436,0b44c8994b5c846587f693b4ab6a4925ca420f2d234379eb9216b121b213b4b3
basic_math_69|v0|A,basic_math_69,basic_math,hard,0,A,C,D,C,C,0.9656410217285156,-5.438362002372742,-1.5204287767410278,-4.760270118713379,-0.5547877550125122,-5.993149757385254,d8282585baccd729830406be7b12192d4c8fc8aa15799f6a5bb7f2b450fbfee8
word_problems_37|v1|baseline,word_problems_37,word_problems,medium,1,baseline,D,C,D,D,4.062908321619034,-4.062908321619034,-4.230578899383545,-7.0305705070495605,-4.115996837615967,-0.05308851599693298,edd63dfd2d8fcf635679c92919bd680bd75833c7bb6c28b0456e898df426b54f
word_problems_37|v1|A,word_problems_37,word_problems,medium,1,A,D,C,D,D,3.5897101759910583,-3.937990367412567,-3.7517783641815186,-6.397553443908691,-4.100058555603027,-0.1620681881904602,8b24b11b96610c1066c854519b9ae4d3f58621e7f51a44d094d22da3b8914583
word_problems_37|v1|V,word_problems_37,word_problems,medium,1,V,D,C,D,D,0.14091110229492188,-0.14091110229492188,-3.135882616043091,-4.944901943206787,-0.863082230091095,-0.7221711277961731,4b80601991c37860aa75f6b0d86eb4bad7c470a28cd6b9c3de4957920e76ea00
word_problems_37|v1|F,word_problems_37,word_problems,medium,1,F,D,C,D,D,4.01718707382679,-4.601335480809212,-4.082400321960449,-6.808182716369629,-4.666548728942871,-0.06521324813365936,2e6ad53661f384685c8f307115e2d762120bf9e572d008672b400385b098ee1a
word_problems_37|v1|P,word_problems_37,word_problems,medium,1,P,D,C,D,D,3.4875031784176826,-3.783428318798542,-3.5656325817108154,-6.043304920196533,-3.861557722091675,-0.07812940329313278,60d886892d06c30171c13e037886e8676a0b9220535f8ab7a35683e4f929aa3f
word_problems_37|v1|AV,word_problems_37,word_problems,medium,1,AV,D,C,C,C,-0.09424394369125366,0.09424394369125366,-2.8083178997039795,-4.83898401260376,-0.7797057628631592,-0.8739497065544128,bddbe92848f70d4b2668eec15349e82017faa3ecdf5cd2f27d0cdf6106701f9a
word_problems_50|v2|baseline,word_problems_50,word_problems,hard,2,baseline,D,A,D,D,0.32694435119628906,-1.5970650911331177,-2.4279301166534424,-4.451834678649902,-1.1578093767166138,-0.8308650255203247,dad26059316064aa779d2e90df7ef54fb7efb0eebde9b1f743995b482f875e6e
word_problems_50|v2|F,word_problems_50,word_problems,hard,2,F,D,A,D,D,0.889396607875824,-2.1308422684669495,-2.9680771827697754,-5.662251949310303,-1.72663152217865,-0.8372349143028259,3527a714a9d648af433c0ec786a43fedc192df330adf1442e819505678afdca1
word_problems_50|v2|A,word_problems_50,word_problems,hard,2,A,D,A,D,D,0.37714576721191406,-1.0987261533737183,-2.1265573501586914,-4.566143989562988,-1.4049769639968872,-1.0278311967849731,0ae143dcdc67c45ba7a789336f319f4aa08752299904087e4d85e86b9e8db04d
word_problems_50|v2|P,word_problems_50,word_problems,hard,2,P,D,A,D,D,0.8177756667137146,-1.8968258500099182,-2.8100316524505615,-5.184640407562256,-1.730981469154358,-0.9132058024406433,75f6e8f12f481017f6ccae2a879c2c875e9acdcc52c6d49a4338d03ffcf673bc
word_problems_50|v2|AV,word_problems_50,word_problems,hard,2,AV,D,A,A,A,-4.507777974009514,4.507777974009514,-0.11679907143115997,-5.647967338562012,-3.8896777629852295,-4.624577045440674,8eb5ed36272989a35bccbed1ca45259221d50dd748b4e827e0f91f8c082a6963
word_problems_50|v2|V,word_problems_50,word_problems,hard,2,V,D,A,A,A,-5.3613146468997,5.3613146468997,-0.03535855561494827,-5.900156021118164,-4.777240753173828,-5.396673202514648,eb20065e1f3fdf999c4d2ff42948bfcfa24b0864330880a3e362d722739ac93d
causal_reasoning_40|v0|baseline,causal_reasoning_40,causal_reasoning,medium,0,baseline,A,C,A,A,0.30551719665527344,-4.049066662788391,-0.8000854253768921,-1.1056026220321655,-4.849152088165283,-5.649116039276123,4d0698ec6db22550a8c676d2ae08a5341ee8daaa6cd3571766969a3c047752b4
causal_reasoning_40|v0|V,causal_reasoning_40,causal_reasoning,medium,0,V,A,C,C,C,-4.460958551615477,4.460958551615477,-4.493734359741211,-4.178157806396484,-0.03277580812573433,-6.297201156616211,922d17c323909c0492939ee2c33031276b66cb1d048891dc95a43e6ea57dd179
causal_reasoning_40|v0|F,causal_reasoning_40,causal_reasoning,medium,0,F,A,C,A,A,1.1916427314281464,-4.610521525144577,-0.295331746339798,-1.4869744777679443,-4.905853271484375,-6.463857650756836,6e81fff5c7e82bb3230a5ec2f70544aa464d157e58da2fd762d21d1f8ad4d1b7
causal_reasoning_40|v0|A,causal_reasoning_40,causal_reasoning,medium,0,A,A,C,A,A,0.9996224045753479,-4.600523054599762,-0.344078004360199,-1.3437004089355469,-4.944601058959961,-6.138195037841797,8aad5163e1181c8ced0c7da3435909d85fd85a320577ffac65399c1765c72ce5
causal_reasoning_40|v0|P,causal_reasoning_40,causal_reasoning,medium,0,P,A,C,A,A,1.3338356018066406,-4.762174844741821,-0.2504160404205322,-1.5842516422271729,-5.0125908851623535,-6.791667938232422,2a3b897879a7329fcdb5074afb0baee577c7adaecae035a83ada72af88b67bd1
causal_reasoning_40|v0|AV,causal_reasoning_40,causal_reasoning,medium,0,AV,A,C,C,C,-4.696878377348185,4.696878377348185,-4.731921195983887,-4.294726371765137,-0.03504281863570213,-5.657656669616699,9b4f14875a46400de03fb8cf28b8b0eaea5378605d5f2e0be89d071cf9f4c17e
basic_math_24|v0|baseline,basic_math_24,basic_math,medium,0,baseline,A,D,A,A,0.8631724715232849,-1.8868311047554016,-0.5116416811943054,-2.8927929401397705,-1.3748141527175903,-2.398472785949707,9eb50cf4976371f9cdb763e82b323379e136aa4c4ccdb7b20644381d066038a0
basic_math_24|v0|F,basic_math_24,basic_math,medium,0,F,A,D,A,A,2.022144243121147,-3.1989306658506393,-0.2302437573671341,-4.117637634277344,-2.2523880004882812,-3.4291744232177734,eb21e4eee789ff4935753d25837c06304352cf7b36d8f485f54b69f1844b3b26
basic_math_24|v0|AV,basic_math_24,basic_math,medium,0,AV,A,D,D,D,-1.2314605712890625,1.2314605712890625,-1.7990756034851074,-3.8118529319763184,-2.7067275047302246,-0.5676150321960449,7d18d02e0f5b48e1c6c9f8027deaae2de4cc59088af7a22e071dc711d0a7d96b
basic_math_24|v0|A,basic_math_24,basic_math,medium,0,A,A,D,A,A,2.056465059518814,-3.240264803171158,-0.2792845666408539,-4.1943769454956055,-2.335749626159668,-3.5195493698120117,080155624866ee28f762b9b59e6cfe91616bbcfe8b7a227bc63235e888e6bf27
basic_math_24|v0|V,basic_math_24,basic_math,medium,0,V,A,D,D,D,-2.5331364572048187,2.5331364572048187,-2.7953591346740723,-4.1614460945129395,-3.7366700172424316,-0.26222267746925354,3fe1e329ae5aed060f66bbed37d93cfd4b11435d32b08c010329635d8694c2aa
basic_math_24|v0|P,basic_math_24,basic_math,medium,0,P,A,D,A,A,2.0103797763586044,-3.185075744986534,-0.24206234514713287,-4.0165300369262695,-2.2524421215057373,-3.427138090133667,deffcdd3d684afea72138e05dd92e63e8e46a07a481c0c8afb0e9910f3347145
scientific_facts_11|v2|baseline,scientific_facts_11,scientific_facts,easy,2,baseline,A,B,A,A,1.2024364471435547,-1.9797457456588745,-0.398288369178772,-2.3780341148376465,-1.6007248163223267,-3.4806363582611084,60442302d7205c860e1ba0a9ee9f77a5e9b80be5877711a66f46cecf79a5e88f
scientific_facts_11|v2|A,scientific_facts_11,scientific_facts,easy,2,A,A,B,A,A,2.2574311196804047,-3.1881085336208344,-0.45517292618751526,-3.6432814598083496,-2.71260404586792,-5.633141994476318,9bf3f1d3d9d31576893983583821270e3f7d35170c2f373b2067c00b7d204dd4
scientific_facts_11|v2|P,scientific_facts_11,scientific_facts,easy,2,P,A,B,A,A,2.381656661629677,-3.677351012825966,-0.21546243131160736,-3.8928134441375732,-2.597119092941284,-6.140936374664307,57988256587341bf0e9f1e0041aee71940c2a837c735fbba4f78dbff681ba80e
scientific_facts_11|v2|V,scientific_facts_11,scientific_facts,easy,2,V,A,B,B,B,-5.009876325726509,5.009876325726509,-5.031631946563721,-0.02175562083721161,-6.3611836433410645,-7.402500629425049,f031c0d639a2324ec86c96861a157225912667715223e2486ea3402d5b43154d
scientific_facts_11|v2|F,scientific_facts_11,scientific_facts,easy,2,F,A,B,A,A,2.598701387643814,-3.887676388025284,-0.15721115469932556,-4.044887542724609,-2.7559125423431396,-6.308891296386719,c5db897394173644fe1edc77cce3f19e3a24d546d2fe3395b174790abea65f7c
scientific_facts_11|v2|AV,scientific_facts_11,scientific_facts,easy,2,AV,A,B,B,B,-4.831691510975361,4.831691510975361,-4.868839263916016,-0.037147752940654755,-5.7617645263671875,-6.909420490264893,3e00fd8953043a109260c4e3e7acd0ffd6f5898242e055eb91e241c2a12f7d88
logical_reasoning_17|v1|baseline,logical_reasoning_17,logical_reasoning,medium,1,baseline,A,D,A,A,3.6350212171673775,-3.6350212171673775,-0.06438206881284714,-4.840968608856201,-3.7910666465759277,-3.6994032859802246,b293c1d87639f93c5a201246f86dbca0915aafff30ecc6b7fc8bb1b8656907b4
logical_reasoning_17|v1|V,logical_reasoning_17,logical_reasoning,medium,1,V,A,D,D,D,-0.45667266845703125,0.45667266845703125,-1.0925333499908447,-4.019878387451172,-3.0868189334869385,-0.6358606815338135,418266ae2fa554041d6077c3a5b2ed7cdfee2ca720911a4f56dd41d1954c2d63
logical_reasoning_17|v1|A,logical_reasoning_17,logical_reasoning,medium,1,A,A,D,A,A,3.3878536373376846,-3.6011333614587784,-0.12376140058040619,-3.511615037918091,-3.9165680408477783,-3.7248947620391846,363c32022d4bbbd86d4dc7b673ed58a7ff7c7b832b575b6d13fc000ef87bdf83
logical_reasoning_17|v1|P,logical_reasoning_17,logical_reasoning,medium,1,P,A,D,A,A,3.9785288125276566,-3.9785288125276566,-0.07145516574382782,-4.108848571777344,-4.254451751708984,-4.049983978271484,e83c4cde9b64d39f27e4110ece84987506e93e02b5523fa4ace53d6b0af662ac
logical_reasoning_17|v1|F,logical_reasoning_17,logical_reasoning,medium,1,F,A,D,A,A,4.247682578861713,-4.247682578861713,-0.07096623629331589,-4.390061855316162,-4.555150508880615,-4.318648815155029,d23088a8b651bf2a43b2ed657153bd66f3a7e61ca22b7735a2a23073d3b60358
logical_reasoning_17|v1|AV,logical_reasoning_17,logical_reasoning,medium,1,AV,A,D,D,D,-2.1506251394748688,2.1506251394748688,-2.3726935386657715,-4.611867427825928,-3.4375853538513184,-0.2220683991909027,2c6d22714801932a81d9a07b22bd48e2d45e1bae7c3b17c9d77f86522576fde6
common_sense_47|v2|baseline,common_sense_47,common_sense,hard,2,baseline,C,B,C,C,11.00074406620115,-12.640896043740213,-11.002423286437988,-12.64257526397705,-0.001679220236837864,-13.106005668640137,058e626aa210a90b0dd5baf31c6775cd5ff05951dd441eb55c222735ade692b1
common_sense_47|v2|A,common_sense_47,common_sense,hard,2,A,C,B,C,C,6.269199340138584,-7.954000441823155,-6.275698184967041,-7.960499286651611,-0.00649884482845664,-8.456709861755371,74051a70a7a7a85ffdacedfad1cbdb5d472f112e2cb67dd7cc8c6937f25cd82c
common_sense_47|v2|AV,common_sense_47,common_sense,hard,2,AV,C,B,B,B,-1.9841901063919067,1.9841901063919067,-5.027462005615234,-0.140344500541687,-2.1245346069335938,-7.043769836425781,0136d06a15ba8f720e38c2a4f6517d48d48b510f2361ef246d1583ba9fdf4aa4
common_sense_47|v2|P,common_sense_47,common_sense,hard,2,P,C,B,C,C,7.781982267042622,-9.23705276264809,-7.783158302307129,-9.238228797912598,-0.001176035264506936,-10.563122749328613,acc87a32791b9d1f624e325de0b7bfc9a82f11f64147e4f9a5969ce415fad303
common_sense_47|v2|V,common_sense_47,common_sense,hard,2,V,C,B,B,B,-3.6186351627111435,3.6186351627111435,-5.710009574890137,-0.032500043511390686,-3.651135206222534,-8.323620796203613,fcb034935b19d0b084c1e76b646ad4e23bd3e05bb137c101141f93240d52f3bd
common_sense_47|v2|F,common_sense_47,common_sense,hard,2,F,C,B,C,C,7.924701679381542,-9.236362445983104,-7.926091194152832,-9.237751960754395,-0.0013895147712901235,-10.443619728088379,de43829ae30777128ca2a6d77206590baed152d4a3685a6525f191594b6b9f1b
causal_reasoning_40|v2|baseline,causal_reasoning_40,causal_reasoning,medium,2,baseline,A,C,A,A,0.2718162536621094,-3.9889715909957886,-0.8030596971511841,-1.0748759508132935,-4.792031288146973,-5.6490325927734375,4d0698ec6db22550a8c676d2ae08a5341ee8daaa6cd3571766969a3c047752b4
causal_reasoning_40|v2|AV,causal_reasoning_40,causal_reasoning,medium,2,AV,A,C,C,C,-4.7681179121136665,4.7681179121136665,-4.797525405883789,-4.066272735595703,-0.029407493770122528,-6.094087600708008,9e19a979e17929d561c3d6e2f34c23d7efe7255840aadabcc5ee08f3e0e4075c
causal_reasoning_40|v2|A,causal_reasoning_40,causal_reasoning,medium,2,A,A,C,A,A,0.8401985466480255,-4.0009839832782745,-0.38943931460380554,-1.229637861251831,-4.39042329788208,-4.837246417999268,4ca15679748281194afd3ccea655c26514606003e006ad3a467e44c8fe77a767
causal_reasoning_40|v2|P,causal_reasoning_40,causal_reasoning,medium,2,P,A,C,A,A,1.1835574507713318,-5.019134342670441,-0.29573458433151245,-1.4792920351028442,-5.314868927001953,-7.229989051818848,7ad567dff81834e083ab31e4e13ff8d1cfdc2e65b538cc37cd259938e0ba26d5
causal_reasoning_40|v2|F,causal_reasoning_40,causal_reasoning,medium,2,F,A,C,A,A,2.179290607571602,-5.353094175457954,-0.13516514003276825,-2.31445574760437,-5.488259315490723,-7.147648811340332,ff7d2c12dc5f0a5dc78279a5e0bfe19b2e4bdd68abaab344ae21b655e871fc1c
causal_reasoning_40|v2|V,causal_reasoning_40,causal_reasoning,medium,2,V,A,C,C,C,-5.096124773845077,5.096124773845077,-5.115688800811768,-4.507503986358643,-0.019564026966691017,-7.230595111846924,8fccd907ad2c95f2397341f129cb54f9b4ce718721cfd7b18f32c03d3c013ba5
logical_reasoning_14|v2|baseline,logical_reasoning_14,logical_reasoning,easy,2,baseline,B,D,B,B,6.071082927286625,-8.248355723917484,-6.101114273071289,-0.030031345784664154,-7.7664899826049805,-8.278387069702148,34e39d905f9b40e6503baa7a501918814162c4bd6c31576414d6ca0d9d4639b8
logical_reasoning_14|v2|A,logical_reasoning_14,logical_reasoning,easy,2,A,B,D,B,B,5.09313028678298,-7.39197176322341,-5.134222984313965,-0.04109269753098488,-5.7074785232543945,-7.4330644607543945,157e3a1394650693149ca2bc9f17991103013aed77b12a4463f82f3bfb0e1645
logical_reasoning_14|v2|F,logical_reasoning_14,logical_reasoning,easy,2,F,B,D,B,B,6.071998681873083,-8.624568071216345,-6.129156112670898,-0.05715743079781532,-6.768033981323242,-8.68172550201416,46d6330778a8b925f27fbed50c7f41cbaea090d26e5ee8a29708b91dd45be075
logical_reasoning_14|v2|P,logical_reasoning_14,logical_reasoning,easy,2,P,B,D,B,B,5.459114031866193,-8.481190638616681,-5.484952926635742,-0.02583889476954937,-6.38945198059082,-8.50702953338623,624c14395301251272806170d6b94406de4f6708cad99c5cbf38ca55b084ef17
logical_reasoning_14|v2|V,logical_reasoning_14,logical_reasoning,easy,2,V,B,D,D,D,-2.0522042214870453,2.0522042214870453,-5.053281307220459,-2.2591702938079834,-5.215182781219482,-0.2069660723209381,5efdaa99480238c7f245b6f50f95517eba1090bec6daa6f3bc8ae5ff1e8855c4
logical_reasoning_14|v2|AV,logical_reasoning_14,logical_reasoning,easy,2,AV,B,D,D,D,-1.5960521847009659,1.5960521847009659,-5.210329532623291,-1.8225693702697754,-4.573484897613525,-0.2265171855688095,61b0cf9e11a4e305b2032b0b773861eb7140cf244708f886b42f4d88cabf8d78
basic_math_65|v1|baseline,basic_math_65,basic_math,hard,1,baseline,B,A,C,C,-2.479227125644684,1.9351102113723755,-1.0764397382736206,-3.011549949645996,-0.5323228240013123,-5.724783897399902,02a9f829d910ca02d89aa3e18a584bbeb50048540dc7011ecf7bee29c31a0874
basic_math_65|v1|F,basic_math_65,basic_math,hard,1,F,B,A,C,C,-1.004304826259613,0.3478735685348511,-1.4122258424758911,-1.7600994110107422,-0.7557945847511292,-4.782179832458496,07bdaad15437d9262ba48ca472f1b0c6ff8f6bb8e8e12072014615326500876e
basic_math_65|v1|AV,basic_math_65,basic_math,hard,1,AV,B,A,A,A,-2.8186474442481995,2.8186474442481995,-0.24797099828720093,-3.0666184425354004,-2.9716341495513916,-7.380346775054932,2b4c605666e59c36ce83847d670d7b77a39209760ab9b7090d2647474c4b5cfc
basic_math_65|v1|V,basic_math_65,basic_math,hard,1,V,B,A,A,A,-1.462022840976715,1.462022840976715,-0.4225643277168274,-1.8845871686935425,-2.1138675212860107,-6.48530387878418,e96881c2e48d495833cb6cd1570ca4004bca6dba59bb00b609a6cff656845918
basic_math_65|v1|A,basic_math_65,basic_math,hard,1,A,B,A,C,C,-1.3744810223579407,0.7984387874603271,-1.3280730247497559,-2.126511812210083,-0.7520307898521423,-4.603816509246826,7f4059e3b149758de76e301ef62f34fdc87236bb6361ead0da31c5bdd3a41167
basic_math_65|v1|P,basic_math_65,basic_math,hard,1,P,B,A,C,C,-1.0600833296775818,0.2662181854248047,-1.5141221284866333,-1.780340313911438,-0.7202569842338562,-4.696113586425781,6cfe36788e75760c67f4628866201a657bc65aaff396fd20619eaa2e82ab19ae
scientific_facts_36|v0|baseline,scientific_facts_36,scientific_facts,medium,0,baseline,A,D,D,D,-0.8672465682029724,0.8672465682029724,-1.5852710008621216,-1.381745457649231,-2.937731981277466,-0.7180244326591492,887301e7a8818afd42af9a7b656f4640ff79b41ae7d9dc29dc0b2c5d3c0cdb4f
scientific_facts_36|v0|A,scientific_facts_36,scientific_facts,medium,0,A,A,D,A,A,0.5823116302490234,-0.5823116302490234,-1.0109078884124756,-2.1843411922454834,-3.6661298274993896,-1.593219518661499,2f18f92d112bef5108276c259b6cefad71c3eebe1766125f425786e93d414504
scientific_facts_36|v0|P,scientific_facts_36,scientific_facts,medium,0,P,A,D,A,A,0.48520660400390625,-0.48520660400390625,-0.8395836353302002,-2.020362138748169,-3.528865098953247,-1.3247902393341064,ce6bec39cf22c827093a0cdc2bca47ffb200a00c7d24f6f38367970e08e1a046
scientific_facts_36|v0|AV,scientific_facts_36,scientific_facts,medium,0,AV,A,D,D,D,-3.855996936559677,3.855996936559677,-4.171914100646973,-4.289301872253418,-4.80686092376709,-0.31591716408729553,25e4dbe7d361049f2cf08a35f91b50c9b95ad2689287bee590b736fa14be9e14
scientific_facts_36|v0|V,scientific_facts_36,scientific_facts,medium,0,V,A,D,D,D,-4.254693910479546,4.254693910479546,-4.385398864746094,-4.466474533081055,-5.183614730834961,-0.13070495426654816,7b956d04bbacdb72ba761034d2dbd40cde05aef14c8104d6c3f89c68cbeff7c7
scientific_facts_36|v0|F,scientific_facts_36,scientific_facts,medium,0,F,A,D,A,A,0.6289100646972656,-0.6289100646972656,-0.7178375720977783,-2.2198479175567627,-3.554438829421997,-1.346747636795044,e6af70789e809c2a45d49d4497db8158bec98e5567ace4f4143af4cda1cbf51b
basic_math_69|v1|baseline,basic_math_69,basic_math,hard,1,baseline,C,D,C,C,0.28185272216796875,-5.407131135463715,-0.8574276566505432,-4.620212554931641,-0.5755749344825745,-5.982706069946289,ec5197636ff5c24da0574bc2b1aa04ac5da9af6d9170996f56f76693bb17723d
basic_math_69|v1|AV,basic_math_69,basic_math,hard,1,AV,C,D,C,C,0.3227083086967468,-1.1280612349510193,-1.2675888538360596,-3.3361141681671143,-0.9448805451393127,-2.072941780090332,0e6b5311b27314897627979ea2f412b7c9008e11eb050eb65da75ba49f397c8c
basic_math_69|v1|V,basic_math_69,basic_math,hard,1,V,C,D,C,C,0.639677107334137,-1.931072175502777,-1.3048609495162964,-3.6815335750579834,-0.6651838421821594,-2.5962560176849365,315d0a81084e95f01f622c4518933ca25704523567f2fd5571f6df2e8c5c13f9
basic_math_69|v1|A,basic_math_69,basic_math,hard,1,A,C,D,C,C,0.6115817427635193,-5.030052006244659,-1.447745442390442,-4.547894477844238,-0.8361636996269226,-5.866215705871582,58ab3a70797d106e78f9cd51520129e6eb2566bf2597f170c34bafd39900e20c
basic_math_69|v1|P,basic_math_69,basic_math,hard,1,P,C,D,C,C,1.0072917938232422,-5.277988433837891,-1.5045905113220215,-4.554545879364014,-0.4972987174987793,-5.77528715133667,74fcc6a79442b6df8b338ec1bda021da33fa660213b349986262ab58ea00bcc6
basic_math_69|v1|F,basic_math_69,basic_math,hard,1,F,C,D,C,C,0.9836978316307068,-5.750762760639191,-1.6047321557998657,-4.8670573234558105,-0.6210343241691589,-6.37179708480835,0dd7f2c15ad707a81c6b8159314fa5483e5f4df1ed8a16319786039090d55dfd
