run_key,question_id,domain,difficulty,condition,correct_answer,frozen_baseline_answer,prior_answer_visible,raw_output,parsed,correct_margin,frozen_B_margin,logprob_A,logprob_B,logprob_C,logprob_D,prompt_sha256
word_problems_55|B,word_problems_55,word_problems,hard,B,D,,False,B,B,-2.6520252227783203,,-2.0354204177856445,-0.6018075942993164,-3.202103614807129,-3.2538328170776367,02d0021b93321f66ffab4264d05e929a7f0a5c51f6f029e1aa1852613c5cd6f1
word_problems_55|DP,word_problems_55,word_problems,hard,DP,D,B,False,B,B,-3.0223294496536255,1.8631781339645386,-2.11897349357605,-0.25579535961151123,-2.9274797439575195,-3.2781248092651367,b5f908992388a3dca3aba2c793b3c72d76ebd2faff0fe73231f54b9ec9c1f776
word_problems_55|D1,word_problems_55,word_problems,hard,D1,D,B,False,B,B,-2.6468334794044495,2.291999876499176,-2.4989230632781982,-0.20692318677902222,-3.135887861251831,-2.8537566661834717,92a1cd2f41c89bfdf89f86dd9ec24858911c3a7175c3aa05c9b63be794a0591d
word_problems_55|S0,word_problems_55,word_problems,hard,S0,D,B,True,B,B,-5.034759387373924,2.298372134566307,-2.4268531799316406,-0.12848104536533356,-3.7089712619781494,-5.163240432739258,77e476acd7ed040f69800ff511e7474d4cf5a2985e587d53816e6b82aebcfb3b
word_problems_55|D3,word_problems_55,word_problems,hard,D3,D,B,False,B,B,-3.239204451441765,2.13736729323864,-2.350013494491577,-0.21264620125293732,-2.807809591293335,-3.451850652694702,d095ce81bd1a4adbd8a75c4ba7813ea9c6ab5f4f08e6818deaed218ffc276b8a
word_problems_55|D0,word_problems_55,word_problems,hard,D0,D,B,False,B,B,-3.012975737452507,2.834377333521843,-3.3211538791656494,-0.1917402297258377,-3.0261175632476807,-3.2047159671783447,e2fd95e943ef74f55755c36066407106815699cdcaca1d5b378aaeb0de837f74
word_problems_55|D2,word_problems_55,word_problems,hard,D2,D,B,False,B,B,-2.828022077679634,2.027629926800728,-2.2617690563201904,-0.23413912951946259,-2.8896567821502686,-3.0621612071990967,d896a3d548b3e1e4153fd15fbb32c90416e465045b16018927b9738e98e9b016
scientific_facts_9|B,scientific_facts_9,scientific_facts,easy,B,A,,False,A,A,1.5792102217674255,,-0.2846772074699402,-2.7426106929779053,-1.8638874292373657,-3.898719310760498,6b81e199366184f46c3bca09ea2b67a6c93cb91450857af66e9e86cf7ee81d26
scientific_facts_9|S0,scientific_facts_9,scientific_facts,easy,S0,A,A,True,A,A,2.6515942737460136,2.6515942737460136,-0.09435833245515823,-4.055736541748047,-2.745952606201172,-4.964591979980469,eba9a28fb8fff3eecd0b2e9af48ab2abab8e6067e0448228cfc7b97c7b125496
scientific_facts_9|D3,scientific_facts_9,scientific_facts,easy,D3,A,A,False,A,A,0.8234938979148865,0.8234938979148865,-0.5197035670280457,-2.272911787033081,-1.3431974649429321,-3.258171796798706,c3e1045e7beedb34c26a8f3be4ec62aaa37c45a01bca2291182e11658fd148d7
scientific_facts_9|D1,scientific_facts_9,scientific_facts,easy,D1,A,A,False,A,A,1.365179032087326,1.365179032087326,-0.3086837828159332,-3.0600228309631348,-1.6738628149032593,-3.567020893096924,01a2cf34a1d7e67edfef1114bacdbe80bc04e09a61aaebbc68f1b426106ee6af
scientific_facts_9|D2,scientific_facts_9,scientific_facts,easy,D2,A,A,False,A,A,0.9527206122875214,0.9527206122875214,-0.3944512903690338,-3.120769500732422,-1.3471719026565552,-3.970582962036133,5f15584c98f2131f7b833ac0f4eae0bda51dc012831ba41b2d53f221c1d2b90f
scientific_facts_9|D0,scientific_facts_9,scientific_facts,easy,D0,A,A,False,A,A,0.3313102722167969,0.3313102722167969,-0.6771667003631592,-3.1076762676239014,-1.008476972579956,-2.8312556743621826,5d9f34d5e57ce32a22dcf6790d46ea977d8f0f936dd66d374ca9538d31747f7a
scientific_facts_9|DP,scientific_facts_9,scientific_facts,easy,DP,A,A,False,A,A,1.4342936873435974,1.4342936873435974,-0.31096023321151733,-2.9091103076934814,-1.7452539205551147,-3.6965174674987793,b1cfec6174d617433411b93f9c2ec2038b5d276e9949d670a8abe00bf83f51e5
analogies_8|B,analogies_8,analogies,easy,B,B,,False,B,B,8.282014580443501,,-8.302450180053711,-0.020435599610209465,-9.74561595916748,-10.68082046508789,528e4758adc98146d7dfbe8425f6e8dfb724bf272e41c619dde754b94502f743
analogies_8|DP,analogies_8,analogies,easy,DP,B,B,False,B,B,6.850042372941971,6.850042372941971,-7.042662620544434,-0.19262024760246277,-8.66841983795166,-9.817286491394043,1e3fca4546f4d0fc91b91f1d8277f1b1a58587c85343339c30a0d3955401a6a4
analogies_8|D2,analogies_8,analogies,easy,D2,B,B,False,B,B,8.370052108541131,8.370052108541131,-8.384121894836426,-0.014069786295294762,-10.151106834411621,-11.360841751098633,9946cee2c76d2cb05185eda39a76fe5b9faf770b45159abd5fd5c94284a18f6e
analogies_8|D1,analogies_8,analogies,easy,D1,B,B,False,B,B,7.840877994894981,7.840877994894981,-8.009197235107422,-0.1683192402124405,-9.463281631469727,-10.279804229736328,32cfa91cb9d13dec5fa9d79ea0099ef4bbd599bcb691c2a53d3b45bb6d284244
analogies_8|S0,analogies_8,analogies,easy,S0,B,B,True,B,B,7.815075729275122,7.815075729275122,-7.817647457122803,-0.0025717278476804495,-7.942196369171143,-9.363978385925293,7dd117421f691ad70c44ede1abd62206e7cddfd80dbb0b54598144d70f55a426
analogies_8|D0,analogies_8,analogies,easy,D0,B,B,False,B,B,7.680725023150444,7.680725023150444,-7.695137977600098,-0.014412954449653625,-8.423666954040527,-9.388657569885254,d2aa67d6c3ac577ba81b3a7dc07f41d01710c3352ab9fc87a94899bbc1ce56e0
analogies_8|D3,analogies_8,analogies,easy,D3,B,B,False,B,B,6.585451182210818,6.585451182210818,-6.588711261749268,-0.003260079538449645,-7.869114398956299,-8.444831848144531,543089fc6fff2ae7658b6d6816292292b189ad196633175a47db22b7ec939563
word_problems_18|B,word_problems_18,word_problems,medium,B,A,,False,D,D,-0.17835986614227295,,-1.1851935386657715,-2.8881659507751465,-1.3086752891540527,-1.0068336725234985,25a4edfa3668cb5c667b07497e2e551b8ddc9bd3b2552f298bd8213ace0c539a
word_problems_18|D0,word_problems_18,word_problems,medium,D0,A,D,False,D,D,-1.314643919467926,1.314643919467926,-1.9240590333938599,-3.6173040866851807,-1.9914437532424927,-0.6094151139259338,a4351253eebe4442b31ae493becaf53a498f6353837ce08938a93f1ee10d0b2b
word_problems_18|S0,word_problems_18,word_problems,medium,S0,A,D,True,D,D,-1.616720199584961,0.9625473022460938,-2.1223347187042236,-3.5725395679473877,-1.4681618213653564,-0.5056145191192627,6008a32df0005744134ebdf94460f26c03bc74139267a7f32f193e62c25559a1
word_problems_18|D2,word_problems_18,word_problems,medium,D2,A,D,False,A,A,0.05193901062011719,-0.05193901062011719,-1.0927320718765259,-3.235640048980713,-1.1985613107681274,-1.144671082496643,b14ceb55ff7dbc1380af86f452eda0313e96bf71d04d37432a59a70be375cdc8
word_problems_18|D1,word_problems_18,word_problems,medium,D1,A,D,False,D,D,-0.18805301189422607,0.18805301189422607,-1.216395378112793,-2.968031883239746,-1.2477521896362305,-1.028342366218567,d6d7c8c4a410b270f26dc20803d9a2966d91e1585c90b7ae65832fbc5d824720
word_problems_18|D3,word_problems_18,word_problems,medium,D3,A,D,False,D,D,-0.24681472778320312,0.1457672119140625,-1.303038477897644,-2.6728484630584717,-1.2019909620285034,-1.056223750114441,9b7d83d40f80709ac77ab3a05762104e2fc3d886081a4aae2468d83b95a8c87c
word_problems_18|DP,word_problems_18,word_problems,medium,DP,A,D,False,A,A,0.18348705768585205,-0.18348705768585205,-1.0293208360671997,-2.9440510272979736,-1.2485172748565674,-1.2128078937530518,77028602ec26a6680cea25e32915b495595bcb071cf6824ef68598fe8dabab7a
basic_math_34|B,basic_math_34,basic_math,medium,B,A,,False,A,A,1.262689620256424,,-0.29160282015800476,-3.6104447841644287,-1.5542924404144287,-4.336576461791992,d465092a7500811c63ba1e06c2993c0ea4d23c0256d3ac9f6911ec96e123fa42
basic_math_34|D1,basic_math_34,basic_math,medium,D1,A,A,False,A,A,1.8224410861730576,1.8224410861730576,-0.19998957216739655,-3.348337411880493,-2.022430658340454,-4.381130695343018,ec66a1851b563d39a860c7f435ba4af9c0484bf65d98fcc43d1dcfd082e4b802
basic_math_34|DP,basic_math_34,basic_math,medium,DP,A,A,False,A,A,1.4281635582447052,1.4281635582447052,-0.2687929570674896,-3.4101884365081787,-1.6969565153121948,-4.340755462646484,692df445ec6eefa2f2ba3c5c6aeb9b872f44f3dbddb0c2a9b046e6c37700b387
basic_math_34|S0,basic_math_34,basic_math,medium,S0,A,A,True,A,A,2.6687241792678833,2.6687241792678833,-0.0837637186050415,-4.460068225860596,-2.752487897872925,-5.543661594390869,bf1b57131a039f4fb93b96a3a20cae9d6860765eab81a0b32fbe47e1a6321a62
basic_math_34|D2,basic_math_34,basic_math,medium,D2,A,A,False,A,A,1.20652574300766,1.20652574300766,-0.3165721297264099,-3.3463170528411865,-1.5230978727340698,-4.095439910888672,eef810c4dd0a6bff227c3b947ff72cfb80f33ef85f7d6e1d8bd69bcfa2f1a3b9
basic_math_34|D3,basic_math_34,basic_math,medium,D3,A,A,False,A,A,0.9747028648853302,0.9747028648853302,-0.42367133498191833,-2.6576876640319824,-1.3983741998672485,-3.641568660736084,140610ba020133f874e280a7ba916a209487bf7ab8f2172fbe334c0e42999090
basic_math_34|D0,basic_math_34,basic_math,medium,D0,A,A,False,A,A,1.34965318441391,1.34965318441391,-0.3047361969947815,-3.3477795124053955,-1.6543893814086914,-3.5597658157348633,8777aabcd2dea50bd259bccaa29c9d721b79800734276414a33ad3bfd518c9c1
word_problems_23|B,word_problems_23,word_problems,medium,B,C,,False,C,C,0.020658493041992188,,-1.559828758239746,-1.9758882522583008,-1.1223173141479492,-1.1429758071899414,9423310dc60a2d7688a0288b69e9ed1b10332e612b7c6e7c214ada621d491d25
word_problems_23|DP,word_problems_23,word_problems,medium,DP,C,C,False,C,C,0.1912250518798828,0.1912250518798828,-1.4785921573638916,-2.2535500526428223,-1.026251196861267,-1.21747624874115,ad184f16717139b3a2a9997463cb5b71f2faa6293c9774c5a3ad8f65e74bc335
word_problems_23|D3,word_problems_23,word_problems,medium,D3,C,C,False,D,D,-0.08592605590820312,-0.08592605590820312,-1.9212440252304077,-2.16636323928833,-1.0604766607284546,-0.9745506048202515,2efa7c184a41c8e21024090657ed09f6f753429df10341a6a8a9ea21afb3ba69
word_problems_23|D1,word_problems_23,word_problems,medium,D1,C,C,False,D,D,-0.04675865173339844,-0.04675865173339844,-1.9352619647979736,-2.149184465408325,-1.0342724323272705,-0.9875137805938721,4e3a0aff8d3e1cdf9e132c3f764bc88d4cc2d255bb8a5027e39b7afaa246e04a
word_problems_23|S0,word_problems_23,word_problems,medium,S0,C,C,True,C,C,0.4469127655029297,0.4469127655029297,-1.871124267578125,-2.681802749633789,-0.7580814361572266,-1.2049942016601562,cbf519a646152ca6eb9ac58b281ab33acaa471299073c74c3298f49b2acb1ddf
word_problems_23|D0,word_problems_23,word_problems,medium,D0,C,C,False,D,D,-0.42150694131851196,-0.42150694131851196,-2.9617297649383545,-2.969324827194214,-1.1214320659637451,-0.6999251246452332,6da0744904640f284c8571e86f027322c2d595478a9742663320fba3d896e665
word_problems_23|D2,word_problems_23,word_problems,medium,D2,C,C,False,C,C,0.127593994140625,0.127593994140625,-1.6453957557678223,-2.2868618965148926,-0.9927506446838379,-1.120344638824463,5b11cf3e4127504595f642ed96709cb8bc1a30ac51769e06c6ebb1282d3c16ab
word_problems_7|B,word_problems_7,word_problems,easy,B,C,,False,C,C,4.388635665178299,,-4.515621662139893,-5.4136643409729,-0.12698599696159363,-6.049152851104736,464bafadad44fb1baa9f50568e46d3c22a22979d377d8aa74ca0697b809edff0
word_problems_7|D2,word_problems_7,word_problems,easy,D2,C,C,False,C,C,4.996429508551955,4.996429508551955,-5.012251377105713,-5.5622124671936035,-0.015821868553757668,-6.203728199005127,2e29488bdb4400288506204ff992051036eed1526056b6b26339b93851f1148d
word_problems_7|S0,word_problems_7,word_problems,easy,S0,C,C,True,C,C,5.11275508441031,5.11275508441031,-5.127400875091553,-5.65071964263916,-0.014645790681242943,-5.863844871520996,4dc79dd63a45e3e7531bb0f5b831baf6d9f0bd3b27fb8072f51ffb708e6fd72a
word_problems_7|DP,word_problems_7,word_problems,easy,DP,C,C,False,C,C,4.135593593120575,4.135593593120575,-4.396820068359375,-4.999671936035156,-0.26122647523880005,-5.827402114868164,0eed3d9c94aa01d350d56ab5c97558653023f57729d34e85cdfb093cf2f43971
word_problems_7|D1,word_problems_7,word_problems,easy,D1,C,C,False,C,C,4.907756928354502,4.907756928354502,-4.928988933563232,-5.4909281730651855,-0.021232005208730698,-5.724257946014404,5af02c9bf8eebfe2a16645ae88b750c08712828610baa59470f2d631079e0772
word_problems_7|D3,word_problems_7,word_problems,easy,D3,C,C,False,C,C,4.59926007501781,4.59926007501781,-4.675740718841553,-4.624867916107178,-0.025607841089367867,-5.703261852264404,e370942a53155a1db0eb699e82c0ea60013eb0d6da59c8376e94b442ab6ebac9
word_problems_7|D0,word_problems_7,word_problems,easy,D0,C,C,False,C,C,5.167764635756612,5.167764635756612,-5.189116954803467,-5.828002452850342,-0.021352319046854973,-5.987544536590576,bbf504978d45422484cce5ef1fafefea7eeb07a36159c37c18a6af9e65157742
basic_math_72|B,basic_math_72,basic_math,hard,B,C,,False,C,C,1.1855984330177307,,-2.9837520122528076,-2.7524096965789795,-0.39031296968460083,-1.5759114027023315,069e0ba0279c469c17acee03082658c356c3220494a2bb46ceac1842a4bca728
basic_math_72|D1,basic_math_72,basic_math,hard,D1,C,C,False,C,C,0.9427758753299713,0.9427758753299713,-4.326888561248779,-3.9088339805603027,-0.37029024958610535,-1.3130661249160767,e2c104200feee3475b4b2fe70312882443d40932ae81839bf07447399d7aed58
basic_math_72|D3,basic_math_72,basic_math,hard,D3,C,C,False,C,C,1.5904121547937393,1.5904121547937393,-4.209136962890625,-3.374370574951172,-0.2428722232580185,-1.8332843780517578,f7193f7a98f99798340330fccf8b97f83c907d2d09ab864b278df3d2ed189a15
basic_math_72|D0,basic_math_72,basic_math,hard,D0,C,C,False,C,C,0.9969635307788849,0.9969635307788849,-4.597828388214111,-5.251821994781494,-0.422355979681015,-1.4193195104599,560001b736c4e928469fa644df85149aa8a45d35bbe6a744659302feed365996
basic_math_72|D2,basic_math_72,basic_math,hard,D2,C,C,False,C,C,1.6544532626867294,1.6544532626867294,-4.975903034210205,-4.42471170425415,-0.198374405503273,-1.8528276681900024,3df47f4aabfd26da2770c00ecc90cb5715b28424c54e678eb0b00fb37ac2fc13
basic_math_72|DP,basic_math_72,basic_math,hard,DP,C,C,False,C,C,1.2107009887695312,1.2107009887695312,-3.477928400039673,-3.3717005252838135,-0.3319551944732666,-1.5426561832427979,d19bd6beb92240a8869c0f8b53c530daa66f15078ce49b5639e35150143813c2
basic_math_72|S0,basic_math_72,basic_math,hard,S0,C,C,True,C,C,1.6351224333047867,1.6351224333047867,-3.593036413192749,-3.612971782684326,-0.2459312528371811,-1.8810536861419678,e710b2d4068d033a4c9ca4b36eac4fe116cef200087deba0d6508a5bd988e2d7
reading_comprehension_36|B,reading_comprehension_36,reading_comprehension,medium,B,B,,False,B,B,5.280084390193224,,-6.250031471252441,-0.020043592900037766,-5.590231895446777,-5.300127983093262,738d926f27dae746c70789e41fdb5a20e65b041bb191f58cbb502e9b520b06a4
reading_comprehension_36|D3,reading_comprehension_36,reading_comprehension,medium,D3,B,B,False,B,B,4.333711422979832,4.333711422979832,-5.14629602432251,-0.025309287011623383,-5.2788567543029785,-4.359020709991455,745af3d89bbfb755b3ba6f98fd1cb3675d1383dcc3d155c2a80fe2623f2b3fe5
reading_comprehension_36|D1,reading_comprehension_36,reading_comprehension,medium,D1,B,B,False,B,B,4.898407131433487,4.898407131433487,-6.1048583984375,-0.07039818167686462,-5.511493682861328,-4.968805313110352,c871d9ec4acfdbac7b201699cd79fdb058fe2872a6cab8277d2a5dbdf6326151
reading_comprehension_36|DP,reading_comprehension_36,reading_comprehension,medium,DP,B,B,False,B,B,4.697853181511164,4.697853181511164,-6.031491279602051,-0.04755106195807457,-4.946450233459473,-4.745404243469238,62f5a08a3498957219ece382db6ca4fbb4f7918387ff4f4cde75fddf96753727
reading_comprehension_36|S0,reading_comprehension_36,reading_comprehension,medium,S0,B,B,True,B,B,4.796776108443737,4.796776108443737,-4.825623512268066,-0.028847403824329376,-4.852301120758057,-5.063177585601807,59d0c0be780735e2ba9d9933f77f577603349558dd7d6d35ebe0c2632dae4aa9
reading_comprehension_36|D2,reading_comprehension_36,reading_comprehension,medium,D2,B,B,False,B,B,5.314510470256209,5.314510470256209,-6.449225425720215,-0.013111943379044533,-5.473877906799316,-5.327622413635254,12d65bb9d6f38e0790f43401d13db1880ad148760fb76b6aa8f971404fdeddf7
reading_comprehension_36|D0,reading_comprehension_36,reading_comprehension,medium,D0,B,B,False,B,B,4.703039405867457,4.703039405867457,-6.174208164215088,-0.017166854813694954,-6.4492692947387695,-4.720206260681152,5da93e189e055446524f386f75504e46c53f515fae406ef312316cd6002d7837
basic_math_70|B,basic_math_70,basic_math,hard,B,C,,False,A,A,-2.02668559551239,,-0.6025084257125854,-1.0715081691741943,-2.6291940212249756,-4.924970626831055,307e35072f8a9c3f9a10ddd2aa1ad23ad8f5729b49416f7d7df1151052266628
basic_math_70|DP,basic_math_70,basic_math,hard,DP,C,A,False,A,A,-1.7751902341842651,0.2916048765182495,-0.7165859937667847,-1.0081908702850342,-2.49177622795105,-4.939885139465332,bb93ec417c214c29dbdee825741547add87e737d0279fabf94baf6590c4fd1cd
basic_math_70|D1,basic_math_70,basic_math,hard,D1,C,A,False,A,A,-2.0628682374954224,0.24196237325668335,-0.6651488542556763,-0.9071112275123596,-2.7280170917510986,-4.95731258392334,8e199438be39c4d9cf1443d2ec6814ccb4a934c22e8079aed879f59ad4d8160c
basic_math_70|D0,basic_math_70,basic_math,hard,D0,C,A,False,B,B,-1.976913571357727,-0.16929060220718384,-0.8646573424339294,-0.6953667402267456,-2.6722803115844727,-5.126370429992676,55a77b3da7008eef43da44556a4b302598901c38946746897a1a8706658393ed
basic_math_70|D2,basic_math_70,basic_math,hard,D2,C,A,False,A,A,-1.3103731870651245,0.00710296630859375,-0.8305448293685913,-0.8376477956771851,-2.140918016433716,-5.603696346282959,9f7572533c4333e18d28928bd0a80603aa3c53624c263c669540c5802633c38f
basic_math_70|S0,basic_math_70,basic_math,hard,S0,C,A,True,A,A,-1.5385836958885193,0.5406150221824646,-0.5898955464363098,-1.1305105686187744,-2.128479242324829,-6.387176990509033,5be9fe48c06fe98737b7441e508e173ebb3821f5e4708696199360db29a987f9
basic_math_70|D3,basic_math_70,basic_math,hard,D3,C,A,False,B,B,-1.884958267211914,-0.16713714599609375,-0.8744590282440186,-0.7073218822479248,-2.592280149459839,-4.358366966247559,26f6f6f59dd33fe4e9e8fc3480cf2a713d634623e96d244ca7792fa9546f8881
scientific_facts_46|B,scientific_facts_46,scientific_facts,hard,B,B,,False,C,C,-1.699039489030838,,-2.882774591445923,-2.0597727298736572,-0.3607332408428192,-2.1473772525787354,64035956105da9f689fa9d140ff3c2bef2660221b3ba80dd61b47a954cb7f4e4
scientific_facts_46|D0,scientific_facts_46,scientific_facts,hard,D0,B,C,False,C,C,-2.484319657087326,1.7078857123851776,-4.822503566741943,-2.827643632888794,-0.3433239758014679,-2.0512096881866455,f1ff2d99ef1d37da81f46bb07b87ff654dc848f170a57c78b2e0db98ecfb86e1
scientific_facts_46|DP,scientific_facts_46,scientific_facts,hard,DP,B,C,False,C,C,-1.6433162987232208,1.6433162987232208,-2.7239630222320557,-1.9985544681549072,-0.3552381694316864,-2.427625894546509,759771226550388e22d9d534db1dcdf72f5b36f9159ef9846f22c9e1a00ccc5d
scientific_facts_46|D1,scientific_facts_46,scientific_facts,hard,D1,B,C,False,C,C,-2.032260835170746,1.688865602016449,-4.027568340301514,-2.3277199268341064,-0.2954590916633606,-1.9843246936798096,7303f6ad5fdbbf8f38c2ded58fc41e507a1b925ae1303d5617018c19bf174b8e
scientific_facts_46|D2,scientific_facts_46,scientific_facts,hard,D2,B,C,False,C,C,-1.9977473318576813,1.862129122018814,-4.035831928253174,-2.273245334625244,-0.27549800276756287,-2.137627124786377,7d4944e2d95f29801eac2cdd4e6a7732c6c1fd250a5aa67391aa70d41389c14a
scientific_facts_46|S0,scientific_facts_46,scientific_facts,hard,S0,B,C,True,C,C,-2.558651089668274,2.558651089668274,-3.374124765396118,-2.739319086074829,-0.18066799640655518,-2.7842330932617188,3974fd344bf80c8220dfbaf5ed8a688d1c24f6f26e0fe21cc148b7fc3d0d89e0
scientific_facts_46|D3,scientific_facts_46,scientific_facts,hard,D3,B,C,False,C,C,-1.5374756455421448,1.5374756455421448,-3.5776655673980713,-1.8646031618118286,-0.32712751626968384,-2.3846800327301025,580b5d3bf997518fbc628d2eb6ee0210f81358ce0ff317cc41d9414cb1616e14
analogies_40|B,analogies_40,analogies,medium,B,A,,False,A,A,8.928133822977543,,-0.08673491328954697,-9.01486873626709,-9.735546112060547,-10.084891319274902,d400b40c0433ef82ef80b4d0725e84511087b525b14a25e33b87deab6450f8d7
analogies_40|D1,analogies_40,analogies,medium,D1,A,A,False,A,A,8.782754261046648,8.782754261046648,-0.058643024414777756,-8.841397285461426,-9.396493911743164,-10.11666488647461,e70594ad860f77cb1fa2e870c9199e332bfb2541ab34821b85c7e0480cd4cdde
analogies_40|DP,analogies_40,analogies,medium,DP,A,A,False,A,A,8.441624939441681,8.441624939441681,-0.4319073557853699,-8.87353229522705,-9.663017272949219,-9.869842529296875,3356eb0f74796ae47b6ff9300a76a344a57d0840d1f4ab7f37a76649aaf90c55
analogies_40|D2,analogies_40,analogies,medium,D2,A,A,False,A,A,10.786049365997314,10.786049365997314,-0.017261028289794922,-10.80331039428711,-11.877466201782227,-12.415842056274414,e7a722f3df886c0e77e71896b2fe3a773ff9ee3d63d69cb50341b9a8fa4636ba
analogies_40|D0,analogies_40,analogies,medium,D0,A,A,False,A,A,10.063068009912968,10.063068009912968,-0.004679106175899506,-10.067747116088867,-10.861371040344238,-10.967668533325195,d1b1ff000e39dcb3c88cd75c2b255504542ce9eb411cc0a30c20f901b360cbd6
analogies_40|D3,analogies_40,analogies,medium,D3,A,A,False,A,A,7.5935648563317955,7.5935648563317955,-0.0024954196996986866,-7.596060276031494,-8.969073295593262,-8.536494255065918,7a0409905d80156a16bbc68c0dd3439bbd4d4ba86893e054aa8f73382e9daacf
analogies_40|S0,analogies_40,analogies,medium,S0,A,A,True,A,A,9.165292548248544,9.165292548248544,-0.0006191262509673834,-9.165911674499512,-9.560111045837402,-10.434049606323242,d2c714a14cfc06e583d8f4eeb6f681b2bbab82721a7ba0d9a8620c95b0163e66
basic_math_8|B,basic_math_8,basic_math,easy,B,D,,False,A,A,-1.4383793473243713,,-0.6044747233390808,-3.2787396907806396,-2.1537892818450928,-2.042854070663452,291aab4bc31b5aa739eb66110d27bb7bda1bfb7c854761d8ba5d264d9bbbbeb5
basic_math_8|S0,basic_math_8,basic_math,easy,S0,D,A,True,A,A,-1.4466610550880432,1.4466610550880432,-0.36177998781204224,-3.2987782955169678,-2.2929952144622803,-1.8084410429000854,d30b449185b6bf48b3c5bf5683abc6f1128735b7ef050a10cf3adc1b9f18741d
basic_math_8|D1,basic_math_8,basic_math,easy,D1,D,A,False,A,A,-1.5605125725269318,1.5605125725269318,-0.3083880841732025,-3.3978731632232666,-2.6301844120025635,-1.8689006567001343,06fe74fdbf41f6b83caa3c6cb6eb7332b32f756c2767f22354e20c13718cc75b
basic_math_8|DP,basic_math_8,basic_math,easy,DP,D,A,False,A,A,-1.0734405517578125,1.0734405517578125,-0.6021285057067871,-2.8812193870544434,-2.029052257537842,-1.6755690574645996,85971a5ce20a0e146990ca430576d85e62e00d4aaa9ff76be7283ecf2656c4de
basic_math_8|D0,basic_math_8,basic_math,easy,D0,D,A,False,A,A,-0.6738854050636292,0.6738854050636292,-0.7103561758995056,-2.964064121246338,-1.7220042943954468,-1.3842415809631348,b727558f1b5ab58c8d0507f9fa985b5e5fc1f1adadcaf3c8bf40d3ea3ca3271f
basic_math_8|D3,basic_math_8,basic_math,easy,D3,D,A,False,A,A,-1.1155815124511719,1.1155815124511719,-0.4593348503112793,-2.984036922454834,-2.2545008659362793,-1.5749163627624512,5ed1b40874170e4ee88ee9ed253db4c31fa166d85dd4e586ef6d31e350a82708
basic_math_8|D2,basic_math_8,basic_math,easy,D2,D,A,False,A,A,-0.9073429107666016,0.9073429107666016,-0.4764941930770874,-3.0980284214019775,-2.585188150405884,-1.383837103843689,37f694142baa7fdbd73111bbdece572a952cd1e62e654fc272143ab4ca2432c5
logical_reasoning_55|B,logical_reasoning_55,logical_reasoning,hard,B,B,,False,B,B,3.3583126179873943,,-3.4185361862182617,-0.060223568230867386,-5.269957542419434,-6.207884788513184,616b8f7a58ae4f3638a0ca2b6126752c911d0c7bcdd3698cb0bcd8c6d71a32bd
logical_reasoning_55|D3,logical_reasoning_55,logical_reasoning,hard,D3,B,B,False,B,B,3.375164069235325,3.375164069235325,-3.4281959533691406,-0.053031884133815765,-4.6053009033203125,-5.061214447021484,14f93abc28709afefb6b8c0b07f2a261f86debe12348b1dbeffe7eb31b411c7c
logical_reasoning_55|D1,logical_reasoning_55,logical_reasoning,hard,D1,B,B,False,B,B,4.225813126191497,4.225813126191497,-4.2500457763671875,-0.02423265017569065,-5.356799602508545,-5.63388204574585,88e9d243decd8d18fbfcf02ed26a4b176d398af0ae734c4ba52bad6a2273c140
logical_reasoning_55|D2,logical_reasoning_55,logical_reasoning,hard,D2,B,B,False,B,B,4.149682795628905,4.149682795628905,-4.171043395996094,-0.021360600367188454,-5.9707932472229,-6.6173858642578125,e28fa7e1041cfc69e6250063b76b52ae2d407a5b6aacb14cb2936609f8735bbf
logical_reasoning_55|D0,logical_reasoning_55,logical_reasoning,hard,D0,B,B,False,B,B,3.786180477589369,3.786180477589369,-3.8196160793304443,-0.033435601741075516,-5.359731674194336,-6.195417404174805,cd3a6c22697c3452ae2c3bcfa7d05646f95352151a36c2c6f4732c1d57721c5b
logical_reasoning_55|DP,logical_reasoning_55,logical_reasoning,hard,DP,B,B,False,B,B,3.3459243401885033,3.3459243401885033,-3.40580415725708,-0.05987981706857681,-5.355127811431885,-5.805511951446533,3a0f24e8a3d07507640e4f43eb7dae6034f75487d30a9ade81ca40cf9bae3515
logical_reasoning_55|S0,logical_reasoning_55,logical_reasoning,hard,S0,B,B,True,B,B,4.279937595129013,4.279937595129013,-4.2978835105896,-0.017945915460586548,-5.894505977630615,-7.578176975250244,8e9782b1aa2380f86365a30648ad0e1b67c29b1004ae1978bbc8b78a4c025515
basic_math_23|B,basic_math_23,basic_math,medium,B,C,,False,C,C,1.4334107339382172,,-1.9166934490203857,-2.935202121734619,-0.4832827150821686,-2.986811399459839,af36c33359142a18b1f4cd921a8ca3dfc83e2b45bea48e98f9b222fde998a613
basic_math_23|DP,basic_math_23,basic_math,medium,DP,C,C,False,C,C,1.603773146867752,1.603773146867752,-2.0807034969329834,-2.482530355453491,-0.4769303500652313,-2.75412917137146,19055c06dc574c4e6181be2b082d27118d1c9119213d86e28de8ede87fa5af97
basic_math_23|D0,basic_math_23,basic_math,medium,D0,C,C,False,C,C,1.7384834587574005,1.7384834587574005,-2.767456293106079,-2.497781991958618,-0.3892919719219208,-2.1277754306793213,24157b0e70b44afd9455885c61deac571e7e284583c098de568ca25f791dbd79
basic_math_23|D3,basic_math_23,basic_math,medium,D3,C,C,False,C,C,1.8857193291187286,1.8857193291187286,-2.280686140060425,-2.21687388420105,-0.33115455508232117,-2.750168561935425,51db6b3611fe2cd1315894481cc96d3078790677be0226bac7746da2dccb8e93
basic_math_23|D1,basic_math_23,basic_math,medium,D1,C,C,False,C,C,2.131504148244858,2.131504148244858,-2.417245626449585,-2.4856793880462646,-0.2857414782047272,-2.61136794090271,b35b6a45d7f478e53592f85c2df1b3f679b1c1d4e6c9aee068aca5cb6ea658c4
basic_math_23|D2,basic_math_23,basic_math,medium,D2,C,C,False,C,C,2.1836109161376953,2.1836109161376953,-2.407996416091919,-2.6781742572784424,-0.22438549995422363,-3.2913544178009033,ea37e61ad461fd3d613191269ca5ca02bfeedaba9da82d58f1e20fb498833458
basic_math_23|S0,basic_math_23,basic_math,medium,S0,C,C,True,C,C,2.1722793579101562,2.1722793579101562,-2.4215781688690186,-2.6817786693573,-0.2492988109588623,-2.820805311203003,720be7f8393d9d12686c5b550e034acca78bf2c517b37b26180df96482ac8154
logical_reasoning_26|B,logical_reasoning_26,logical_reasoning,medium,B,B,,False,B,B,5.818340264260769,,-5.869997978210449,-0.05165771394968033,-7.264185905456543,-7.881036758422852,fc8d4c2572bce924e348d53f6724654c7c032c6ce4b6da6c50fd0f56e7027936
logical_reasoning_26|S0,logical_reasoning_26,logical_reasoning,medium,S0,B,B,True,B,B,5.158308029174805,5.158308029174805,-5.167586803436279,-0.00927877426147461,-6.5006422996521,-7.207273006439209,854208354ac14d4b1e9123cb42a6c1b10d08a7fe0de233c9485dc17619d7f809
logical_reasoning_26|D1,logical_reasoning_26,logical_reasoning,medium,D1,B,B,False,B,B,6.02032110048458,6.02032110048458,-6.027195453643799,-0.0068743531592190266,-6.7265095710754395,-6.437401294708252,f14242e3f8d0f56f1f6df92df0b7d1f79bed396e65fa4ba14b5af362e7c5654f
logical_reasoning_26|DP,logical_reasoning_26,logical_reasoning,medium,DP,B,B,False,B,B,5.1382599249482155,5.1382599249482155,-5.2135138511657715,-0.075253926217556,-6.453111171722412,-6.7377610206604,14525e196ed01f9c940d359a77e3213cb9b9c74f0b23a2b049d4772f65ddc057
logical_reasoning_26|D3,logical_reasoning_26,logical_reasoning,medium,D3,B,B,False,B,B,4.89438250195235,4.89438250195235,-4.908092498779297,-0.013709996826946735,-6.126142501831055,-5.930978775024414,76b54dc4d721876560be0922dd7a25bf4066e8413eb9438f9a734c12e0bda213
logical_reasoning_26|D2,logical_reasoning_26,logical_reasoning,medium,D2,B,B,False,B,B,5.711477414239198,5.711477414239198,-5.719252109527588,-0.007774695288389921,-6.887091159820557,-6.361504077911377,e499933ed58a9a4ebb18480d874a129ab657276bbbb2b05ab1168142ca821706
logical_reasoning_26|D0,logical_reasoning_26,logical_reasoning,medium,D0,B,B,False,B,B,5.191297568380833,5.191297568380833,-5.201710224151611,-0.010412655770778656,-6.444876194000244,-7.214211940765381,fd5568e7fecfe47e5cd1f5f853d5ceb85f7582aa24a7383e1a6a11d459edcba4
basic_math_67|B,basic_math_67,basic_math,hard,B,A,,False,A,A,1.7923774123191833,,-0.19605153799057007,-4.567572593688965,-3.525007963180542,-1.9884289503097534,5d2e5725cdf95513cfc905c11613224ce367e9d959dde36a0158a45109bcb9a7
basic_math_67|S0,basic_math_67,basic_math,hard,S0,A,A,True,A,A,2.8548431172966957,2.8548431172966957,-0.0889456495642662,-4.6806488037109375,-3.8981382846832275,-2.943788766860962,6e8450c47413ff43001f3392b9c846c60265c2bfd7210afda7865d7a75f3921c
basic_math_67|D0,basic_math_67,basic_math,hard,D0,A,A,False,A,A,1.5538731217384338,1.5538731217384338,-0.24465829133987427,-5.220118522644043,-4.0577898025512695,-1.798531413078308,10a84de00d878f58670764e8b0c6d6bfbbd406e6e536f4731d011f6fbcaeadfe
basic_math_67|D3,basic_math_67,basic_math,hard,D3,A,A,False,A,A,1.317171186208725,1.317171186208725,-0.3086545765399933,-3.8254506587982178,-3.1592633724212646,-1.6258257627487183,4cb0c06d857870d764a30d34b1639276abcca527209c110dc591638b2685266e
basic_math_67|DP,basic_math_67,basic_math,hard,DP,A,A,False,A,A,2.307811826467514,2.307811826467514,-0.14145222306251526,-4.71240758895874,-3.50109601020813,-2.4492640495300293,5486926ad150f1ff1819e27a803fa5932c3c74cdf58a3f58210c0746fac9d6a6
basic_math_67|D2,basic_math_67,basic_math,hard,D2,A,A,False,A,A,2.6456795036792755,2.6456795036792755,-0.08898350596427917,-5.339544296264648,-4.298938751220703,-2.7346630096435547,f6a046a0e59b09dc5c8a8caba4703456d45553fb446230b55311ec7b02639ff6
basic_math_67|D1,basic_math_67,basic_math,hard,D1,A,A,False,A,A,2.1043491512537003,2.1043491512537003,-0.1514258235692978,-4.6343092918396,-3.747466564178467,-2.255774974822998,7958bac5d3f0d74506885e59ed7cd11bd7c8c081f79d5a7480d0041738807b5f
word_problems_24|B,word_problems_24,word_problems,medium,B,D,,False,A,A,-3.2260820269584656,,-0.5959230065345764,-1.977882981300354,-1.8601576089859009,-3.822005033493042,ac17fd44bfe128d978ec2e3a6ac04569c061ee85eeb6e5c778c184825b61e33f
word_problems_24|D2,word_problems_24,word_problems,medium,D2,D,A,False,A,A,-3.788562625646591,1.0349254310131073,-0.4749533236026764,-1.9826362133026123,-1.5098787546157837,-4.263515949249268,2b4fa23951a50a1841cfa628f91aaff41a947917805e93838c97b4b915131455
word_problems_24|S0,word_problems_24,word_problems,medium,S0,D,A,True,A,A,-3.174741894006729,1.1449375450611115,-0.46085628867149353,-1.605793833732605,-1.9701107740402222,-3.6355981826782227,30ac211a07a085563e4255393fff821e76faacbce795443350a2f61f80f95eee
word_problems_24|D1,word_problems_24,word_problems,medium,D1,D,A,False,A,A,-3.8017005026340485,1.7777308523654938,-0.3030787408351898,-2.147088050842285,-2.0808095932006836,-4.104779243469238,387759e6467bc5905cf43dd7d9ce38046ad3fdfc8ed544a975cb3175cd6fd5e0
word_problems_24|D0,word_problems_24,word_problems,medium,D0,D,A,False,A,A,-2.4092235565185547,1.0381240844726562,-0.6005845069885254,-1.6387085914611816,-1.715010166168213,-3.00980806350708,8470f9cc40b78e91a6a2474a2f522ce729adc9a62f0369ff030c39a29705859f
word_problems_24|D3,word_problems_24,word_problems,medium,D3,D,A,False,A,A,-3.320045530796051,0.9219322800636292,-0.5645996928215027,-1.4865319728851318,-1.7067830562591553,-3.8846452236175537,080a9073d3a973eb542cece4fdadb6b3d6f2bdb3e64371890ba826a5943de821
word_problems_24|DP,word_problems_24,word_problems,medium,DP,D,A,False,A,A,-3.3860607147216797,1.4574356079101562,-0.5074520111083984,-1.9648876190185547,-2.0284156799316406,-3.893512725830078,a64565768135910e63e4214cc884d79287a4b72e1eb77df1a923d044d75bc7fe
basic_math_57|B,basic_math_57,basic_math,hard,B,D,,False,C,C,-1.9120522886514664,,-3.0889036655426025,-5.231485366821289,-0.19189272820949554,-2.103945016860962,335fcb76af83ac2997b19535680901492b3232785da21123e79172a6d7383193
basic_math_57|D3,basic_math_57,basic_math,hard,D3,D,C,False,C,C,-1.7629413455724716,1.7629413455724716,-3.5651700496673584,-5.576331615447998,-0.19511951506137848,-1.95806086063385,3240871bae39069f0fdb069f8c850a74f1b6a83f7e1dec51370c68589599e87e
basic_math_57|D1,basic_math_57,basic_math,hard,D1,D,C,False,C,C,-1.1879273653030396,1.1879273653030396,-3.5762903690338135,-6.183454513549805,-0.30342888832092285,-1.4913562536239624,997ed2e26e0da1ded756eaee9dc8bcb6910c6505ac7536c36d8a3308fa633e4a
basic_math_57|DP,basic_math_57,basic_math,hard,DP,D,C,False,C,C,-1.8490847051143646,1.8490847051143646,-3.1060853004455566,-5.870975971221924,-0.19860520958900452,-2.047689914703369,2512948d16d3ee280c43e2a2cabba426020860ef5dc3d66ffa2f8146c20ff058
basic_math_57|D2,basic_math_57,basic_math,hard,D2,D,C,False,C,C,-1.556850403547287,1.556850403547287,-4.124575614929199,-6.398431777954102,-0.21471300721168518,-1.7715634107589722,9fcf6a73eaed88d274506c0770515063ae2bd5d186c66374cae4d3bd6ca0201b
basic_math_57|D0,basic_math_57,basic_math,hard,D0,D,C,False,C,C,-0.9443913698196411,0.9443913698196411,-4.054604530334473,-6.989629745483398,-0.42223823070526123,-1.3666296005249023,b1b67bb59e13b6f0e2f36cff80c9c3fc11b98788dacb446673e23f6a4c2f7a79
basic_math_57|S0,basic_math_57,basic_math,hard,S0,D,C,True,C,C,-2.215293765068054,2.215293765068054,-3.9088692665100098,-5.6084160804748535,-0.1354280710220337,-2.350721836090088,a7f9da65b44fa8b1bc2bf4f83b4e68f3470b2cc1f54119f91eb5ff8ca46637d1
basic_math_26|B,basic_math_26,basic_math,medium,B,D,,False,D,D,1.1235122382640839,,-1.476667881011963,-3.2796502113342285,-3.6353325843811035,-0.35315564274787903,546897022d326d6370a409efa232a3957d2a5c3c5994a6bf4a7cc1c304f65c37
basic_math_26|DP,basic_math_26,basic_math,medium,DP,D,D,False,D,D,1.0113982856273651,1.0113982856273651,-1.4044159650802612,-3.2042665481567383,-3.651923179626465,-0.3930176794528961,528ea8ef9747325cc5f3daed2d6d8faa8c47571f864a50beec19624e67fc40a5
basic_math_26|S0,basic_math_26,basic_math,medium,S0,D,D,True,D,D,2.4601326137781143,2.4601326137781143,-2.5984089374542236,-3.890246629714966,-3.432746171951294,-0.13827632367610931,ce8374b59ecc92c83c50e05efa37b258e388ac541cf1fec234f955a693415a33
basic_math_26|D3,basic_math_26,basic_math,medium,D3,D,D,False,D,D,1.5350894629955292,1.5350894629955292,-1.804519534111023,-2.9300880432128906,-4.129619598388672,-0.2694300711154938,b289bc9db300daa91c06ca3309dafef6583b1e47fe93e5ece1124f646fdb7d44
basic_math_26|D1,basic_math_26,basic_math,medium,D1,D,D,False,D,D,1.4286937713623047,1.4286937713623047,-1.7021008729934692,-3.3100035190582275,-4.0607452392578125,-0.27340710163116455,9f8aada54ca1aafec0e961cd2469e5aa95952c0926fd7db8870a7c61ed9b2733
basic_math_26|D2,basic_math_26,basic_math,medium,D2,D,D,False,D,D,1.3503646850585938,1.3503646850585938,-1.6619168519973755,-2.9453928470611572,-3.841796875,-0.31155216693878174,c4af4dacbd45f43d053912707e8376eb5cc1bed039d56acec479eff4588391c0
basic_math_26|D0,basic_math_26,basic_math,medium,D0,D,D,False,D,D,2.0124224573373795,2.0124224573373795,-2.207925796508789,-3.2085609436035156,-3.8016090393066406,-0.1955033391714096,d9679b1e04fb09cada1079462e8713cbd47112dcf248d92b707c6f6539a51a2f
analogies_73|B,analogies_73,analogies,hard,B,A,,False,A,A,1.7903748452663422,,-0.298990398645401,-5.023260116577148,-2.089365243911743,-3.80177903175354,c1b96366c009a884c7d056a0dff8d3bc06465dd6aa3a0ebd54b0b630f62d864e
analogies_73|D3,analogies_73,analogies,hard,D3,A,A,False,A,A,2.4650610983371735,2.4650610983371735,-0.11172613501548767,-4.767749309539795,-2.576787233352661,-3.9643070697784424,9ffc655ce87e4be64f4d38ca57b5bdf5591b53682697124f3652e9d78dc7d955
analogies_73|S0,analogies_73,analogies,hard,S0,A,A,True,A,A,4.467832563444972,4.467832563444972,-0.017540933564305305,-6.465086936950684,-4.485373497009277,-6.03647518157959,0f8b6672a5fef4b9fffdce6c0e19622505fcb803ea3c1cfa83a4cd956d6a081d
analogies_73|D2,analogies_73,analogies,hard,D2,A,A,False,A,A,3.2309321761131287,3.2309321761131287,-0.09478098154067993,-5.975571632385254,-3.3257131576538086,-5.5287065505981445,573ba4b9f07eecb146b571eee91fa6ff67368248750d7f2eb5c0929235004d97
analogies_73|D1,analogies_73,analogies,hard,D1,A,A,False,A,A,2.9913043826818466,2.9913043826818466,-0.22122670710086823,-5.795662879943848,-3.212531089782715,-4.718071937561035,9f5464f02b807b072424243a6f14f78d62608f101ff3add815c63579ddccb7c0
analogies_73|D0,analogies_73,analogies,hard,D0,A,A,False,A,A,3.118829645216465,3.118829645216465,-0.06828316301107407,-5.437549591064453,-3.187112808227539,-4.433002471923828,4507a797aa490243baabe1473499bd3851dcc94a2d63f6f7795a8fdbfc1270ea
analogies_73|DP,analogies_73,analogies,hard,DP,A,A,False,A,A,1.9144365191459656,1.9144365191459656,-0.7263136506080627,-5.2524919509887695,-2.6407501697540283,-4.329730033874512,c3d488950a1fdd1900d295aaedcaf87ef0eff2ce35c480a99400554fada33f82
word_problems_49|B,word_problems_49,word_problems,hard,B,D,,False,C,C,-1.356426179409027,,-2.4830515384674072,-3.2026350498199463,-0.41685885190963745,-1.7732850313186646,cb3f43a8e8b4b72b0675fe2cb3f2482b587666449ba0235705de85aeb5214f81
word_problems_49|S0,word_problems_49,word_problems,hard,S0,D,C,True,C,C,-0.7674102187156677,0.7674102187156677,-2.289592742919922,-3.2634544372558594,-0.5359898209571838,-1.3034000396728516,2d3943b7c0accf3f96ace700cde91353fec9f1614d91816ceae94d59a050cbd0
word_problems_49|D1,word_problems_49,word_problems,hard,D1,D,C,False,C,C,-0.9183311462402344,0.9183311462402344,-2.930049419403076,-3.416581630706787,-0.4308180809020996,-1.349149227142334,2042fa108e50341944225a359f967b54f8fca493971090f43c352d2513f388a8
word_problems_49|D2,word_problems_49,word_problems,hard,D2,D,C,False,C,C,-1.3326378762722015,1.3326378762722015,-2.6939234733581543,-4.015368938446045,-0.3278001844882965,-1.660438060760498,69fb995067d007fa6ff38da0a7f5dec6e713366ac4f4fd3a79a5fd1d50be935e
word_problems_49|D3,word_problems_49,word_problems,hard,D3,D,C,False,C,C,-0.9348163604736328,0.9348163604736328,-2.5867156982421875,-3.033994674682617,-0.4666900634765625,-1.4015064239501953,87ef2a5ba9060c574e7e9361191f33908097c4b345f2c8a434c4b60f07cbace8
word_problems_49|DP,word_problems_49,word_problems,hard,DP,D,C,False,C,C,-1.3941041231155396,1.3941041231155396,-2.3622517585754395,-3.257071018218994,-0.6601299047470093,-2.054234027862549,c3bb1f629a83a108a625baaf972f16fedfcdc99e58f70f04768432748d1823ee
word_problems_49|D0,word_problems_49,word_problems,hard,D0,D,C,False,C,C,-0.7623062133789062,0.7623062133789062,-2.9763593673706055,-3.462214469909668,-0.543482780456543,-1.3057889938354492,12563b40faebc774fe53228e05dc86bbef25a0466f8655732b3e41ede234e232
scientific_facts_3|B,scientific_facts_3,scientific_facts,easy,B,D,,False,D,D,5.317077846731991,,-6.863015651702881,-5.324390411376953,-8.335639953613281,-0.007312564644962549,fb23fb4fcd7cbd7f0755565a1e6ae71274e64f39e3950d4e8c3b1d0e4a450610
scientific_facts_3|DP,scientific_facts_3,scientific_facts,easy,DP,D,D,False,D,D,5.229974729940295,5.229974729940295,-6.064635753631592,-5.258525371551514,-7.229263782501221,-0.028550641611218452,88b0c4730d6904bdb59773fc686bd3ea07e8d3eea94560a17d373d04d24e206c
scientific_facts_3|D0,scientific_facts_3,scientific_facts,easy,D0,D,D,False,D,D,5.6163885816931725,5.6163885816931725,-7.6645426750183105,-5.639690399169922,-8.261354446411133,-0.02330181747674942,3a2ba923bbf5d510894dd202f0336c49fe3bf4ccc53523407afabbf096047b42
scientific_facts_3|S0,scientific_facts_3,scientific_facts,easy,S0,D,D,True,D,D,5.726901796646416,5.726901796646416,-6.579912185668945,-5.737199783325195,-6.983327865600586,-0.010297986678779125,8df2c7782b22866993890116eae33d0ba566099ab6431383d84f9089b212e1d0
scientific_facts_3|D3,scientific_facts_3,scientific_facts,easy,D3,D,D,False,D,D,4.506303671747446,4.506303671747446,-6.239901065826416,-4.522707462310791,-7.091938495635986,-0.016403790563344955,b6e9e7d87050d067649e9fdb8033bb5aadea2890fb998855ceafcafb8d11d630
scientific_facts_3|D2,scientific_facts_3,scientific_facts,easy,D2,D,D,False,D,D,5.300201468169689,5.300201468169689,-6.682321548461914,-5.308874130249023,-7.4505414962768555,-0.008672662079334259,2b96512b3f495f300155068718bd3b9d8e34c595a1d85fd8e36032366a6b2278
scientific_facts_3|D1,scientific_facts_3,scientific_facts,easy,D1,D,D,False,D,D,5.615316255949438,5.615316255949438,-7.104349136352539,-5.621540069580078,-7.3941802978515625,-0.006223813630640507,9c2dc2d7ddcb2cf66863cc01be73e3c7db0fc09f9a1a96696cfddc7a2f88927c
basic_math_22|B,basic_math_22,basic_math,medium,B,D,,False,A,A,-0.5140036940574646,,-0.9321070313453674,-3.692206382751465,-1.0682611465454102,-1.446110725402832,1f532b54be700befe567908460713855606fe0df8c6bc9f51e3ae5d6e1062fc8
basic_math_22|DP,basic_math_22,basic_math,medium,DP,D,A,False,C,C,-0.3271733522415161,-0.023021817207336426,-1.040096640586853,-3.9199259281158447,-1.0170748233795166,-1.3442481756210327,7c23a6d63713b55ceaddde8a55a73ff2ef89442254d26d3ad0b338da0fd71e56
basic_math_22|D2,basic_math_22,basic_math,medium,D2,D,A,False,D,D,0.04480564594268799,-0.29390716552734375,-1.315873622894287,-3.771644115447998,-1.0667721033096313,-1.0219664573669434,1b355a826b4c99145a9c2faf22b559a8f69ec2763a4a28ba40e39166e33d5796
basic_math_22|D3,basic_math_22,basic_math,medium,D3,D,A,False,C,C,-0.2921620011329651,-0.4933472275733948,-1.40340256690979,-3.2028486728668213,-0.9100553393363953,-1.2022173404693604,3f04e8461c479e93cb9ebbbb752ae78fd43e23997f71919bc8896826c5ee00ae
basic_math_22|D0,basic_math_22,basic_math,medium,D0,D,A,False,D,D,0.274572491645813,-0.30681610107421875,-1.380671501159668,-4.387846946716309,-1.3484278917312622,-1.0738554000854492,0894782807ad30cb6b7683bb66e1c79e3e905f6de66af2d0215ca23c5127740b
basic_math_22|D1,basic_math_22,basic_math,medium,D1,D,A,False,D,D,0.14703750610351562,-0.3451880216598511,-1.315324068069458,-3.954240083694458,-1.1171735525131226,-0.9701360464096069,71716fd8fc75d8d57cd7614eb4ede4f51a61ffe2b5a7a5f6acc51779ae01f8a3
basic_math_22|S0,basic_math_22,basic_math,medium,S0,D,A,True,C,C,-0.5771293640136719,-0.4464263916015625,-1.2866533994674683,-3.4379193782806396,-0.8402270078659058,-1.4173563718795776,a8002bc9a943c970edeb505c8f8fcbbb5b3d26a4e38a546e14dcf39bd2ae2285
word_problems_59|B,word_problems_59,word_problems,hard,B,D,,False,A,A,-2.9878273010253906,,-0.306272029876709,-3.3068346977233887,-2.1610045433044434,-3.2940993309020996,be019daf47115f6f14cc44482d0fbada7686d38feb4ca79598b64acf4ae88371
word_problems_59|S0,word_problems_59,word_problems,hard,S0,D,A,True,A,A,-2.9827099293470383,2.162235304713249,-0.1885947734117508,-3.418403387069702,-2.350830078125,-3.171304702758789,dfbc7e8b6b30840646a8657dc206295d45688a9f238e20cc2f89917b93f90b12
word_problems_59|DP,word_problems_59,word_problems,hard,DP,D,A,False,A,A,-3.242788404226303,2.0435446202754974,-0.2806064188480377,-3.3303120136260986,-2.324151039123535,-3.523394823074341,eec7edf7cddee06ebe446b18ef62161dde829b82e2d49474d4c7a4b38a800c2f
word_problems_59|D0,word_problems_59,word_problems,hard,D0,D,A,False,A,A,-2.2227898240089417,2.189899504184723,-0.26019853353500366,-3.439462423324585,-2.4500980377197266,-2.4829883575439453,4b9373104ae28eff212a831dece345f64ac9ca6d4379adf5d160f45a14fdbee1
word_problems_59|D2,word_problems_59,word_problems,hard,D2,D,A,False,A,A,-3.209144487977028,1.8413030058145523,-0.21389304101467133,-3.5761613845825195,-2.0551960468292236,-3.423037528991699,e138c2fcc1d003ad0bad9bdadc22a707994ec4492e00927d9b23c6105620b526
word_problems_59|D3,word_problems_59,word_problems,hard,D3,D,A,False,A,A,-2.930149033665657,1.9467029124498367,-0.2447529286146164,-2.826587677001953,-2.191455841064453,-3.1749019622802734,daae4ea77deedddcae720ce67736664c4f637d80be19f8d3a67da816a80fa2d4
word_problems_59|D1,word_problems_59,word_problems,hard,D1,D,A,False,A,A,-3.1815415620803833,2.3153475522994995,-0.1711355447769165,-3.331951856613159,-2.486483097076416,-3.3526771068573,33c7d8ca2ce60aa568ce5fda13a0b70958f798413d330c0af9f9cdc7ab68eb88
scientific_facts_34|B,scientific_facts_34,scientific_facts,medium,B,C,,False,C,C,0.3590850830078125,,-1.7468169927597046,-1.128221869468689,-0.7691367864608765,-3.3814375400543213,3094f2f0f901ba4ee6afc5635731a54680b8b0c8f540f319bffb61ca7a600410
scientific_facts_34|D2,scientific_facts_34,scientific_facts,medium,D2,C,C,False,C,C,1.6530781388282776,1.6530781388282776,-3.191880702972412,-1.9070450067520142,-0.2539668679237366,-3.4002034664154053,97ab974bc317a2784a784755fae29e9bc57d52b988cbe8b29fdf3025830f4fc2
scientific_facts_34|S0,scientific_facts_34,scientific_facts,medium,S0,C,C,True,C,C,1.4683647751808167,1.4683647751808167,-1.9908045530319214,-1.8850517272949219,-0.4166869521141052,-3.028278350830078,f554cdc4a525726890f2728bbbb27de853edf43bbd9ef5cfa9496d09b049d909
scientific_facts_34|DP,scientific_facts_34,scientific_facts,medium,DP,C,C,False,C,C,0.7994423508644104,0.7994423508644104,-1.6459672451019287,-1.4770162105560303,-0.6775738596916199,-2.8995816707611084,07aea43cf0ef185f999d0a4a8b774cf3017cd3ba0d74c205c33e70299802b47f
scientific_facts_34|D3,scientific_facts_34,scientific_facts,medium,D3,C,C,False,B,B,-0.061798095703125,-0.061798095703125,-2.38411808013916,-0.8245267868041992,-0.8863248825073242,-2.942610740661621,72659ba6b134ff7534e57828adf2e3748460d1145843b417c5815c7c0232ebc8
scientific_facts_34|D1,scientific_facts_34,scientific_facts,medium,D1,C,C,False,C,C,0.5040969252586365,0.5040969252586365,-3.4143967628479004,-1.078924536705017,-0.5748276114463806,-2.7842278480529785,df6bab86f7c0405f668038d18d45429c12f1f16199f8c3c46de85733d090d346
scientific_facts_34|D0,scientific_facts_34,scientific_facts,medium,D0,C,C,False,C,C,0.3844280242919922,0.3844280242919922,-3.1480553150177,-1.0838558673858643,-0.6994278430938721,-2.3497936725616455,6cf8b6e409ac6246a7559e3184d980c9ad5f5cae69d49c7c3b8a49ea4f42c45b
word_problems_71|B,word_problems_71,word_problems,hard,B,B,,False,B,B,4.61137985996902,,-4.6405792236328125,-0.02919936366379261,-6.373921871185303,-5.763463497161865,5cd221b5b55dc88d1f603090238eb558a382afd1960acb5ff89c8ba6a65f54eb
word_problems_71|S0,word_problems_71,word_problems,hard,S0,B,B,True,B,B,4.510189024731517,4.510189024731517,-4.530821323394775,-0.020632298663258553,-5.71557092666626,-6.445827960968018,4ab4925bc626748bc880fcaf331130caadb0764715aadaa2b7822bf3e2bcb223
word_problems_71|DP,word_problems_71,word_problems,hard,DP,B,B,False,B,B,4.43572617135942,4.43572617135942,-4.464216709136963,-0.028490537777543068,-6.149096965789795,-5.838308811187744,88e9e140b9a8de7c0f0df07e738f73d5a87d712762b0ec5c75767ec25b3b9289
word_problems_71|D2,word_problems_71,word_problems,hard,D2,B,B,False,B,B,5.178005295805633,5.178005295805633,-5.190521717071533,-0.012516421265900135,-6.230123996734619,-5.64677095413208,8feea7212775462376d30c10e191c5efbf1b26d7328666d957d4095150a028d8
word_problems_71|D0,word_problems_71,word_problems,hard,D0,B,B,False,B,B,4.2333260625600815,4.2333260625600815,-5.249646186828613,-0.15502633154392242,-6.8544416427612305,-4.388352394104004,7b91d377b24d6b49655ee28aabc49935b00e57137eccf0fd813448bfe65e3a4a
word_problems_71|D1,word_problems_71,word_problems,hard,D1,B,B,False,B,B,5.631070850882679,5.631070850882679,-5.638172149658203,-0.007101298775523901,-7.047708988189697,-6.650206089019775,90a631b6796655fcee56a67f33d3aaee35dec2f0101b52b6370f4ef5406a1de9
word_problems_71|D3,word_problems_71,word_problems,hard,D3,B,B,False,B,B,5.340602822601795,5.340602822601795,-5.3543009757995605,-0.01369815319776535,-6.725003719329834,-6.660754680633545,fe9f9bfdea4c742c9e0c5aa2128346e3f12d06ca6500c5e53202877870ecb2f2
analogies_28|B,analogies_28,analogies,medium,B,C,,False,C,C,8.561710985377431,,-8.584502220153809,-9.753278732299805,-0.022791234776377678,-10.073415756225586,a439882cc592891f0b122a5a0ebe543c2d0101f855b38ea3b1fde052049614ae
analogies_28|D0,analogies_28,analogies,medium,D0,C,C,False,C,C,8.562602765858173,8.562602765858173,-8.580934524536133,-9.676790237426758,-0.018331758677959442,-9.37144660949707,f46d1d9a0d05100060c9274300ea1b1cc228c996eb796d5a1099256ed7f9a12f
analogies_28|D2,analogies_28,analogies,medium,D2,C,C,False,C,C,9.582473793067038,9.582473793067038,-9.593539237976074,-10.78565788269043,-0.01106544490903616,-10.692219734191895,587b953f7cf88eca499d8cb33b62ce3b8ebba9157f7e7f06669747dc4d6dbe36
analogies_28|D1,analogies_28,analogies,medium,D1,C,C,False,C,C,7.975821051746607,7.975821051746607,-8.00428295135498,-8.88314151763916,-0.028461899608373642,-8.449708938598633,e27f4294457b65d81663b3ce18900181033bb18b31d9d6b292999fe946c60599
analogies_28|DP,analogies_28,analogies,medium,DP,C,C,False,C,C,7.856376349925995,7.856376349925995,-8.0377197265625,-9.413670539855957,-0.18134337663650513,-9.327306747436523,2c0ac79a1f0fb1b5ed601951060792dae24052aab3826d496f5c1880d17db1c1
analogies_28|S0,analogies_28,analogies,medium,S0,C,C,True,C,C,8.252107604872435,8.252107604872435,-8.253843307495117,-9.376813888549805,-0.0017357026226818562,-9.118121147155762,722fd74ab68e737ce7dcd8bc7cb9b9a7632c5174e36e536822ec31b932b7ad54
analogies_28|D3,analogies_28,analogies,medium,D3,C,C,False,C,C,7.038272832520306,7.038272832520306,-7.040548801422119,-7.743147373199463,-0.0022759689018130302,-7.7637715339660645,c7eddebb45737eee33195226b0ef315c261decbb8b3d45681601c058ea4f7fca
scientific_facts_71|B,scientific_facts_71,scientific_facts,hard,B,C,,False,C,C,0.8345412611961365,,-1.4257807731628418,-2.9229960441589355,-0.5912395119667053,-1.9126068353652954,14a311825911559e58725ffbf428518630761b4b09749d8d28025b81d3e4006a
scientific_facts_71|DP,scientific_facts_71,scientific_facts,hard,DP,C,C,False,C,C,0.814146101474762,0.814146101474762,-1.335353970527649,-2.9306869506835938,-0.521207869052887,-2.499856948852539,8fa3ef6d922ff0f0170c714decc7aeb368b68e77a5fc2d49d3703ed4e2333e84
scientific_facts_71|S0,scientific_facts_71,scientific_facts,hard,S0,C,C,True,C,C,2.014482542872429,2.014482542872429,-2.2582614421844482,-3.8861641883850098,-0.24377889931201935,-2.5140788555145264,5cb8de245a69e1b99d05ff6aeb593e42a5b2e4e2902e16024e5cb42fe3a6c41e
scientific_facts_71|D2,scientific_facts_71,scientific_facts,hard,D2,C,C,False,C,C,1.4320374131202698,1.4320374131202698,-1.775704264640808,-3.28181529045105,-0.34366685152053833,-2.4953925609588623,ce0016e22b660ebbc1ce67325c3fd57510345d04136223d807a477a039c7cc2c
scientific_facts_71|D0,scientific_facts_71,scientific_facts,hard,D0,C,C,False,C,C,0.6982041001319885,0.6982041001319885,-2.4876561164855957,-3.7574143409729004,-0.6094440817832947,-1.3076481819152832,32b6a2a0d9980153dd76a000593903b193c73b56daebcc576955f94a29620c6e
scientific_facts_71|D1,scientific_facts_71,scientific_facts,hard,D1,C,C,False,C,C,1.116886168718338,1.116886168718338,-1.5451141595840454,-3.1720728874206543,-0.4282279908657074,-2.397998332977295,f59963476b2a5e99757ceefbebc4827b6b7113b1802729123e4fcaa90e4bebd9
scientific_facts_71|D3,scientific_facts_71,scientific_facts,hard,D3,C,C,False,C,C,1.3343448638916016,1.3343448638916016,-1.8056089878082275,-2.650444269180298,-0.471264123916626,-1.9848673343658447,1538957d43091801a1993c43ff73301ccfa662fc90a47ca315fc2732f09a876b
basic_math_44|B,basic_math_44,basic_math,medium,B,C,,False,C,C,1.3543168008327484,,-1.6773407459259033,-2.932572603225708,-0.3230239450931549,-3.3662807941436768,dcb896762112c383a756b14fcddfec67164e73c4dd3b09e72ccf9c32c1c1d7bd
basic_math_44|D2,basic_math_44,basic_math,medium,D2,C,C,False,C,C,1.3059998154640198,1.3059998154640198,-1.6564385890960693,-2.857898473739624,-0.35043877363204956,-3.079789876937866,576df56056dc4394f996a3b2ac863021402a6dc0fddc34b87726cf2c1487bff3
basic_math_44|DP,basic_math_44,basic_math,medium,DP,C,C,False,C,C,0.9802703261375427,0.9802703261375427,-1.4122787714004517,-2.812122106552124,-0.43200844526290894,-3.270040273666382,a57009f0b49f60999a174a0e22e4a0dcc5f6ae5661384e362b43aa5a5db7b5d9
basic_math_44|D3,basic_math_44,basic_math,medium,D3,C,C,False,C,C,1.4764709770679474,1.4764709770679474,-1.8662431240081787,-2.1382405757904053,-0.3897721469402313,-3.0367543697357178,e1c61e79549720c3da30e98376d3bdd885ee000287aed851c36fb345a9f5eb69
basic_math_44|S0,basic_math_44,basic_math,medium,S0,C,C,True,C,C,2.0340175330638885,2.0340175330638885,-2.196739673614502,-3.7352547645568848,-0.1627221405506134,-4.3688740730285645,179e07f21b8f87caf5afacc717b0fd358502566f25a8998bc7e5194efa83c736
basic_math_44|D0,basic_math_44,basic_math,medium,D0,C,C,False,C,C,1.0019988715648651,1.0019988715648651,-1.4355401992797852,-3.3938207626342773,-0.43354132771492004,-2.6840333938598633,28430593b240df23bd278ecb5cfdd0792d75d76593f083e8d2686731800dd2ea
basic_math_44|D1,basic_math_44,basic_math,medium,D1,C,C,False,C,C,1.4526748359203339,1.4526748359203339,-1.7932779788970947,-2.6185762882232666,-0.34060314297676086,-3.037149667739868,7a9d5e5c3e0f951cc5d308e4f73bb33b1cd84e7bd05aa977533f7f005b85153e
basic_math_4|B,basic_math_4,basic_math,easy,B,C,,False,C,C,1.1609821319580078,,-2.7692770957946777,-1.502526879310608,-0.3415447473526001,-6.208280086517334,92dc0e90a39c1166bca84548de73eac19e686d9485482cf42ede06451c3352c0
basic_math_4|D1,basic_math_4,basic_math,easy,D1,C,C,False,C,C,1.1267890334129333,1.1267890334129333,-2.2944297790527344,-1.5263938903808594,-0.399604856967926,-4.629587173461914,2c268ec878b3e0d6d42d5d37d0093c7c3059f811454f9970d0edaee448acb642
basic_math_4|S0,basic_math_4,basic_math,easy,S0,C,C,True,C,C,2.481401413679123,2.481401413679123,-2.636751651763916,-2.700439929962158,-0.1553502380847931,-5.871415615081787,e73be04eb206de78e2067bd270b41edd7816c277d9fbf4c7439dc024fab2a63d
basic_math_4|DP,basic_math_4,basic_math,easy,DP,C,C,False,C,C,1.0555534064769745,1.0555534064769745,-2.153559446334839,-1.4914518594741821,-0.43589845299720764,-5.2638840675354,1ae4ca57d5cb7efd0d7344ee5281791f8a91322a0c13d8b56c52a30dc67e28d1
basic_math_4|D2,basic_math_4,basic_math,easy,D2,C,C,False,C,C,1.343236893415451,1.343236893415451,-2.2480523586273193,-1.6960502862930298,-0.35281339287757874,-4.990209102630615,2e2cf802d950f035415873e2f081bff906739ef1f6da546d6e7af3c1eb84567d
basic_math_4|D0,basic_math_4,basic_math,easy,D0,C,C,False,C,C,1.1518822610378265,1.1518822610378265,-2.239042282104492,-1.5682659149169922,-0.41638365387916565,-4.427286148071289,3f90cff2c91fd9d47aa123b827c8b630cb2c908d6fa96e6025a4d4943b5c4387
basic_math_4|D3,basic_math_4,basic_math,easy,D3,C,C,False,C,C,0.704864501953125,0.704864501953125,-2.3228445053100586,-1.2253791093826294,-0.5205146074295044,-4.495287895202637,e6206e36e224b02b7d49c97cfad5591df35ab6b3ea9629d9ff4f65d3062f2e83
word_problems_69|B,word_problems_69,word_problems,hard,B,B,,False,A,A,-1.8047847151756287,,-0.7128344178199768,-2.5176191329956055,-1.0219203233718872,-3.824955940246582,233dfa107af94286897f70b910973b00707a9ec68b9f9e6311b0cc8a89d6c5f8
word_problems_69|D2,word_problems_69,word_problems,hard,D2,B,A,False,A,A,-2.379625380039215,0.29699134826660156,-0.6211201548576355,-3.0007455348968506,-0.9181115031242371,-4.632409572601318,af3d6a4abeefdc41a3f3e05fb09b198ada9744cd02f5f121b88f6788a99d3410
word_problems_69|D0,word_problems_69,word_problems,hard,D0,B,A,False,A,A,-2.0474987030029297,0.39508819580078125,-0.7094202041625977,-2.7569189071655273,-1.104508399963379,-2.809262275695801,35fa869a94e2ee2b619a637aa0dfb27c32a91aa09d68de805ab3e89503202888
word_problems_69|D3,word_problems_69,word_problems,hard,D3,B,A,False,A,A,-1.4514790177345276,0.21909719705581665,-0.7378188967704773,-2.189297914505005,-0.956916093826294,-3.938288927078247,9987e040703922ff2201201661f891c99e4bd0d3094027bab7b05b9a419579cd
word_problems_69|S0,word_problems_69,word_problems,hard,S0,B,A,True,A,A,-2.036018431186676,0.4443569779396057,-0.5910841822624207,-2.6271026134490967,-1.0354411602020264,-4.174093723297119,03504f1204cd7a623f16c5bd424a8098701895e1c4055a832b480cd76ab0dfc8
word_problems_69|DP,word_problems_69,word_problems,hard,DP,B,A,False,A,A,-1.9521845579147339,0.7006111145019531,-0.6325949430465698,-2.5847795009613037,-1.333206057548523,-4.071889877319336,bbf5f6db858b26d5307f7e2ce7a15c1c55fc71cad7dfc01243495a32d0fe98dd
word_problems_69|D1,word_problems_69,word_problems,hard,D1,B,A,False,A,A,-2.115590989589691,0.4367312788963318,-0.5877042412757874,-2.7032952308654785,-1.0244355201721191,-4.3653244972229,39ca7b64a915810827a1246e37a917a1fb1d067be5c63bbebfc84fe67f122963
logical_reasoning_28|B,logical_reasoning_28,logical_reasoning,medium,B,C,,False,C,C,6.5879745138809085,,-6.756041526794434,-8.713006019592285,-0.01413253415375948,-6.602107048034668,50a2f2a4c9b18c03bc92c15ea1e660092c3162ccc13e432ef8caaa4ff4ea5f2c
logical_reasoning_28|D1,logical_reasoning_28,logical_reasoning,medium,D1,C,C,False,C,C,5.506597559899092,5.506597559899092,-7.291561603546143,-8.540101051330566,-0.008844811469316483,-5.515442371368408,1bd6948eef3cdaea9f8f8c2196f44c3252ef28e415d080bedcf0a96c410600f0
logical_reasoning_28|D2,logical_reasoning_28,logical_reasoning,medium,D2,C,C,False,C,C,7.165844053030014,7.165844053030014,-7.867214202880859,-9.420282363891602,-0.0026644766330718994,-7.168508529663086,02fd10c357622483647817cc4c071aa2401f44ecc4dee4b7c6b48caade0de4aa
logical_reasoning_28|D0,logical_reasoning_28,logical_reasoning,medium,D0,C,C,False,C,C,5.86411660304293,5.86411660304293,-6.522809028625488,-8.03978157043457,-0.005530423019081354,-5.869647026062012,08133a205b5403ac1b7cb283d4563b1bb00b51f457147ad1c9737ec1a23ef63a
logical_reasoning_28|D3,logical_reasoning_28,logical_reasoning,medium,D3,C,C,False,C,C,4.843595430254936,4.843595430254936,-6.272716045379639,-6.608636379241943,-0.012784555554389954,-4.856379985809326,10109c37959b0c22c3b27869d3a75613c841552c0a75717c96b5fe06f737a6c3
logical_reasoning_28|S0,logical_reasoning_28,logical_reasoning,medium,S0,C,C,True,C,C,7.15397855755873,7.15397855755873,-7.156093120574951,-8.645682334899902,-0.0021145630162209272,-7.258887767791748,67c6ec3dcc6656529bc99c3af81e7283b7fb244e3f3ca417b4306983a58b2aae
logical_reasoning_28|DP,logical_reasoning_28,logical_reasoning,medium,DP,C,C,False,C,C,6.383930115029216,6.383930115029216,-6.838225364685059,-8.32529067993164,-0.029484840109944344,-6.41341495513916,df5957d0e2c2dd52e6f6496e5773bc199895695dd7c84e4639e509696b864919
word_problems_42|B,word_problems_42,word_problems,medium,B,C,,False,C,C,0.659835934638977,,-1.1967623233795166,-4.9581298828125,-0.5369263887405396,-3.270292282104492,49789a79217413afea9f834cab4b29a76cd6209709e2947df1ba92935d024adf
word_problems_42|D1,word_problems_42,word_problems,medium,D1,C,C,False,C,C,0.4419116973876953,0.4419116973876953,-0.9814044237136841,-5.359921455383301,-0.5394927263259888,-3.46368145942688,4bc9dbd62c4b5c05aa7c99842019893a20b8eed17294aa1cbe78c8a8a855fdff
word_problems_42|DP,word_problems_42,word_problems,medium,DP,C,C,False,C,C,0.5901089310646057,0.5901089310646057,-1.1707217693328857,-5.010499477386475,-0.58061283826828,-3.3315494060516357,6f91feca04d73c08866b404912175a0269f31b0f0dfc566490fc728891e81ff4
word_problems_42|S0,word_problems_42,word_problems,medium,S0,C,C,True,C,C,2.5158825293183327,2.5158825293183327,-2.6158969402313232,-5.7218708992004395,-0.10001441091299057,-4.097046375274658,97100c6f7589281bba7e12218dd1daf96daa872f6c7d7d3df6665faec44e3054
word_problems_42|D3,word_problems_42,word_problems,medium,D3,C,C,False,C,C,0.43151283264160156,0.43151283264160156,-0.9793371558189392,-4.820655345916748,-0.5478243231773376,-3.37178373336792,590f8d4dad9ff3f2f6515966cef50f1239b92552a3ea2bd69821a4389109f324
word_problems_42|D2,word_problems_42,word_problems,medium,D2,C,C,False,C,C,0.7509231567382812,0.7509231567382812,-1.167024850845337,-5.456386566162109,-0.41610169410705566,-3.8164236545562744,1084b2d58827235ba9f5e1ea3db1ccf951ac75904cda639132f0bff6cce727e8
word_problems_42|D0,word_problems_42,word_problems,medium,D0,C,C,False,C,C,0.7951201796531677,0.7951201796531677,-1.2651938199996948,-5.765838623046875,-0.4700736403465271,-3.2287750244140625,370ddecc4d2a908200cd748362599b6bf5ce807e236ce2c579c9aa8e7b02ceec
word_problems_41|B,word_problems_41,word_problems,medium,B,A,,False,A,A,4.920484714210033,,-0.061357803642749786,-5.739796161651611,-4.981842517852783,-5.391246795654297,55382011af466fb168cb83562e6374b38cc5f45425ab0d5775ade3ea5126afd0
word_problems_41|D1,word_problems_41,word_problems,medium,D1,A,A,False,A,A,6.57988930400461,6.57988930400461,-0.0061330730095505714,-6.837416648864746,-6.58602237701416,-7.024004936218262,acba83d2b00faa851b1cae08172e1333d2aa06bd9ecb5d6f82ea635ad50727d1
word_problems_41|DP,word_problems_41,word_problems,medium,DP,A,A,False,A,A,4.69739531353116,4.69739531353116,-0.04033995792269707,-5.201943874359131,-4.737735271453857,-5.647218227386475,08d9f86fff1c421eaa73ce86c6fa8915f00be34ceee995b59ca03f116c1b6541
word_problems_41|D0,word_problems_41,word_problems,medium,D0,A,A,False,A,A,6.80141531676054,6.80141531676054,-0.05679858475923538,-7.128493785858154,-7.6655192375183105,-6.858213901519775,8327b4725c834152f05bb0982476101978cf02955609740277e59f0b38767deb
word_problems_41|S0,word_problems_41,word_problems,medium,S0,A,A,True,A,A,5.283134221099317,5.283134221099317,-0.01081156823784113,-6.130930423736572,-5.293945789337158,-7.084734916687012,3fe6bf7dd13846155cce3cabd133a17b79ada4dd1eb2dc436c383d8f085a1530
word_problems_41|D3,word_problems_41,word_problems,medium,D3,A,A,False,A,A,6.599376469384879,6.599376469384879,-0.0070206825621426105,-6.60748815536499,-6.6063971519470215,-6.795119762420654,32b55bea625858b14a38247258a8232e70b7499fe97e1d18dfaabfc049ac384f
word_problems_41|D2,word_problems_41,word_problems,medium,D2,A,A,False,A,A,5.651413146406412,5.651413146406412,-0.007958706468343735,-6.41138219833374,-5.659371852874756,-6.505471706390381,91b28c17870870100b6090a4cbe25c616143953f2bd3e5c7115bfdb8ad8c4620
basic_math_42|B,basic_math_42,basic_math,medium,B,A,,False,C,C,-0.8974551558494568,,-1.415105938911438,-2.0195789337158203,-0.5176507830619812,-3.599031686782837,5c6c3708c1c50b02e382585511dc02bd3060c0762a512d985d69ecc0c11ba178
basic_math_42|D2,basic_math_42,basic_math,medium,D2,A,C,False,C,C,-1.2903136312961578,1.2903136312961578,-1.6457728147506714,-2.4616451263427734,-0.35545918345451355,-3.9848861694335938,64f6e4fb7905215cffc65f8dd76525cc1245415b78970b8ae578b9e29045ab81
basic_math_42|DP,basic_math_42,basic_math,medium,DP,A,C,False,C,C,-1.0177459716796875,1.0177459716796875,-1.5254322290420532,-1.9575554132461548,-0.5076862573623657,-3.4217946529388428,b10a19e567d2fc703282ca078c08968a8e37ea64572e0e91426d6d53513340e1
basic_math_42|D1,basic_math_42,basic_math,medium,D1,A,C,False,C,C,-1.1237907111644745,1.1237907111644745,-1.5981308221817017,-2.1132426261901855,-0.4743401110172272,-2.9692816734313965,caa1caee270064ad0db46a212883dc2e2c407c13786044e8a328fc821dab5923
basic_math_42|D0,basic_math_42,basic_math,medium,D0,A,C,False,C,C,-1.5182380378246307,1.5182380378246307,-1.9231712818145752,-2.484729051589966,-0.40493324398994446,-2.823279619216919,312af55a4439db3ad69b3562c15018c3c20d54e078c28b36a6a8952ca00244d3
basic_math_42|S0,basic_math_42,basic_math,medium,S0,A,C,True,C,C,-1.9262276589870453,1.9262276589870453,-2.2030725479125977,-2.379452705383301,-0.27684488892555237,-3.5694663524627686,72286aafe2119eed5da11324d7b9d4989b9b91a1338a76e0c49a15d0c68e5e09
basic_math_42|D3,basic_math_42,basic_math,medium,D3,A,C,False,C,C,-1.227256715297699,1.227256715297699,-1.6772676706314087,-2.0752570629119873,-0.4500109553337097,-3.0637595653533936,0faa69f7c6e94321a1de64fdfe782336f565a98b9eb691a7e43846e2e97f71e3
analogies_44|B,analogies_44,analogies,medium,B,D,,False,D,D,4.843051876872778,,-5.672443866729736,-6.640699863433838,-4.898361682891846,-0.055309806019067764,fd97f681cd26fc89604031cad82435dcec265c0a652b9a790f384e3c25d490ac
analogies_44|DP,analogies_44,analogies,medium,DP,D,D,False,D,D,4.2308961153030396,4.2308961153030396,-5.247033596038818,-5.97626256942749,-4.684096813201904,-0.45320069789886475,aa1e4b1ea1645ffeb39dc4e153351439680ba61648c3edab9bb43cada7bf967e
analogies_44|S0,analogies_44,analogies,medium,S0,D,D,True,D,D,5.629756911657751,5.629756911657751,-6.528538227081299,-7.509077548980713,-5.637665271759033,-0.007908360101282597,10ee1e78f8515491c4f152f0c461acf8f2927501137c8b8ee8d2a7e90cfaf9fd
analogies_44|D1,analogies_44,analogies,medium,D1,D,D,False,D,D,5.266248404979706,5.266248404979706,-5.995386123657227,-6.750085830688477,-5.431463241577148,-0.16521483659744263,dc1be4ccdeca49225561f37a9371e21939a0f45b4786a223faaafae0f7e48a2f
analogies_44|D2,analogies_44,analogies,medium,D2,D,D,False,D,D,5.715448249131441,5.715448249131441,-6.113645076751709,-7.216466426849365,-5.761115550994873,-0.04566730186343193,860258026c63c3c1053ce9af943d5d2d40f3c79b0e395ff1294f8f7fcfe255d8
analogies_44|D0,analogies_44,analogies,medium,D0,D,D,False,D,D,5.905658881179988,5.905658881179988,-6.629872798919678,-6.768641948699951,-5.913776874542236,-0.008117993362247944,43fcf56d54b9f3bdf902f70e292ed79d724c7a979c22c7fed686b1c5c3f94a9e
analogies_44|D3,analogies_44,analogies,medium,D3,D,D,False,D,D,5.037506017833948,5.037506017833948,-5.218113422393799,-5.757147312164307,-5.053686618804932,-0.016180600970983505,7f40ed86b8ea0dee55798e4736781f712e88182cf4bdd221dbb8237e8ccb0ce4
scientific_facts_66|B,scientific_facts_66,scientific_facts,hard,B,D,,False,C,C,-2.4700431525707245,,-1.6305221319198608,-5.266348361968994,-0.3074820339679718,-2.7775251865386963,58c3a485562f80d8f69a0cf616e7792836b07d6b1b8e12d7daf38b15ce5b132d
scientific_facts_66|DP,scientific_facts_66,scientific_facts,hard,DP,D,C,False,C,C,-2.832555800676346,1.4759388267993927,-1.7435705661773682,-5.273809432983398,-0.26763173937797546,-3.1001875400543213,d92c7d7376a7d6563b0a59c2c6b88254453addc4e1284e7e675a0972034ed056
scientific_facts_66|S0,scientific_facts_66,scientific_facts,hard,S0,D,C,True,C,C,-3.2850532829761505,2.3500786125659943,-2.489335060119629,-5.387551307678223,-0.13925644755363464,-3.424309730529785,27b2689422bcee80e6b878bc9ba135fc202ecd48a492ce4bad1675a92cb8dff7
scientific_facts_66|D0,scientific_facts_66,scientific_facts,hard,D0,D,C,False,C,C,-2.9910983592271805,2.9910983592271805,-3.37567138671875,-6.818357467651367,-0.15069584548473358,-3.141794204711914,a251d12f58c5c9dd8e35c6b9c0057eec5aa441af0c4356e64ca9ca816df587a7
scientific_facts_66|D2,scientific_facts_66,scientific_facts,hard,D2,D,C,False,C,C,-3.4293327182531357,2.538654312491417,-2.6479458808898926,-5.972534656524658,-0.10929156839847565,-3.5386242866516113,e9a08c5b6f37d0c369b7d34f1badac69992f6704b910cf0a102a62475a276f1b
scientific_facts_66|D3,scientific_facts_66,scientific_facts,hard,D3,D,C,False,C,C,-2.8712425529956818,2.22825625538826,-2.3901309967041016,-4.985517501831055,-0.16187474131584167,-3.0331172943115234,62fb4357003e0a4e06e6ca7747fe72eccfaee52cc99e952a4313fd7496db770d
scientific_facts_66|D1,scientific_facts_66,scientific_facts,hard,D1,D,C,False,C,C,-3.0562400817871094,2.0540428161621094,-2.2207982540130615,-5.843722820281982,-0.16675543785095215,-3.2229955196380615,586a740d894056a8d475befc3c3f3f76ffc4a339839fad073fc5ddc23b477a10
logical_reasoning_16|B,logical_reasoning_16,logical_reasoning,medium,B,A,,False,A,A,5.662429658696055,,-0.022385748103260994,-7.504448890686035,-6.846489906311035,-5.684815406799316,8b234b0150e86a4cd97ab449adb35f373b8a24ed20df74bb769daf680d5a3160
logical_reasoning_16|D2,logical_reasoning_16,logical_reasoning,medium,D2,A,A,False,A,A,9.194614166859537,9.194614166859537,-0.0008518747054040432,-9.896380424499512,-9.566790580749512,-9.195466041564941,eeab2626232c3c31ff03945aa1d2ce155dbdfe2e5aaca9bf3afa28b8185d4b66
logical_reasoning_16|D0,logical_reasoning_16,logical_reasoning,medium,D0,A,A,False,A,A,7.527129199588671,7.527129199588671,-0.0019707416649907827,-8.050922393798828,-7.529099941253662,-8.561797142028809,6d0e503bc9b2a24689c4c6cfefb3b7b90b812bfc2e2eb8f8aa64e652045a801d
logical_reasoning_16|D1,logical_reasoning_16,logical_reasoning,medium,D1,A,A,False,A,A,6.88803470460698,6.88803470460698,-0.0024410453625023365,-8.120168685913086,-7.853211879730225,-6.890475749969482,cd3080ee334849de1e01ebe99a74f1a3f46cd9aa5e0267e44b38048bffcea68a
logical_reasoning_16|DP,logical_reasoning_16,logical_reasoning,medium,DP,A,A,False,A,A,7.150827321689576,7.150827321689576,-0.006424036342650652,-7.698337554931641,-7.363054275512695,-7.157251358032227,a30f33a2d9518f9044c2748c7f37a5334453de78df9d4444ed9ea5eb91d1a1e0
logical_reasoning_16|S0,logical_reasoning_16,logical_reasoning,medium,S0,A,A,True,A,A,7.45117360400036,7.45117360400036,-0.0012447233311831951,-8.501893043518066,-7.452418327331543,-8.295496940612793,b98401b861b7a330e8d458a92620cfebf617cb470621b899ba3187dad7429caf
logical_reasoning_16|D3,logical_reasoning_16,logical_reasoning,medium,D3,A,A,False,A,A,5.055564936250448,5.055564936250448,-0.00929206982254982,-6.779151439666748,-6.701137065887451,-5.064857006072998,644dd74ac6c3050b73658fa11b0da9e484fc0f5093a604d0bf2c724953a2eb93
basic_math_0|B,basic_math_0,basic_math,easy,B,C,,False,C,C,1.0727691650390625,,-1.399374008178711,-5.357269287109375,-0.32660484313964844,-4.251018524169922,c9a8eb666c2d5b061747f7ba2b829cb21ac7f2de38f6582d88e88f8ebeb33f73
basic_math_0|D0,basic_math_0,basic_math,easy,D0,C,C,False,C,C,1.8075810074806213,1.8075810074806213,-1.991600751876831,-5.87211275100708,-0.18401974439620972,-3.9193408489227295,867451bc527dfc474c564874340a8ab9d9fe499d4bb42861839dd71cdc1ca230
basic_math_0|D2,basic_math_0,basic_math,easy,D2,C,C,False,C,C,1.1778163611888885,1.1778163611888885,-1.4621049165725708,-5.506664276123047,-0.28428855538368225,-4.754055023193359,6f9a08a5bfb2b66349831f8151eaad022e7a024bf4d06df24d786f05e1ecb3c1
basic_math_0|D1,basic_math_0,basic_math,easy,D1,C,C,False,C,C,0.7875996232032776,0.7875996232032776,-1.1909816265106201,-5.076975345611572,-0.40338200330734253,-3.975092649459839,6ef0ab8aad1ac5839e48a58f27d35398e1ac02b1706d01dcd671037ed1334002
basic_math_0|D3,basic_math_0,basic_math,easy,D3,C,C,False,C,C,0.929935485124588,0.929935485124588,-1.3089494705200195,-4.3273115158081055,-0.3790139853954315,-3.503178596496582,06d4056104b70303a0f0da2fd26d2cd3743e0215df44cca4635b56c891a03fb4
basic_math_0|DP,basic_math_0,basic_math,easy,DP,C,C,False,C,C,0.6956920921802521,0.6956920921802521,-1.156729817390442,-5.218031883239746,-0.4610377252101898,-4.087920188903809,25ef7925bec04f0a25dcf6b2d767b9703ef164f326325e6e7d4a1967602e834d
basic_math_0|S0,basic_math_0,basic_math,easy,S0,C,C,True,C,C,2.864824205636978,2.864824205636978,-2.9411261081695557,-4.804195880889893,-0.07630190253257751,-4.648746967315674,aaecadae5f5fee82ef3f96ef31761bd7bf92d3d8650ca510f0a4eae640b16189
scientific_facts_19|B,scientific_facts_19,scientific_facts,medium,B,C,,False,C,C,0.444801390171051,,-1.2313768863677979,-1.6908551454544067,-0.7865754961967468,-2.798290491104126,bd4d6e5c1851d418e764d0fbf5f54296ba20cd099ef91ec444c5a749c79ed31c
scientific_facts_19|D3,scientific_facts_19,scientific_facts,medium,D3,C,C,False,C,C,0.6001777648925781,0.6001777648925781,-1.5166330337524414,-1.3815640211105347,-0.7813862562179565,-2.68887996673584,25591cec7877f53a60493945a7eb5e6b8f425d0fc480b98c064286fcbdecc19f
scientific_facts_19|D0,scientific_facts_19,scientific_facts,medium,D0,C,C,False,C,C,0.23298078775405884,0.23298078775405884,-1.1449105739593506,-2.056487798690796,-0.9119297862052917,-2.421508550643921,a6ec3619d268d5cdd0dd6d90201c9d99b8b28e78c66297bcc8e13c0d5f04cbd9
scientific_facts_19|DP,scientific_facts_19,scientific_facts,medium,DP,C,C,False,C,C,0.36729806661605835,0.36729806661605835,-1.192828893661499,-1.7643163204193115,-0.8255308270454407,-2.7067201137542725,bbe7921cf563f9f2c80e4d6d6fd550f0e043d2044b28d118f9a5583089fa05bc
scientific_facts_19|D2,scientific_facts_19,scientific_facts,medium,D2,C,C,False,C,C,1.13627427816391,1.13627427816391,-1.9385104179382324,-1.642640471458435,-0.5063661932945251,-2.872588634490967,7a16bab8cf71cb807e0e35455736abff28fad7c6d749e3aee92f79553eb8474d
scientific_facts_19|S0,scientific_facts_19,scientific_facts,medium,S0,C,C,True,C,C,0.07817643880844116,0.07817643880844116,-0.9169787764549255,-2.1022396087646484,-0.8388023376464844,-3.214712142944336,7bde928dc1df091aa93c04a0ddc0c5056ebdfc22485b98e2131ebadfd8caf714
scientific_facts_19|D1,scientific_facts_19,scientific_facts,medium,D1,C,C,False,C,C,0.6014214754104614,0.6014214754104614,-1.2879127264022827,-1.8149932622909546,-0.6864912509918213,-2.8923513889312744,7e4e640281d8e3f68c3a6c9c212369f852d185abea966b873766f554f9021a2f
logical_reasoning_67|B,logical_reasoning_67,logical_reasoning,hard,B,B,,False,B,B,2.3895703107118607,,-3.3465869426727295,-0.17012088000774384,-2.5596911907196045,-4.0631585121154785,286ddd2bdc5f593932ceb5373dcd3487428aeabd4e4d43185a108a87a6d2c3d4
logical_reasoning_67|DP,logical_reasoning_67,logical_reasoning,hard,DP,B,B,False,B,B,2.8040751293301582,2.8040751293301582,-3.66695237159729,-0.12195026129484177,-2.926025390625,-3.927633285522461,894cbec50261ef62d5d48d75d0af1fc2bc1f9de1438250ada7c6415e3d6146d0
logical_reasoning_67|S0,logical_reasoning_67,logical_reasoning,hard,S0,B,B,True,B,B,4.00148019939661,4.00148019939661,-4.039504528045654,-0.03802432864904404,-4.085973262786865,-6.375513553619385,1ca49b6425ab45a0f498e8d59bbe0a6bd65e91dd757ff5f1ee4bf67ccb3b56ed
logical_reasoning_67|D3,logical_reasoning_67,logical_reasoning,hard,D3,B,B,False,B,B,3.132137142121792,3.132137142121792,-3.743741035461426,-0.09417644888162613,-3.226313591003418,-3.8061342239379883,4370e3ce1ca06d9af2473211af16727fae3aabb531906e267e2e8a4bb754eb1c
logical_reasoning_67|D0,logical_reasoning_67,logical_reasoning,hard,D0,B,B,False,B,B,2.83120147138834,2.83120147138834,-4.0107340812683105,-0.09596975892782211,-2.927171230316162,-4.464206218719482,2fb3aa9bc74d85c3c28270db14dabd28ab2a71abbb29ee7eb2fcaba42f98d5e2
logical_reasoning_67|D1,logical_reasoning_67,logical_reasoning,hard,D1,B,B,False,B,B,3.5892086550593376,3.5892086550593376,-4.387364864349365,-0.06437463313341141,-3.653583288192749,-3.857835292816162,15220fb6eb7c7f9370e63d774e04852c9ea01b3ad64544c80c8e35a2adc167ca
logical_reasoning_67|D2,logical_reasoning_67,logical_reasoning,hard,D2,B,B,False,B,B,3.8587360493838787,3.8587360493838787,-4.449562072753906,-0.04092620685696602,-3.8996622562408447,-5.363811492919922,781a0a40833dda6a635e3f846670e57b7d45cab88a657ffc86ea6d7f7321b39b
analogies_0|B,analogies_0,analogies,easy,B,C,,False,C,C,3.0976219177246094,,-3.267777919769287,-4.99666166305542,-0.17015600204467773,-4.26245641708374,c4e1aa8d8c6d4a832dc921ab4e125bcea84f2ef468f55f530fd154915611b6ca
analogies_0|S0,analogies_0,analogies,easy,S0,C,C,True,C,C,5.15974423661828,5.15974423661828,-5.173462390899658,-6.288992404937744,-0.013718154281377792,-5.423048496246338,f3d0a0b631abdf314c589b34c80b6e7bd5ffaf05684642e27d4cdc45327e2cf7
analogies_0|D0,analogies_0,analogies,easy,D0,C,C,False,C,C,4.297632068395615,4.297632068395615,-4.333283424377441,-5.407567024230957,-0.03565135598182678,-4.679327964782715,4fb0c8cd5c6d919c514a00c467582216fe780b99ca5d2d00e50f430824328877
analogies_0|D2,analogies_0,analogies,easy,D2,C,C,False,C,C,4.771468944847584,4.771468944847584,-4.887110710144043,-6.2863569259643555,-0.1156417652964592,-5.450644493103027,34bafa2bfc8496e81627e8241e5b1f426afcf7de34b4135335d7b1e2e0be608b
analogies_0|DP,analogies_0,analogies,easy,DP,C,C,False,C,C,2.4275646209716797,2.4275646209716797,-3.1982429027557373,-4.415827751159668,-0.7706782817840576,-3.86759352684021,0d67a1b7f7634c98676f079901d3245e262af62e44f471f7ac3ce97bf90aca20
analogies_0|D3,analogies_0,analogies,easy,D3,C,C,False,C,C,4.208921488374472,4.208921488374472,-4.240490913391113,-5.511689186096191,-0.03156942501664162,-4.452761650085449,59cc3979d738a867e9a9cc1f1bcadc7edfa64d18d823a5d03126e679a9e60dd9
analogies_0|D1,analogies_0,analogies,easy,D1,C,C,False,C,C,3.677103191614151,3.677103191614151,-3.8095669746398926,-5.018335819244385,-0.13246378302574158,-4.0656418800354,64da639b20c53d7f9c1eb2ae781fbc6f9db5611f8e6e6079b5a72b926195e3f1
basic_math_47|B,basic_math_47,basic_math,hard,B,B,,False,C,C,-1.0900535583496094,,-2.8589446544647217,-1.455580472946167,-0.3655269145965576,-4.265713691711426,ed4cac0be55f758d9b50ff8bd17315e679e98cab31291dd0a765c309e1f3c0ab
basic_math_47|D2,basic_math_47,basic_math,hard,D2,B,C,False,C,C,-1.2302913963794708,1.2302913963794708,-3.886185646057129,-1.533629298210144,-0.3033379018306732,-3.806481122970581,9c0d1a4c5aac96d2388b93895f3b75b54dcf2b26856500dbe893f40526f3d280
basic_math_47|D1,basic_math_47,basic_math,hard,D1,B,C,False,C,C,-0.8133601546287537,0.8133601546287537,-3.54241943359375,-1.2498435974121094,-0.4364834427833557,-3.3710365295410156,e3469882f8a35a3b935eec835c2ec07e50c1ee58f13e0fab8cb5421d3502e466
basic_math_47|S0,basic_math_47,basic_math,hard,S0,B,C,True,C,C,-1.9690322577953339,1.9690322577953339,-3.58851957321167,-2.1421236991882324,-0.17309144139289856,-5.144195079803467,3446ba09115bfdd8e06a50175563927163143e21ae40cd4b84453323d52e546b
basic_math_47|D3,basic_math_47,basic_math,hard,D3,B,C,False,C,C,-0.5856038331985474,0.5856038331985474,-3.3862433433532715,-1.0891166925430298,-0.5035128593444824,-3.803962230682373,cd23406658edfe24d09368d7cd66289f7f8ad73d8ede3aa7ba7d870958da3d7e
basic_math_47|D0,basic_math_47,basic_math,hard,D0,B,C,False,C,C,-0.8845978081226349,0.8845978081226349,-3.927238941192627,-1.344500184059143,-0.4599023759365082,-3.173067569732666,e97e5ec243709b830edc01872912f64989d634afbc5f391d9d7c8de907abcf24
basic_math_47|DP,basic_math_47,basic_math,hard,DP,B,C,False,C,C,-1.1949405074119568,1.1949405074119568,-3.0724987983703613,-1.5361924171447754,-0.3412519097328186,-3.939610004425049,0d8f6e333439ba334673ef789b0a5f7a4b9cb270e24478185332426886365a49
logical_reasoning_0|B,logical_reasoning_0,logical_reasoning,easy,B,C,,False,C,C,4.97449092566967,,-5.039968490600586,-7.273368835449219,-0.06547756493091583,-6.9656147956848145,b80c05478e9487c84cb64f2b7793fa0f0083ac1ddce0ab7fefd2971a3d761a69
logical_reasoning_0|D0,logical_reasoning_0,logical_reasoning,easy,D0,C,C,False,C,C,5.61314225429669,5.61314225429669,-5.620209217071533,-7.409231185913086,-0.0070669627748429775,-6.966054439544678,f69c93227ec58c1acfa79a6a93eb929f17570b9251898eac368592bbc81090c4
logical_reasoning_0|D1,logical_reasoning_0,logical_reasoning,easy,D1,C,C,False,C,C,5.654731530696154,5.654731530696154,-5.664455890655518,-7.472318172454834,-0.009724359959363937,-6.5548295974731445,37a39cf7b06b30971c545eb9d6f64d10ec2462252c9ef89b040f60be325265bb
logical_reasoning_0|D2,logical_reasoning_0,logical_reasoning,easy,D2,C,C,False,C,C,6.499723194399849,6.499723194399849,-6.502399444580078,-8.783584594726562,-0.0026762501802295446,-8.531389236450195,2f53104e7c05c3d9705aa32379945e37b4727491c3f63acbc71edf1bb7f8ffff
logical_reasoning_0|DP,logical_reasoning_0,logical_reasoning,easy,DP,C,C,False,C,C,5.315225714817643,5.315225714817643,-5.331538200378418,-7.462803840637207,-0.016312485560774803,-7.206719398498535,05647b3a099d8f752f709e11626b05be435c90ec5546251c65b611b6c0beae5d
logical_reasoning_0|D3,logical_reasoning_0,logical_reasoning,easy,D3,C,C,False,C,C,4.802358706481755,4.802358706481755,-4.817232608795166,-6.1669487953186035,-0.014873902313411236,-6.012665271759033,67c1f2ca77f793ce3c8121268fd9751316da150288dbfe3d70a5eec12cba559c
logical_reasoning_0|S0,logical_reasoning_0,logical_reasoning,easy,S0,C,C,True,C,C,5.3936328939162195,5.3936328939162195,-5.399805068969727,-7.633747100830078,-0.00617217505350709,-7.566465377807617,7cc02ca6ed11f87d701b2e83f9ff6ffb8f04a67061dbf25858e324dbf995abb2
reading_comprehension_11|B,reading_comprehension_11,reading_comprehension,easy,B,A,,False,A,A,5.8947427570819855,,-0.15625259280204773,-8.21971321105957,-6.050995349884033,-6.468689441680908,6ad68c57205ec3e492c92adb4639a5387cdf32a6ff29315712166a3e81fb0a19
reading_comprehension_11|S0,reading_comprehension_11,reading_comprehension,easy,S0,A,A,True,A,A,6.452495663892478,6.452495663892478,-0.005746752489358187,-7.8171844482421875,-6.458242416381836,-7.186927795410156,db40353e37957eac5703a94304e8dcea3778567f6dc71afa2f18938b2d8b8a52
reading_comprehension_11|D1,reading_comprehension_11,reading_comprehension,easy,D1,A,A,False,A,A,5.284088239073753,5.284088239073753,-0.0853656679391861,-6.687180042266846,-5.3694539070129395,-5.738464832305908,bdfe219373fea8575f74095c5c4f12adcaa0af29815ae4baf328c65ba73de0e7
reading_comprehension_11|D3,reading_comprehension_11,reading_comprehension,easy,D3,A,A,False,A,A,4.255164921283722,4.255164921283722,-0.03379029035568237,-5.335765361785889,-4.288955211639404,-4.38264799118042,7b0e85fe6d5878fe34cdc7bb5ef511ffddd83f7f05e1584bf101a3bbcd827fd2
reading_comprehension_11|D0,reading_comprehension_11,reading_comprehension,easy,D0,A,A,False,A,A,6.256021315231919,6.256021315231919,-0.020926659926772118,-7.3436279296875,-6.276947975158691,-6.485503196716309,ad13502eab61597b83b6579fc2887dc024e92b53ffc19dcdd1b59d16997ea7df
reading_comprehension_11|DP,reading_comprehension_11,reading_comprehension,easy,DP,A,A,False,A,A,4.814886152744293,4.814886152744293,-0.14339441061019897,-6.347583770751953,-4.958280563354492,-5.671630859375,4c4080e33d1be7e0184a61e0d7862c4874166621ed9a998364d96ef1a78fbf91
reading_comprehension_11|D2,reading_comprehension_11,reading_comprehension,easy,D2,A,A,False,A,A,6.161666653584689,6.161666653584689,-0.006071784067898989,-8.053004264831543,-6.167738437652588,-7.428736686706543,67be76335485279bceb1ad0c9e3804997c5d5a07a83eaabf527029ede39245db
basic_math_48|B,basic_math_48,basic_math,hard,B,B,,False,C,C,-0.4334545135498047,,-2.148026943206787,-1.2418951988220215,-0.8084406852722168,-2.6827330589294434,e4b5b73e2582777288c5f34f4de38bed2b84d2f6ae8d81310a59f16af1a012c3
basic_math_48|DP,basic_math_48,basic_math,hard,DP,B,C,False,C,C,-0.23505598306655884,0.23505598306655884,-2.250079393386841,-1.187217116355896,-0.9521611332893372,-2.252561092376709,1e95d9060a2f74f13fefc9cc30af361ed126d48f72d35727cba53850f630e78a
basic_math_48|D2,basic_math_48,basic_math,hard,D2,B,C,False,C,C,-0.15575599670410156,0.15575599670410156,-3.0365355014801025,-0.9447080492973328,-0.7889520525932312,-2.28633713722229,7c6dc36413af1b11f1d30bc0434ff36de4e8f80f4482cc931c8f102c62f80530
basic_math_48|S0,basic_math_48,basic_math,hard,S0,B,C,True,C,C,-0.9473342299461365,0.9473342299461365,-2.1878926753997803,-1.5640007257461548,-0.6166664958000183,-1.9962249994277954,841d1bc930c0c8655e9b520849f59c40b826660ed3434c22f810850c5961203c
basic_math_48|D1,basic_math_48,basic_math,hard,D1,B,C,False,C,C,-0.12868493795394897,0.12868493795394897,-2.6277730464935303,-1.0266759395599365,-0.8979910016059875,-1.8844716548919678,e3aa677662a7866d74f02b2265b7f3f9be0ecce5836122524603dd94794d5182
basic_math_48|D0,basic_math_48,basic_math,hard,D0,B,C,False,C,C,-0.1304435133934021,0.1304435133934021,-3.4438984394073486,-1.048514723777771,-0.9180712103843689,-1.7058442831039429,b47c30e332b6c328015325b5f6275685a927b92259cbad4fd4f3bff717f5ffbe
basic_math_48|D3,basic_math_48,basic_math,hard,D3,B,C,False,C,C,-0.365760862827301,0.365760862827301,-2.3318562507629395,-1.1400856971740723,-0.7743248343467712,-2.1558175086975098,7c009603482da95703d3b4aafd474e066c1751e8661b45742d3f8a200dd1de45
logical_reasoning_59|B,logical_reasoning_59,logical_reasoning,hard,B,B,,False,B,B,1.9302768111228943,,-2.128567934036255,-0.1982911229133606,-4.893117427825928,-2.9696667194366455,ef6a9e4d4dc3bcb0203ec7319aa128dba83e2e30f3c422bd6b39987051577441
logical_reasoning_59|D1,logical_reasoning_59,logical_reasoning,hard,D1,B,B,False,B,B,1.3677045404911041,1.3677045404911041,-1.6759142875671387,-0.30820974707603455,-3.9911532402038574,-2.883065700531006,828e5b58d133b7292cf52e1231e8a410f81500a0d41c3a9d9e3c7056560fe36e
logical_reasoning_59|S0,logical_reasoning_59,logical_reasoning,hard,S0,B,B,True,B,B,1.911602035164833,1.911602035164833,-2.092454195022583,-0.18085215985774994,-4.035630226135254,-3.9011833667755127,f8d145723ceb8ffabb10e47eb88adc70438efd4d025ff8414e7e076ebed1444c
logical_reasoning_59|D2,logical_reasoning_59,logical_reasoning,hard,D2,B,B,False,B,B,2.139680862426758,2.139680862426758,-2.325453996658325,-0.18577313423156738,-4.138606548309326,-2.925400972366333,d616b0b4a85e4c3bd9f8856be04ad5cec043b2d581808b54ee37e4e2beed9e03
logical_reasoning_59|D3,logical_reasoning_59,logical_reasoning,hard,D3,B,B,False,B,B,1.1565609574317932,1.1565609574317932,-1.5197073221206665,-0.3631463646888733,-3.9235024452209473,-2.7799668312072754,086804ae60bc89db37d3f46d7bf56160ed767025a9483c5cfaa2ac33f979bb53
logical_reasoning_59|DP,logical_reasoning_59,logical_reasoning,hard,DP,B,B,False,B,B,1.9299697279930115,1.9299697279930115,-2.1316332817077637,-0.2016635537147522,-4.381896495819092,-3.0631062984466553,f5f13f7a8aa7f157336ef9d83e518b07699300dde16e15e59c670a1f2a027f74
logical_reasoning_59|D0,logical_reasoning_59,logical_reasoning,hard,D0,B,B,False,B,B,1.0229969918727875,1.0229969918727875,-1.4366083145141602,-0.4136113226413727,-3.627017021179199,-2.9043474197387695,011c896aa4236678cf9cfa238c0ef903a3baa012cd29bb8c70e2a4901312c32a
basic_math_71|B,basic_math_71,basic_math,hard,B,D,,False,D,D,5.197300156578422,,-5.223473072052002,-5.5608086585998535,-5.212576389312744,-0.015276232734322548,5961812b43af57a337413306506ba7ce8d6dfffc0ae14b1e03fb9dfb7a154f96
basic_math_71|DP,basic_math_71,basic_math,hard,DP,D,D,False,D,D,4.987836837768555,4.987836837768555,-5.000857353210449,-5.975293159484863,-5.927189826965332,-0.013020515441894531,0c7ac1639d215b93f185f2511fb08a62f6e87d04b78a6632a28e08b99d53f07a
basic_math_71|D3,basic_math_71,basic_math,hard,D3,D,D,False,D,D,5.025547210127115,5.025547210127115,-5.045750141143799,-5.118286609649658,-5.593689441680908,-0.02020293101668358,f6672111e275f6382f70cde813e15326d5b7285a4c6b659fa55ff610b87be98c
basic_math_71|D2,basic_math_71,basic_math,hard,D2,D,D,False,D,D,5.4605502830818295,5.4605502830818295,-5.471106052398682,-5.925558567047119,-6.142296314239502,-0.010555769316852093,7dc1c18a6c8f4f398888caf615582e5a69f80f5678e542a69d657a5e41350385
basic_math_71|D1,basic_math_71,basic_math,hard,D1,D,D,False,D,D,5.599935327656567,5.599935327656567,-5.71138334274292,-5.856656551361084,-5.610592842102051,-0.010657514445483685,06941f2862d54540d88319be2d294126418d1245e473093ca0000f8022fde010
basic_math_71|D0,basic_math_71,basic_math,hard,D0,D,D,False,D,D,5.609079346060753,5.609079346060753,-5.733096599578857,-6.046731472015381,-5.69606351852417,-0.08698417246341705,1142cdd62be5c1a976d6f3fc6f1d2be428e2c1a94473287c9eaa87a24b196a1c
basic_math_71|S0,basic_math_71,basic_math,hard,S0,D,D,True,D,D,4.996127989143133,4.996127989143133,-5.578881740570068,-5.519643306732178,-5.014829158782959,-0.01870116963982582,bd6958a76f9d9533b5ebd7fe9d6ae8594cf52933cb0c2d591bf124da4faf5801
word_problems_73|B,word_problems_73,word_problems,hard,B,D,,False,C,C,-0.6199054718017578,,-1.78416109085083,-1.3921856880187988,-0.9861054420471191,-1.606010913848877,468b852a7cb913befb7a0a86c3be48fd98b609137b6902336da2b0b81b6cd684
word_problems_73|D2,word_problems_73,word_problems,hard,D2,D,C,False,C,C,-1.2083549499511719,0.916595458984375,-2.056032180786133,-1.5929584503173828,-0.6763629913330078,-1.8847179412841797,11c299b498d6a952624fa53026eed09fcbaf7bfc19163acd62727c59a33f5b43
word_problems_73|DP,word_problems_73,word_problems,hard,DP,D,C,False,C,C,-1.0072422623634338,0.4311257004737854,-1.8113977909088135,-1.3301241397857666,-0.8989984393119812,-1.906240701675415,4b620a311ae4a0257ab0b1da1b60e1d12d564de8a679add927c2e3d575986a09
word_problems_73|D1,word_problems_73,word_problems,hard,D1,D,C,False,C,C,-0.6444358229637146,0.4299069046974182,-2.159120559692383,-1.3396778106689453,-0.9097709059715271,-1.5542067289352417,5acae4ae88a9d8a661cecea27eb9b2536bf3f87a7bccbf982641ce857fe5aa53
word_problems_73|S0,word_problems_73,word_problems,hard,S0,D,C,True,C,C,-1.1240978837013245,1.1240978837013245,-2.0941531658172607,-1.9621856212615967,-0.6055933833122253,-1.7296912670135498,a48a33a862d1c16637175f071fe0df0b8632f522ffd08e3f0b48a41fa4238e6e
word_problems_73|D0,word_problems_73,word_problems,hard,D0,D,C,False,C,C,-0.47296142578125,0.47296142578125,-2.8332784175872803,-1.681177020072937,-0.8772677183151245,-1.3502291440963745,f3acc6f4df340be89d56ba3ff79d7db6b58f288d86a1713c96f1d60a64875a24
word_problems_73|D3,word_problems_73,word_problems,hard,D3,D,C,False,C,C,-0.8342571258544922,0.3802908658981323,-2.2099294662475586,-1.2650879621505737,-0.8847970962524414,-1.7190542221069336,e3a22e61ae8f81db8ffbf11a944df1f35ffd44a2e71c65ebf02c293fd00ec805
scientific_facts_39|B,scientific_facts_39,scientific_facts,medium,B,B,,False,B,B,1.9065112471580505,,-3.7956485748291016,-0.18003851175308228,-4.782787322998047,-2.086549758911133,d22a5e267c1e58a14a7328e1f896e4659d73a03f5a5a9fb609221843a02c4a73
scientific_facts_39|D1,scientific_facts_39,scientific_facts,medium,D1,B,B,False,B,B,2.4055957570672035,2.4055957570672035,-5.5279130935668945,-0.10202672332525253,-5.020684242248535,-2.507622480392456,3166d2538d2eb11327d10bc61112740102713a565a4f5c81cfea523b37afaa57
scientific_facts_39|DP,scientific_facts_39,scientific_facts,medium,DP,B,B,False,B,B,1.9407539069652557,1.9407539069652557,-3.708418607711792,-0.19072225689888,-4.559073448181152,-2.1314761638641357,6e5e08ab96e20aea8c5a735fae12312d3f1c6000751382793d53306f6ec225f9
scientific_facts_39|D3,scientific_facts_39,scientific_facts,medium,D3,B,B,False,B,B,1.837688371539116,1.837688371539116,-4.372323513031006,-0.17790348827838898,-4.4233012199401855,-2.015591859817505,5a915b956cc01a88aadf072ef065e5b4b32b4b786d282221258f0a73c1becd3d
scientific_facts_39|D2,scientific_facts_39,scientific_facts,medium,D2,B,B,False,B,B,2.656076431274414,2.656076431274414,-5.724611759185791,-0.07885980606079102,-5.184668064117432,-2.734936237335205,c72fa74d1c7e3a5f1a0d4352f10e2e0ceb1d9ef5f4cf649094f235aa15b78efe
scientific_facts_39|S0,scientific_facts_39,scientific_facts,medium,S0,B,B,True,B,B,5.233677068725228,5.233677068725228,-5.250942707061768,-0.01726563833653927,-5.498653411865234,-5.46331262588501,044b15a8312e217da1fa41b3b77adcd6fb3bcc1c9f557a284c40961ab2b1f577
scientific_facts_39|D0,scientific_facts_39,scientific_facts,medium,D0,B,B,False,B,B,2.195404052734375,2.195404052734375,-5.514677047729492,-0.1471271514892578,-5.7229156494140625,-2.342531204223633,5b7c115123da455d70ce07308096dcea3ab56a4f503c959bb94cd87975d57161
word_problems_52|B,word_problems_52,word_problems,hard,B,C,,False,B,B,-0.302040159702301,,-1.453098177909851,-0.9116590619087219,-1.213699221611023,-4.8170318603515625,a78cfcf40c3a984aa3abf1ef7945b0c79aee3b36d6309f2eb65d0fc70d14aeea
word_problems_52|D2,word_problems_52,word_problems,hard,D2,C,B,False,B,B,-0.5734442472457886,0.5734442472457886,-2.1919302940368652,-0.582908034324646,-1.1563522815704346,-4.771348476409912,e24f671f0ca3ae7126b81d84abf87a36d2d306e29d424080566b974b93935661
word_problems_52|D1,word_problems_52,word_problems,hard,D1,C,B,False,B,B,-1.2030639350414276,1.2030639350414276,-1.8898228406906128,-0.4619511663913727,-1.6650151014328003,-4.082018852233887,6a581623a4675e9dccc8c1b4ed57f6c5afc5faece908d499b7fdc219fb053345
word_problems_52|S0,word_problems_52,word_problems,hard,S0,C,B,True,B,B,-2.9325065687298775,2.9325065687298775,-3.129241466522217,-0.10532139986753464,-3.037827968597412,-5.615113735198975,c99ac389a4b7391785d60fadc169aceaf845293786cdb39a74a351a3d984be10
word_problems_52|D3,word_problems_52,word_problems,hard,D3,C,B,False,B,B,-0.9318007826805115,0.9318007826805115,-1.9641317129135132,-0.5054640173912048,-1.4372648000717163,-4.321977138519287,b52437494dda1f45468c43a23dcc3a7cb4035b8dd6a92d4ad52f022207779328
word_problems_52|DP,word_problems_52,word_problems,hard,DP,C,B,False,B,B,-0.6436176300048828,0.6436176300048828,-1.9277712106704712,-0.6837469339370728,-1.3273645639419556,-4.459173679351807,98f34c4b1b8ed5dc002b5581eadfb42f3c5bf8f45ac3333cda093e60ccb20da6
word_problems_52|D0,word_problems_52,word_problems,hard,D0,C,B,False,B,B,-0.9301510453224182,0.9301510453224182,-2.5816991329193115,-0.4847448468208313,-1.4148958921432495,-4.901813507080078,9b9a00e756e2a806f1bd5e0dc56bf6a67e0c6e74ebfba9bb861f7f15f5dd2bdc
basic_math_13|B,basic_math_13,basic_math,easy,B,D,,False,C,C,-0.3959617614746094,,-1.4380096197128296,-4.722069263458252,-0.9404395818710327,-1.336401343345642,22c579e473f6ec152568502c1a149d726d061db5c34b5d8578953ab8cfc1d8a9
basic_math_13|D1,basic_math_13,basic_math,easy,D1,D,C,False,C,C,-0.29640960693359375,0.29640960693359375,-2.396171808242798,-4.431365966796875,-0.6706048846244812,-0.967014491558075,dc747ee6393ab3af0d1e665884b85a24022ec8a2765d942a8b84afc1393c8456
basic_math_13|S0,basic_math_13,basic_math,easy,S0,D,C,True,C,C,-0.961980938911438,0.961980938911438,-2.709984302520752,-4.3517842292785645,-0.41130292415618896,-1.373283863067627,44490f228d9b41b9c260e8d6a806b8374a02f686b2b8c74da9f987dbdc6254f1
basic_math_13|D3,basic_math_13,basic_math,easy,D3,D,C,False,C,C,-0.45586585998535156,0.45586585998535156,-2.107607364654541,-4.128960132598877,-0.6465573310852051,-1.1024231910705566,e4968b2f4a42971043a2cc8004423ca9183fa72dad654e3ef3a21f93e1e6ae35
basic_math_13|DP,basic_math_13,basic_math,easy,DP,D,C,False,C,C,-0.3714256286621094,0.3714256286621094,-1.6054103374481201,-4.2217888832092285,-0.8333137035369873,-1.2047393321990967,3b4414c6ea93672c9779f3cfc1ed086e364fe3d92a6c13a13e5b7b032e2ab143
basic_math_13|D2,basic_math_13,basic_math,easy,D2,D,C,False,C,C,-0.3156699538230896,0.3156699538230896,-2.2818639278411865,-4.712798595428467,-0.6707723736763,-0.9864423274993896,4bbd5310c0bcd043e4aecdeebe68e210f4f8f5ebbd4b61970b090e782b091475
basic_math_13|D0,basic_math_13,basic_math,easy,D0,D,C,False,C,C,-0.2690945267677307,0.2690945267677307,-3.0378634929656982,-5.213358402252197,-0.6654726266860962,-0.9345671534538269,3476bb08b5a9288a7d5567d811bbf2233b9bf36e5528b87e343b8756b8ee7642
word_problems_39|B,word_problems_39,word_problems,medium,B,C,,False,A,A,-0.2876167893409729,,-0.8444417119026184,-1.8397152423858643,-1.1320585012435913,-3.291532039642334,4b071f9583bcd1c3bf93d955ca5d83e6320db0a19f119e123fc8810a0acc91a3
word_problems_39|S0,word_problems_39,word_problems,medium,S0,C,A,True,A,A,-0.349311888217926,0.349311888217926,-0.7520478367805481,-1.9319031238555908,-1.1013597249984741,-3.016371965408325,70026902b52cafc43449ca12f34c69a0e0649dc244c93571de0fc604ab74410f
word_problems_39|D3,word_problems_39,word_problems,medium,D3,C,A,False,A,A,-0.04748547077178955,0.04748547077178955,-1.0377535820007324,-1.3783564567565918,-1.085239052772522,-2.9573092460632324,9cda9baea50df60da9f9f297d5962b1c22ac6d76c2226b4fb554eabfbadf33a9
word_problems_39|D2,word_problems_39,word_problems,medium,D2,C,A,False,C,C,0.05465120077133179,-0.05465120077133179,-0.9221474528312683,-1.907123327255249,-0.8674962520599365,-3.5053632259368896,05d2c7ad11540ba8371905518b93cd0174f11452fb27329cf4ee3a67b9937317
word_problems_39|D1,word_problems_39,word_problems,medium,D1,C,A,False,A,A,-0.17726314067840576,0.17726314067840576,-0.8491826057434082,-1.7680457830429077,-1.026445746421814,-3.2073216438293457,cbe128f98ab665b4f810be8f0187211532326f2b9fe2c7a8b0e7685ecda856b3
word_problems_39|D0,word_problems_39,word_problems,medium,D0,C,A,False,C,C,0.25638580322265625,-0.25638580322265625,-1.2040693759918213,-1.798107385635376,-0.947683572769165,-2.2238028049468994,3977a9b9bb0fe1182b0147d5e4c58c49614cd56c81f445fd105f47f4c3572577
word_problems_39|DP,word_problems_39,word_problems,medium,DP,C,A,False,A,A,-0.4265593886375427,0.4265593886375427,-0.8048725724220276,-1.8877164125442505,-1.2314319610595703,-3.4004385471343994,16d074a345bdb66bb043f6f065368140850a4f23c6a57bbfed50bf5105043756
basic_math_31|B,basic_math_31,basic_math,medium,B,D,,False,A,A,-0.8268356025218964,,-0.3693460524082184,-6.00807523727417,-5.8095622062683105,-1.1961816549301147,486a568ad85c9f82d537b9e6b4a81e6f50c8689c9a29c14f2ed88202169f1918
basic_math_31|D1,basic_math_31,basic_math,medium,D1,D,A,False,A,A,-1.8040008395910263,1.8040008395910263,-0.15601743757724762,-6.684797286987305,-6.574888229370117,-1.960018277168274,fdbdb8037ea39a928a09fc3672f4608e2b607d877546066fedf86461322c8e89
basic_math_31|DP,basic_math_31,basic_math,medium,DP,D,A,False,A,A,-1.326999694108963,1.326999694108963,-0.24113377928733826,-6.348898887634277,-6.565438270568848,-1.5681334733963013,2eddb8d79dc02bd2e93bdc5ab0996d60b094445069358d63e4c46ec957eb9380
basic_math_31|D2,basic_math_31,basic_math,medium,D2,D,A,False,A,A,-1.7627106308937073,1.7627106308937073,-0.16091030836105347,-7.11704683303833,-6.92544412612915,-1.9236209392547607,e986aa36480c7167e73a8bd4d8d03f0bf935e6125f67271bbc9943cf231b4def
basic_math_31|S0,basic_math_31,basic_math,medium,S0,D,A,True,A,A,-2.3762206360697746,2.3762206360697746,-0.10279137641191483,-5.4009480476379395,-5.565412998199463,-2.4790120124816895,61cc4954d0a5cc0760ddaf6b4321d6e0ae9e612107186ca7acfba0dcf0909405
basic_math_31|D0,basic_math_31,basic_math,medium,D0,D,A,False,A,A,-0.6547774970531464,0.6547774970531464,-0.4940524399280548,-6.649712085723877,-6.639157772064209,-1.1488299369812012,fb4695ba9650aee42b6fced425b631da00d724b75afdbffe3189f6b9aa16e2af
basic_math_31|D3,basic_math_31,basic_math,medium,D3,D,A,False,A,A,-0.9870261549949646,0.9870261549949646,-0.3235333561897278,-6.032504081726074,-5.998849391937256,-1.3105595111846924,e11a0f0a639eaf059271068995ad57f4e8ccd438da272567ad4d3006feb83e90
basic_math_20|B,basic_math_20,basic_math,medium,B,D,,False,D,D,0.748672604560852,,-3.928497314453125,-1.587350845336914,-1.4008504152297974,-0.6521778106689453,9060701d701291e415d338d8e546de197430568c81fd976540130d6b1a955dfa
basic_math_20|DP,basic_math_20,basic_math,medium,DP,D,D,False,D,D,0.832801878452301,0.832801878452301,-4.381635665893555,-1.7049272060394287,-1.4465082883834839,-0.6137064099311829,be2212d12ac29b78bcce2dcab51dba61a2b674b007c595508218daa46bd94bfd
basic_math_20|D1,basic_math_20,basic_math,medium,D1,D,D,False,D,D,1.442556381225586,1.442556381225586,-5.00956392288208,-2.1648733615875244,-1.7884162664413452,-0.3458598852157593,698f93cf2c97902faeef1d3c45d10825f47cc0613859bd501d2210e624f0f349
basic_math_20|D2,basic_math_20,basic_math,medium,D2,D,D,False,D,D,0.7497843503952026,0.7497843503952026,-5.3959197998046875,-1.7107372283935547,-1.344680666923523,-0.5948963165283203,bba34ee6b20abc26e756752f3477a8cb99e92990f48500acbc3447e2f2080212
basic_math_20|S0,basic_math_20,basic_math,medium,S0,D,D,True,D,D,1.0914173126220703,1.0914173126220703,-4.9726715087890625,-2.9747352600097656,-1.4437445402145386,-0.35232722759246826,2d7f1091045e9df896285f317195221f4b19ae9d06d4a9539854ed27f1010e8d
basic_math_20|D3,basic_math_20,basic_math,medium,D3,D,D,False,D,D,0.3856086730957031,0.3856086730957031,-4.243968963623047,-1.4812051057815552,-1.1843758821487427,-0.7987672090530396,1f6029486c0b0a92671b2a03e669f7a218012d9c34a65627a5c942810b68736b
basic_math_20|D0,basic_math_20,basic_math,medium,D0,D,D,False,D,D,1.5078525841236115,1.5078525841236115,-5.97722053527832,-2.620227813720703,-1.7985457181930542,-0.29069313406944275,5feca07d8a482d0ae47fe6547ef1bdeaa987d1c6add5b7e6eb8e0ec1da5eab87
word_problems_0|B,word_problems_0,word_problems,easy,B,C,,False,A,A,-0.16565120220184326,,-1.1596978902816772,-5.176210880279541,-1.3253490924835205,-5.556685924530029,41018044111f08ae9c3fcd104694993f3361767d94cb0b8200f725d5c2f5de13
word_problems_0|DP,word_problems_0,word_problems,easy,DP,C,A,False,C,C,0.3553466200828552,-0.3553466200828552,-1.2036024332046509,-4.872776508331299,-0.8482558131217957,-5.6766767501831055,4655fb30a1b8348492e82ea30dcb327895d5fd11d07c87629d1f2cc16727fc21
word_problems_0|D2,word_problems_0,word_problems,easy,D2,C,A,False,A,A,-0.18787384033203125,0.18787384033203125,-0.6260553002357483,-5.207233905792236,-0.8139291405677795,-5.622042179107666,ad8e1631c94b12624c657baf0ed70758777066911429ca3cdf31011cb6b4b092
word_problems_0|D3,word_problems_0,word_problems,easy,D3,C,A,False,C,C,0.04327589273452759,-0.04327589273452759,-0.7360115051269531,-4.550020217895508,-0.6927356123924255,-5.000480651855469,4cb5e30180cbfbb4bb5739afc2fb9f06ae62e2d1e659a86e8c2516b91dd68f07
word_problems_0|D0,word_problems_0,word_problems,easy,D0,C,A,False,C,C,0.46872711181640625,-0.46872711181640625,-1.0027439594268799,-5.327189922332764,-0.5340168476104736,-5.9504008293151855,22d3a4a95c898b8287ddb785ec8dc361e7c16907ed2369430dd626a4b894b9b0
word_problems_0|S0,word_problems_0,word_problems,easy,S0,C,A,True,A,A,-0.5921153724193573,0.5921153724193573,-0.44959571957588196,-5.017285346984863,-1.0417110919952393,-6.750962257385254,b8dd27d2089f05647849118790ac0aa1d65e86c894a4a0c2adcb670f9e8dfa87
word_problems_0|D1,word_problems_0,word_problems,easy,D1,C,A,False,A,A,-0.602563887834549,0.602563887834549,-0.4731256663799286,-5.239805698394775,-1.0756895542144775,-5.700021743774414,59cd0685dddc61ebff16a84ab89e448360ebc8aa033c08b5fc4de7b65d05b6a8
basic_math_49|B,basic_math_49,basic_math,hard,B,A,,False,A,A,2.716838926076889,,-0.09381094574928284,-4.179561614990234,-2.810649871826172,-4.342639923095703,bf7fe4a5eac8f4f5d62cd0809cee91f971d47d795dfb0718d7b28aff227c8fc1
basic_math_49|S0,basic_math_49,basic_math,hard,S0,A,A,True,A,A,3.193546377122402,3.193546377122402,-0.06548348814249039,-4.095850467681885,-3.2590298652648926,-5.008902072906494,67139eba51ba202fb8dc552a817088fbd691e18e15bbab72ea6dd726427a834d
basic_math_49|DP,basic_math_49,basic_math,hard,DP,A,A,False,A,A,2.4813423976302147,2.4813423976302147,-0.11958447843790054,-4.016086101531982,-2.6009268760681152,-4.146092891693115,76db935222ddf3637a933e631d66b424b7e47b6423b2610db08fa14b7af85095
basic_math_49|D1,basic_math_49,basic_math,hard,D1,A,A,False,A,A,3.8620263002812862,3.8620263002812862,-0.03723374381661415,-4.767111301422119,-3.8992600440979004,-4.980482578277588,ce6317c3e3af328413bcde092be7b241e24561c7469f984194166ede5ed9783f
basic_math_49|D3,basic_math_49,basic_math,hard,D3,A,A,False,A,A,2.585998609662056,2.585998609662056,-0.11959140002727509,-3.604027509689331,-2.705590009689331,-4.079349994659424,0582485b2a3836ed9034ac4033decd5073089a741a9faefd90db5137c1631d88
basic_math_49|D2,basic_math_49,basic_math,hard,D2,A,A,False,A,A,3.051794081926346,3.051794081926346,-0.07542893290519714,-4.1848554611206055,-3.127223014831543,-4.4156904220581055,4f825e49a793b137e1a50abb617d27cf7814147be31c2cb31ef6deb5029b4107
basic_math_49|D0,basic_math_49,basic_math,hard,D0,A,A,False,A,A,3.45967860519886,3.45967860519886,-0.06724552810192108,-4.343433380126953,-3.5269241333007812,-4.150676727294922,b92164d83799afe3f544f12500157e8afb53730726ea1ddad99af9c84bd7e1f0
logical_reasoning_65|B,logical_reasoning_65,logical_reasoning,hard,B,D,,False,D,D,1.3995323181152344,,-1.9546724557876587,-3.567612409591675,-1.8104273080825806,-0.4108949899673462,41abe15c7d7c6a6fdf8d57e4fe06f35ee4d5d101e5c036cce04bccaaff59fb41
logical_reasoning_65|D2,logical_reasoning_65,logical_reasoning,hard,D2,D,D,False,D,D,1.069770723581314,1.069770723581314,-2.4249284267425537,-2.995147466659546,-1.518186330795288,-0.448415607213974,09e018e3f08f92e0d9d4690f3d19043a52fe77d0dfb2a6d9e0da21b8fb1803b8
logical_reasoning_65|DP,logical_reasoning_65,logical_reasoning,hard,DP,D,D,False,D,D,0.9739036858081818,0.9739036858081818,-2.2499163150787354,-3.328655481338501,-1.4551146030426025,-0.4812109172344208,28c3f02edfe7be914b72278a0a3c4f5a0b7e6154da22a3b350d173b2f542ac74
logical_reasoning_65|D1,logical_reasoning_65,logical_reasoning,hard,D1,D,D,False,D,D,0.8742179274559021,0.8742179274559021,-1.9987891912460327,-3.1520674228668213,-1.4237120151519775,-0.5494940876960754,624a536f0416d2021eea54a7ff76a68e6065c78956c81a6821cc5d2e68ca1c23
logical_reasoning_65|D3,logical_reasoning_65,logical_reasoning,hard,D3,D,D,False,D,D,0.7627926468849182,0.7627926468849182,-1.835857629776001,-2.8705790042877197,-1.3957103490829468,-0.6329177021980286,93505ae1d253ddd06ec3e69b4b6a14580cd294abc996bfe78af295094ae44271
logical_reasoning_65|S0,logical_reasoning_65,logical_reasoning,hard,S0,D,D,True,D,D,2.2546537667512894,2.2546537667512894,-2.9987266063690186,-4.479996204376221,-2.419708728790283,-0.16505496203899384,b34bec8197c3ea20836f179d1a11aaaaadce5c372a930136a6480a3cc5530cb4
logical_reasoning_65|D0,logical_reasoning_65,logical_reasoning,hard,D0,D,D,False,D,D,0.2957496643066406,0.2957496643066406,-1.8677829504013062,-3.2196390628814697,-1.0828059911727905,-0.7870563268661499,b67ebffbb357e6957766273f5d05e3f4d9d798feb7167677a574d205de597952
scientific_facts_37|B,scientific_facts_37,scientific_facts,medium,B,A,,False,A,A,6.092538774013519,,-0.07450920343399048,-7.75807523727417,-6.674696445465088,-6.16704797744751,c2cb28d59726ae11ac7c0632297ff7335baee9f6a7f83721bd21e1e5d8b23118
scientific_facts_37|D2,scientific_facts_37,scientific_facts,medium,D2,A,A,False,A,A,8.245008502155542,8.245008502155542,-0.004641499370336533,-9.055030822753906,-8.249650001525879,-8.366109848022461,e445cd4f3fa44a60d93a0945e494544b0221073bc997a093383b9efe88e38f21
scientific_facts_37|DP,scientific_facts_37,scientific_facts,medium,DP,A,A,False,A,A,5.267915777862072,5.267915777862072,-0.11626143008470535,-6.5983381271362305,-5.632506370544434,-5.384177207946777,01bff3cd91d05099205eb9b0836d16179c7446384b4e7b1a427cf3f9f3bf413d
scientific_facts_37|D1,scientific_facts_37,scientific_facts,medium,D1,A,A,False,A,A,6.053995407186449,6.053995407186449,-0.01487275306135416,-7.281366348266602,-6.340424537658691,-6.068868160247803,be5a9283b8fccfb674ce54cbcd26fe5ce1f3845e64793a1d0db193f124591bed
scientific_facts_37|S0,scientific_facts_37,scientific_facts,medium,S0,A,A,True,A,A,7.086534256115556,7.086534256115556,-0.0022409018129110336,-7.717221736907959,-7.088775157928467,-7.428197383880615,93c3c9e23df26f36cce970e166c36717dcc7a70bb9a5f4426ade4a96daf2fa57
scientific_facts_37|D3,scientific_facts_37,scientific_facts,medium,D3,A,A,False,A,A,4.151638239622116,4.151638239622116,-0.025122910737991333,-5.541495323181152,-5.434070110321045,-4.176761150360107,dd5e90badb2556feface90dd4045449cb40b5cf1cd27cbe443db258500c8e6ea
scientific_facts_37|D0,scientific_facts_37,scientific_facts,medium,D0,A,A,False,A,A,6.455268809106201,6.455268809106201,-0.005396416876465082,-7.2774434089660645,-6.5872883796691895,-6.460665225982666,97628ff93a72e752ca415836336a619ff0ee705b3f22cd375f031a696e5acee8
scientific_facts_56|B,scientific_facts_56,scientific_facts,hard,B,D,,False,C,C,-1.9653244018554688,,-1.6334149837493896,-4.838523864746094,-0.3615872859954834,-2.326911687850952,c85873f3dc258e36783fcf9693f90f2c5f064860b8b155d4bdc4dc00196afdc3
scientific_facts_56|D3,scientific_facts_56,scientific_facts,hard,D3,D,C,False,C,C,-1.9497794210910797,1.5878963768482208,-1.8988879919052124,-4.577047824859619,-0.3109916150569916,-2.2607710361480713,585b18a1ceafead8ce1f4b6488bf465f056323b71c3661ec815de77c5d6b9755
scientific_facts_56|D1,scientific_facts_56,scientific_facts,hard,D1,D,C,False,C,C,-2.010814845561981,1.4973984360694885,-1.8096815347671509,-5.374729633331299,-0.31228309869766235,-2.3230979442596436,37db9d8abcd025a918b2bb577352b1d4c658b5c38f55526046824a9ee0b6e64b
scientific_facts_56|DP,scientific_facts_56,scientific_facts,hard,DP,D,C,False,C,C,-2.0033322274684906,0.9407901465892792,-1.3793367147445679,-4.920693874359131,-0.4385465681552887,-2.4418787956237793,5ab5e2bcfb4ffd99eba42c46d683ad1ae5a9dacb7e8259ccb568afa192baa969
scientific_facts_56|D0,scientific_facts_56,scientific_facts,hard,D0,D,C,False,C,C,-1.6798325181007385,1.6798325181007385,-2.506430149078369,-6.246708393096924,-0.3194870352745056,-1.9993195533752441,4558fb476a6559217399c92d6ca459f08e01aaa2a0be9152d957a0c2fbe07273
scientific_facts_56|D2,scientific_facts_56,scientific_facts,hard,D2,D,C,False,C,C,-1.985218107700348,1.825092375278473,-2.0920567512512207,-5.430027484893799,-0.2669643759727478,-2.2521824836730957,af31c141e5db324610cf7b584cc6f7ab69b236f3dbc1c963d591a6a14f266220
scientific_facts_56|S0,scientific_facts_56,scientific_facts,hard,S0,D,C,True,C,C,-2.8990020155906677,2.0821017622947693,-2.255552291870117,-5.403730392456055,-0.1734505295753479,-3.0724525451660156,359b81e9f4e5227c6bb1f9772a765e877fac96e75cb19f9b81691165b36eb1dc
scientific_facts_41|B,scientific_facts_41,scientific_facts,medium,B,C,,False,C,C,1.67228502035141,,-1.9584821462631226,-2.6596312522888184,-0.28619712591171265,-3.3926327228546143,560a3d484065734d7de4501e95f970eca7e763ff45a7629f988b20ab991ff836
scientific_facts_41|D0,scientific_facts_41,scientific_facts,medium,D0,C,C,False,C,C,2.586689054965973,2.586689054965973,-2.8175976276397705,-3.2552788257598877,-0.2309085726737976,-3.1003849506378174,57f55642e43971755dd58beac1e8974a3695baccfc04ac9588feee1e24d5a3f0
scientific_facts_41|D3,scientific_facts_41,scientific_facts,medium,D3,C,C,False,C,C,1.6520156860351562,1.6520156860351562,-1.9727833271026611,-2.4253971576690674,-0.3207676410675049,-3.1280910968780518,a47420feec1deb981432b39184d48d320f81d1bda2d154fb6490b99b144ee68c
scientific_facts_41|D1,scientific_facts_41,scientific_facts,medium,D1,C,C,False,C,C,1.5194701552391052,1.5194701552391052,-1.8113093376159668,-2.87357497215271,-0.2918391823768616,-3.476813793182373,66011409db803d9bd5148408b1f3217f0586eb51260e9f2841047a998ae4e134
scientific_facts_41|DP,scientific_facts_41,scientific_facts,medium,DP,C,C,False,C,C,1.2032699584960938,1.2032699584960938,-1.5885850191116333,-2.666883707046509,-0.38531506061553955,-3.745553970336914,a2754474ea5a2e1222101a0b41515803e784eccb58fad7abd586a0023e6c51cb
scientific_facts_41|S0,scientific_facts_41,scientific_facts,medium,S0,C,C,True,C,C,2.520175836980343,2.520175836980343,-2.6423697471618652,-3.66902494430542,-0.12219391018152237,-4.342416286468506,c816c53e9f581c3428b1fa213b56ec9069b23d62f550e9011c73e733e214cb09
scientific_facts_41|D2,scientific_facts_41,scientific_facts,medium,D2,C,C,False,C,C,2.2453058809041977,2.2453058809041977,-2.4361684322357178,-2.843454360961914,-0.19086255133152008,-3.6236629486083984,685e5890d6df8b48050d6fa0d611e27d8071d60875bf8d9d70e68e274a08b2b7
word_problems_65|B,word_problems_65,word_problems,hard,B,C,,False,A,A,-1.575221836566925,,-0.5209922194480896,-3.840177536010742,-2.0962140560150146,-3.4197022914886475,87e48c13b53feeb5333711c5fe3078734b9f04c7aa3f9c56a58898d1e5f916f0
word_problems_65|D1,word_problems_65,word_problems,hard,D1,C,A,False,A,A,-2.048542082309723,2.048542082309723,-0.19690293073654175,-3.613363027572632,-2.2454450130462646,-3.1581647396087646,12189cbb748e1fb9d33b59aab7204678bb6c4f45a7925fe446caf608081d85d7
word_problems_65|D0,word_problems_65,word_problems,hard,D0,C,A,False,A,A,-1.554840087890625,1.554840087890625,-0.297576904296875,-3.7963924407958984,-1.8524169921875,-3.015169143676758,e341b53059b17d27892fbff8babfbc31db70eafdf32fdb6249015899f2436800
word_problems_65|D3,word_problems_65,word_problems,hard,D3,C,A,False,A,A,-1.3379763960838318,1.3379763960838318,-0.3480021357536316,-2.9566543102264404,-1.6859785318374634,-2.935103178024292,d797bcb91f5cc5c348c219c35d854969c5d24bb59ad6070602aab23ec98dea56
word_problems_65|D2,word_problems_65,word_problems,hard,D2,C,A,False,A,A,-1.4110527038574219,1.4110527038574219,-0.3038654327392578,-3.3536643981933594,-1.7149181365966797,-3.1070938110351562,dc833bf96c654007fdb81e276caabc182441c41fcf642d4eeed88caac80accaa
word_problems_65|DP,word_problems_65,word_problems,hard,DP,C,A,False,A,A,-1.4730644822120667,1.4730644822120667,-0.3087638020515442,-3.2822439670562744,-1.7818282842636108,-3.365389108657837,2f15d94c76705939528cb499b2396adafd389d115718d4b2827bcfebf6ca0efa
word_problems_65|S0,word_problems_65,word_problems,hard,S0,C,A,True,A,A,-1.6588325798511505,1.6588325798511505,-0.24927029013633728,-3.26751971244812,-1.9081028699874878,-3.4191713333129883,58c12e8b2447013521718e81e9849d7c0b575a1034186bffacfa87aac44d52dc
reading_comprehension_55|B,reading_comprehension_55,reading_comprehension,hard,B,C,,False,C,C,5.156789988279343,,-5.882376194000244,-7.327892303466797,-0.04462125897407532,-5.201411247253418,5bce64ee8181a0d78c9c877815263fc1aa3a337cfb63d4ba0f478c8df506d01e
reading_comprehension_55|D2,reading_comprehension_55,reading_comprehension,hard,D2,C,C,False,C,C,5.233800921589136,5.233800921589136,-5.995575428009033,-7.19216775894165,-0.01178976520895958,-5.245590686798096,0a29f3f532715a2a4ae73f713c4458b8aabeb3de4371ca444a753718ef284023
reading_comprehension_55|D1,reading_comprehension_55,reading_comprehension,hard,D1,C,C,False,C,C,4.843888975679874,4.843888975679874,-5.6640777587890625,-7.163766860961914,-0.08251931518316269,-4.926408290863037,724a5969ce7e5f6304f0b6b19118e1012bcf5e4c8659e47841035e8b2a65c2d2
reading_comprehension_55|D3,reading_comprehension_55,reading_comprehension,hard,D3,C,C,False,C,C,4.636209512129426,4.636209512129426,-5.421338081359863,-6.421605110168457,-0.016768431290984154,-4.65297794342041,8849458e3bd7b0a0f50c7453038fb698e083eb8462150d4d4f687ec58e0e9635
reading_comprehension_55|DP,reading_comprehension_55,reading_comprehension,hard,DP,C,C,False,C,C,4.903606474399567,4.903606474399567,-5.87208890914917,-6.785617351531982,-0.1332067847251892,-5.036813259124756,07ea55aebbf55d18b7caac1c72a305d7c2fbdc4235721ef5cf4d2e623ae97ec2
reading_comprehension_55|S0,reading_comprehension_55,reading_comprehension,hard,S0,C,C,True,C,C,5.023939090780914,5.023939090780914,-5.708283424377441,-7.4301557540893555,-0.011601489968597889,-5.035540580749512,009f1f81e22e1d16feadba66efd8487aa97e48fa5de2cd06be89067065676990
reading_comprehension_55|D0,reading_comprehension_55,reading_comprehension,hard,D0,C,C,False,C,C,5.726995442062616,5.726995442062616,-6.3665947914123535,-7.6961989402771,-0.017185714095830917,-5.744181156158447,c8142818d372fd207d9d349d995a1049b31efa1ec2725a7abe0d5160f1164525
word_problems_56|B,word_problems_56,word_problems,hard,B,B,,False,B,B,4.176422256976366,,-4.215154647827148,-0.038732390850782394,-6.444136619567871,-5.2974395751953125,f475b84d7de504aa2bf6f322d5ce685ff187706e4222e7c06c292c40df281d8e
word_problems_56|D3,word_problems_56,word_problems,hard,D3,B,B,False,B,B,5.009445099160075,5.009445099160075,-5.0231242179870605,-0.01367911882698536,-7.326239109039307,-6.799346446990967,c078ac22a326f5facc3f72064ee4aad41a936f7887fb0b1f737a13e8b393f2e6
word_problems_56|D0,word_problems_56,word_problems,hard,D0,B,B,False,B,B,4.603937387466431,4.603937387466431,-4.873984336853027,-0.1359550952911377,-7.083215236663818,-4.739892482757568,648c87354e7446f5b6699139342713dbb1ae22ac8ebf3009138aa24ee76fe72a
word_problems_56|D1,word_problems_56,word_problems,hard,D1,B,B,False,B,B,5.195392566733062,5.195392566733062,-5.205221176147461,-0.00982860941439867,-7.05996036529541,-6.472185134887695,65fe3abc5becc194f5452c0fe3cc1f0a447bd2a42daaa605382012e036a5ff99
word_problems_56|D2,word_problems_56,word_problems,hard,D2,B,B,False,B,B,4.813337249681354,4.813337249681354,-4.8298444747924805,-0.0165072251111269,-6.292210578918457,-5.38649845123291,b4489dbf518b09f8e938cb45d138bb3c68553d4c5d5b9c357754f4e7cdeb6f7b
word_problems_56|DP,word_problems_56,word_problems,hard,DP,B,B,False,B,B,4.11958684772253,4.11958684772253,-4.153202056884766,-0.03361520916223526,-6.1770830154418945,-5.7249298095703125,3d77882ff93aa6ebbdff93175b6e870615e34941c50f3db9c0e76f67d1531ded
word_problems_56|S0,word_problems_56,word_problems,hard,S0,B,B,True,B,B,4.665069343522191,4.665069343522191,-4.682811260223389,-0.017741916701197624,-5.943765163421631,-6.18464994430542,7715d6f343a35c8e164a311c3aa8a95c37cd38f841c492e825dedf8660aed709
analogies_58|B,analogies_58,analogies,hard,B,A,,False,A,A,6.065933495759964,,-0.07393476366996765,-6.1739678382873535,-6.139868259429932,-6.9290642738342285,8d842c1e9d0751aacae9fa5b36185982c9384bd5391fcd1af9a481997e3870ff
analogies_58|D0,analogies_58,analogies,hard,D0,A,A,False,A,A,7.320486161857843,7.320486161857843,-0.0383695624768734,-7.358855724334717,-7.6853156089782715,-8.423284530639648,415db8d54236f1262f176d56c5928e888aa1f74340afb15662f2b3b6b7fc81bd
analogies_58|D2,analogies_58,analogies,hard,D2,A,A,False,A,A,8.492837719619274,8.492837719619274,-0.04060287028551102,-8.533440589904785,-9.522538185119629,-10.342806816101074,6cceaba7236eb4463ca88178493766dd6f228b80c2b652e1c4c4b1da70709d76
analogies_58|S0,analogies_58,analogies,hard,S0,A,A,True,A,A,7.837715134955943,7.837715134955943,-0.013647093437612057,-7.851362228393555,-8.015567779541016,-8.957223892211914,b02565fb0df4bab039a3684229926ec596209b2a786f2a27c0df52b7df2f7464
analogies_58|DP,analogies_58,analogies,hard,DP,A,A,False,A,A,6.216874957084656,6.216874957084656,-0.5135608911514282,-6.730435848236084,-7.38473653793335,-8.40887451171875,0ee19fce84f788f68fd70287610b09e9eb3193d8d5dd6d5067d5ecff7521f541
analogies_58|D3,analogies_58,analogies,hard,D3,A,A,False,A,A,6.056510762311518,6.056510762311518,-0.005623026750981808,-6.0621337890625,-7.2131805419921875,-7.641376495361328,c0084fab67fdeaa78002a08de804b05beec52453e39cbd96758d5437488ce9f7
analogies_58|D1,analogies_58,analogies,hard,D1,A,A,False,A,A,6.82858644425869,6.82858644425869,-0.22000135481357574,-7.048587799072266,-7.516895294189453,-8.287939071655273,a30750327dc05eaebaf1bdc35b6c4e4ddc2e54bd7cf8494b7575af0241a75151
basic_math_59|B,basic_math_59,basic_math,hard,B,D,,False,B,B,-0.1449260115623474,,-2.8816468715667725,-0.6928403973579407,-4.649198532104492,-0.8377664089202881,7aaaca3e10ea137194b51a815086e907e672e5165c510f76612bf57191e7e55d
basic_math_59|DP,basic_math_59,basic_math,hard,DP,D,B,False,B,B,-0.14039236307144165,0.14039236307144165,-2.604919672012329,-0.7266333699226379,-4.638868808746338,-0.8670257329940796,b6f5b50ed0a61e6851b31c9fee6a4b39918c3a6e437d7c0c4579f8547325c8e1
basic_math_59|D0,basic_math_59,basic_math,hard,D0,D,B,False,D,D,0.30448150634765625,-0.30448150634765625,-3.493995189666748,-0.9104436635971069,-4.60230016708374,-0.6059621572494507,a2cb1f3b6cf73b7b7cf3d3b540f57193772bb68923da5093b4e5bec235636cef
basic_math_59|D2,basic_math_59,basic_math,hard,D2,D,B,False,D,D,0.1834583282470703,-0.1834583282470703,-2.8759217262268066,-0.8588835000991821,-4.685156345367432,-0.6754251718521118,9066f633ce25a7345f9145f720960a5aed7fc17921b7d7c7f6f4ee3ee653f0bc
basic_math_59|S0,basic_math_59,basic_math,hard,S0,D,B,True,B,B,-2.14241786301136,2.14241786301136,-2.460305690765381,-0.23091082274913788,-3.7246909141540527,-2.373328685760498,6a45fa22a6378f3e7f94e23214f2380b59ed3326094b2288e325adfdd441d78c
basic_math_59|D3,basic_math_59,basic_math,hard,D3,D,B,False,B,B,-0.21839720010757446,0.21839720010757446,-3.0349628925323486,-0.6541473865509033,-4.500029563903809,-0.8725445866584778,c820db316317074936f4a05e25260ff5eab97a14543bf09e5964e9a3c804c141
basic_math_59|D1,basic_math_59,basic_math,hard,D1,D,B,False,D,D,0.4006844162940979,-0.4006844162940979,-3.4156715869903564,-0.9563953876495361,-4.914441108703613,-0.5557109713554382,fbe3d149290180bd76cde036a94cafae719fae3101e153780e32005d07489586
logical_reasoning_51|B,logical_reasoning_51,logical_reasoning,hard,B,C,,False,C,C,2.799959123134613,,-4.7007036209106445,-5.773566246032715,-0.49511057138442993,-3.295069694519043,01aaf5e011755255179801dbee89427557e495878d88fbc77ce005f5472e3495
logical_reasoning_51|D3,logical_reasoning_51,logical_reasoning,hard,D3,C,C,False,C,C,2.379012979567051,2.379012979567051,-4.451481342315674,-4.820457935333252,-0.11114724725484848,-2.4901602268218994,0aeb8edc3032530399c78cb90305a59b397f0c35a8965418928e9db4be4a28a5
logical_reasoning_51|D0,logical_reasoning_51,logical_reasoning,hard,D0,C,C,False,C,C,2.5299185812473297,2.5299185812473297,-4.6336541175842285,-5.724140644073486,-0.09481295943260193,-2.6247315406799316,5b72603e494a27f0deca6ce9bb8342a227d4abee11b06ae81354faed272248df
logical_reasoning_51|D2,logical_reasoning_51,logical_reasoning,hard,D2,C,C,False,C,C,3.8926962092518806,3.8926962092518806,-5.260210037231445,-5.720085144042969,-0.04201500862836838,-3.934711217880249,5eae8c4db5d9bbfce4d9fdbd060ee84bca5de41dbee3f5a1214f803dfc08961b
logical_reasoning_51|S0,logical_reasoning_51,logical_reasoning,hard,S0,C,C,True,C,C,3.8658751286566257,3.8658751286566257,-4.763499736785889,-6.115289211273193,-0.032910700887441635,-3.8987858295440674,a8a8c6fb18cf5f5945b6b2edc8a200d71e36b76fa0d4644754536c0d995ef756
logical_reasoning_51|DP,logical_reasoning_51,logical_reasoning,hard,DP,C,C,False,C,C,2.9707774817943573,2.9707774817943573,-4.748064994812012,-5.118903636932373,-0.15448883175849915,-3.1252663135528564,ca469df0fcaec964cb29d2258b49db18787be71fabba91e3542179cc117eabfd
logical_reasoning_51|D1,logical_reasoning_51,logical_reasoning,hard,D1,C,C,False,C,C,3.4363726377487183,3.4363726377487183,-5.265232086181641,-5.761360168457031,-0.07382380962371826,-3.5101964473724365,e20ee20df83e07cfa120384a73761381409d007eb4b264f8ede7226396a640e7
word_problems_43|B,word_problems_43,word_problems,medium,B,C,,False,C,C,0.2453708052635193,,-0.9503438472747803,-2.994739294052124,-0.704973042011261,-2.753864049911499,81e1b40e12f9758b8dd4ef4809d190f14a19f8ff5ca1cef14f1e4ff458482b92
word_problems_43|D3,word_problems_43,word_problems,medium,D3,C,C,False,C,C,0.5162296295166016,0.5162296295166016,-1.144395351409912,-2.542539119720459,-0.6281657218933105,-2.7855162620544434,8c08ad6dce11f695d27a519afc04b354a5b10686d4dc45999e59af3aadcd40d9
word_problems_43|D1,word_problems_43,word_problems,medium,D1,C,C,False,C,C,0.3647727966308594,0.3647727966308594,-1.0014303922653198,-2.9381561279296875,-0.6366575956344604,-3.0719547271728516,ef3d21a2466775bb7f702049fec0a525de05c6aadfe53de194a50ab5a5d0cb3e
word_problems_43|D2,word_problems_43,word_problems,medium,D2,C,C,False,C,C,0.4270630478858948,0.4270630478858948,-1.0361391305923462,-2.9255988597869873,-0.6090760827064514,-3.118656873703003,d759b4a91cbc88b235f255cd766916592f36339ec52364dff7685cb2d6c13157
word_problems_43|D0,word_problems_43,word_problems,medium,D0,C,C,False,C,C,1.206258773803711,1.206258773803711,-1.8073365688323975,-3.0301225185394287,-0.6010777950286865,-2.5378777980804443,d911bb0d971a7c097159e6a7b8d89fa35b5b32a2427123d5d047088676495bbb
word_problems_43|DP,word_problems_43,word_problems,medium,DP,C,C,False,A,A,-0.09540557861328125,-0.09540557861328125,-0.7581145763397217,-2.8650195598602295,-0.8535201549530029,-3.1538589000701904,de722ce9892c9357b1a056ae4f9b89ab1b6b2216fb0db5cbacb8302091040fec
word_problems_43|S0,word_problems_43,word_problems,medium,S0,C,C,True,C,C,1.9779299199581146,1.9779299199581146,-2.1790194511413574,-3.409564733505249,-0.2010895311832428,-3.5499913692474365,d64ba5d46c2be6a3c9cc63b7487b9b32453039751d7f3e0986857cc8582c769d
scientific_facts_69|B,scientific_facts_69,scientific_facts,hard,B,D,,False,C,C,-0.8385430574417114,,-1.787593126296997,-2.817704439163208,-0.6261379718780518,-1.4646810293197632,46fa1136195196b803b824dd8847bea3672e90c3ce2bb1af6d873e7bc3b877f8
scientific_facts_69|D3,scientific_facts_69,scientific_facts,hard,D3,D,C,False,C,C,-1.181293547153473,1.181293547153473,-1.9259742498397827,-2.6946089267730713,-0.5131743550300598,-1.6944679021835327,36bdc2666316ffe0c535a75623267a920fd3a8b7398d7aad4bc98d795dc98311
scientific_facts_69|D2,scientific_facts_69,scientific_facts,hard,D2,D,C,False,C,C,-1.3616676032543182,1.3616676032543182,-2.8225512504577637,-3.5659518241882324,-0.32218506932258606,-1.6838526725769043,208c5207afa78e46ea248d5bfb441e6e0c9e057ee14f7550f55aba814b1541c7
scientific_facts_69|D0,scientific_facts_69,scientific_facts,hard,D0,D,C,False,C,C,-1.162797898054123,1.162797898054123,-2.1736021041870117,-3.8905019760131836,-0.44416335225105286,-1.6069612503051758,6330eb949d9f176b28addb6cd7c51c5974f5a575d48654c46b144d31b8239def
scientific_facts_69|D1,scientific_facts_69,scientific_facts,hard,D1,D,C,False,C,C,-1.0150203704833984,1.0150203704833984,-2.0114758014678955,-3.279761552810669,-0.500794529914856,-1.5158149003982544,4ede12236e6bbc0d034298f612702c02df7d9581703f49bb546dc15a59bb0907
scientific_facts_69|S0,scientific_facts_69,scientific_facts,hard,S0,D,C,True,C,C,-1.6850204765796661,1.3144073784351349,-1.733729362487793,-3.29599666595459,-0.4193219840526581,-2.104342460632324,3f55f9818d266ab2845610c2cc10568f779cc7d9b93612b18f5551796ba193df
scientific_facts_69|DP,scientific_facts_69,scientific_facts,hard,DP,D,C,False,C,C,-0.9182052612304688,0.8592853546142578,-1.5460683107376099,-2.9369451999664307,-0.686782956123352,-1.6049882173538208,5aaae1461ce4c19fdf2073ec0240247ce5c6abdf32aeb3b65c76381d2f1a90df
word_problems_33|B,word_problems_33,word_problems,medium,B,D,,False,D,D,0.1232147216796875,,-1.5733720064163208,-1.8031960725784302,-1.2372666597366333,-1.1140519380569458,c1b5866548b980df4ba03c751de9bf1ccc76b693f156217e54a8338be08187d7
word_problems_33|S0,word_problems_33,word_problems,medium,S0,D,D,True,D,D,0.7378807067871094,0.7378807067871094,-2.6719162464141846,-2.483599901199341,-1.3034964799880981,-0.5656157732009888,c1a80dd222c1daf41850cc3f8ddb8dbe7aa47bac9ba84651241fdbb26fd667a6
word_problems_33|D2,word_problems_33,word_problems,medium,D2,D,D,False,C,C,-0.446281373500824,-0.446281373500824,-1.9497491121292114,-1.7619096040725708,-0.8825532793998718,-1.3288346529006958,5f02bf6086c33ac1b53572d575ed49fe74fe0473a865ea513c554e6ffe36fb4d
word_problems_33|D1,word_problems_33,word_problems,medium,D1,D,D,False,D,D,0.009654998779296875,0.009654998779296875,-2.077216625213623,-1.6878925561904907,-1.083329677581787,-1.0736746788024902,fe348479425e1f7646a21f1756401f9098087fb4ac19c8e95b7eadb34b69a756
word_problems_33|D3,word_problems_33,word_problems,medium,D3,D,D,False,C,C,-0.06413257122039795,-0.06413257122039795,-2.1799135208129883,-1.6170110702514648,-1.0521574020385742,-1.1162899732589722,18184768cba975448cd931be6430cb29c4021f02c8d714abfc8b13dc5cfd1582
word_problems_33|DP,word_problems_33,word_problems,medium,DP,D,D,False,C,C,-0.29257774353027344,-0.29257774353027344,-1.7414554357528687,-1.619728446006775,-1.0450843572616577,-1.3376621007919312,7854c88c9d167b542d747654bf24489f613d7bbe4986aae67f4ca24805e7ef7a
word_problems_33|D0,word_problems_33,word_problems,medium,D0,D,D,False,D,D,0.5988007187843323,0.5988007187843323,-3.3896026611328125,-2.3673229217529297,-1.272863507270813,-0.6740627884864807,ad80c5011e897baf0a41eb862575ab034230527004d930bcba6cf77911d63d8c
basic_math_5|B,basic_math_5,basic_math,easy,B,C,,False,C,C,3.7911930680274963,,-3.9316506385803223,-3.8444180488586426,-0.05322498083114624,-5.136610507965088,12bb9e84ef68aefb4de38c34bbc3e61e097e6b0f02c2f3c97cd5b71990927b08
basic_math_5|D2,basic_math_5,basic_math,easy,D2,C,C,False,C,C,3.9050178676843643,3.9050178676843643,-4.8222222328186035,-3.938528537750244,-0.03351067006587982,-5.777304172515869,d4bc268fd7e1e01c3c7f37514139d993217e3417b8e87fc91a4daef301b57681
basic_math_5|D1,basic_math_5,basic_math,easy,D1,C,C,False,C,C,3.688432801514864,3.688432801514864,-4.664059638977051,-3.7404110431671143,-0.05197824165225029,-5.1456403732299805,3ec51fd58b167971ad789c06c884a5de4f1e773e6f3bef2c8e9fb872331fde4c
basic_math_5|DP,basic_math_5,basic_math,easy,DP,C,C,False,C,C,3.6789779663085938,3.6789779663085938,-3.853017568588257,-3.7868268489837646,-0.1078488826751709,-5.100088119506836,c551c3e089494415da657bc15be0dba620b28db23cea1a6454c864e205125269
basic_math_5|D0,basic_math_5,basic_math,easy,D0,C,C,False,C,C,4.436037130653858,4.436037130653858,-5.455344200134277,-4.462527275085449,-0.026490144431591034,-5.1053361892700195,a33a0e27fa3df393b636891e13f206b335b839ae4a7fe94b72f730401a2bf106
basic_math_5|D3,basic_math_5,basic_math,easy,D3,C,C,False,C,C,2.786407597362995,2.786407597362995,-3.903257131576538,-2.876088857650757,-0.08968126028776169,-4.987489223480225,e544cf0db49b8811170ba03456efbc29aecf1b9dae863bd81dee140efc6a0a26
basic_math_5|S0,basic_math_5,basic_math,easy,S0,C,C,True,C,C,4.532158061861992,4.532158061861992,-5.012963771820068,-4.554036617279053,-0.021878555417060852,-5.830296993255615,a9203e40e48ce86c2790dfc28fee105e6926704054fee24e3c32c9f52c8664d3
analogies_15|B,analogies_15,analogies,medium,B,B,,False,B,B,8.079038500785828,,-8.09999942779541,-0.02096092700958252,-9.850499153137207,-10.322516441345215,885b9e232b69d9563560a8085338937f0c5a8855a47def40f252ea3477165ddf
analogies_15|D2,analogies_15,analogies,medium,D2,B,B,False,B,B,8.635030889883637,8.635030889883637,-8.647541999816895,-0.012511109933257103,-10.087367057800293,-10.716662406921387,d8fb3508b150efae3a24fc2922b12305846c881307ab8f7a8f6bc2d0ba8f1f9d
analogies_15|DP,analogies_15,analogies,medium,DP,B,B,False,B,B,6.98459056019783,6.98459056019783,-7.117569446563721,-0.1329788863658905,-8.979755401611328,-9.939519882202148,647845123bf3f1e56dbe3805449f0e492d56f0fa423b414bb484bc54711f8d27
analogies_15|D3,analogies_15,analogies,medium,D3,B,B,False,B,B,6.45189484464936,6.45189484464936,-6.4553422927856445,-0.0034474481362849474,-7.399422645568848,-7.759125709533691,a62e8ebb0671422b038a68c5d06921f859acbe3afb3b467121e0695047cc9993
analogies_15|D0,analogies_15,analogies,medium,D0,B,B,False,B,B,8.160150329116732,8.160150329116732,-8.164552688598633,-0.00440235948190093,-8.967483520507812,-9.457691192626953,9edf302b76fb31ab3c326e4bd3bb40af3d74bc78fbfeeffa625744f7deb031f5
analogies_15|S0,analogies_15,analogies,medium,S0,B,B,True,B,B,7.105687957024202,7.105687957024202,-7.107961177825928,-0.0022732208017259836,-7.750049114227295,-9.052244186401367,95b5adc6ee6855851483b94bf40bbf5535d5ac6bdd4eb0948d2056d56b504c39
analogies_15|D1,analogies_15,analogies,medium,D1,B,B,False,B,B,7.961312562227249,7.961312562227249,-8.03321647644043,-0.07190391421318054,-9.02126693725586,-10.185222625732422,1068f323bf7c0fe84042c06b1d095201da8a83be51956101f802d4c6c8b9c928
basic_math_36|B,basic_math_36,basic_math,medium,B,C,,False,C,C,5.536810132674873,,-5.54484748840332,-5.831947326660156,-0.008037355728447437,-7.494258880615234,a08df2e90335311d5b1003374245d534a603fdbb38c04a7d645f9bb19827828f
basic_math_36|DP,basic_math_36,basic_math,medium,DP,C,C,False,C,C,5.219184862449765,5.219184862449765,-5.230189800262451,-6.194118022918701,-0.011004937812685966,-6.885629177093506,baf9b915a5f782f7f011248a8b1329f4bf7ff5e47b642091d1960e5d784ba5fc
basic_math_36|D2,basic_math_36,basic_math,medium,D2,C,C,False,C,C,5.889270640909672,5.889270640909672,-5.89495325088501,-6.822368144989014,-0.005682609975337982,-7.633731365203857,6c924e535720610d51fb11422f4f0805b09e16c98d9859156af18b95bafc3882
basic_math_36|D1,basic_math_36,basic_math,medium,D1,C,C,False,C,C,6.1201933226548135,6.1201933226548135,-6.126105785369873,-6.469268321990967,-0.005912462715059519,-7.087769985198975,58e150b8e1841646aa2eb98221ad323e9c683e13cdcc31550df5a00035b6d876
basic_math_36|S0,basic_math_36,basic_math,medium,S0,C,C,True,C,C,5.766189307905734,5.766189307905734,-5.891089916229248,-5.777108192443848,-0.010918884538114071,-7.18498420715332,c4ea5651ff47dff76b1db819945792d6ef877afb31ea8ac37194b1ce88fc3d7f
basic_math_36|D3,basic_math_36,basic_math,medium,D3,C,C,False,C,C,5.467983179725707,5.467983179725707,-5.606567859649658,-5.479519367218018,-0.011536187492311,-6.781623363494873,0f4c6e45d785bd0165ecadefb58e5086d07280cf9c2f80e53378ac0311e5c6ff
basic_math_36|D0,basic_math_36,basic_math,medium,D0,C,C,False,C,C,5.72447020933032,5.72447020933032,-5.781506538391113,-6.777989387512207,-0.05703632906079292,-6.284467697143555,84d097479aa78f0233c5691bb6f3ebe5c45087b12652bdf469dddb4bd88279f7
word_problems_13|B,word_problems_13,word_problems,easy,B,A,,False,A,A,0.26883506774902344,,-0.9724377393722534,-2.725489616394043,-1.3522156476974487,-1.2412728071212769,addf5a18bb96ad7dbdfbfb5c53160238d70193ce89da88f4557e173fea25ed03
word_problems_13|D0,word_problems_13,word_problems,easy,D0,A,A,False,D,D,-1.9714508652687073,-1.9714508652687073,-2.4828333854675293,-4.049537181854248,-1.9225153923034668,-0.511382520198822,5005b97668692878a898469a1de9ec5ed34121a56aa1f02aea92f4d7f908e8b7
word_problems_13|D3,word_problems_13,word_problems,easy,D3,A,A,False,D,D,-0.3988877534866333,-0.3988877534866333,-1.3560411930084229,-2.611076593399048,-1.294225811958313,-0.9571534395217896,4a8467fe404656a370f5ea7c513d2685baad1331713cfe3908330a081d3d65f2
word_problems_13|S0,word_problems_13,word_problems,easy,S0,A,A,True,A,A,0.32741159200668335,0.32741159200668335,-0.7621459364891052,-3.408832550048828,-1.865753173828125,-1.0895575284957886,97cc011e040c767d5d8e1f77a6f95b0f45cf88b9dc41eeb09dcba877056ec8e3
word_problems_13|D2,word_problems_13,word_problems,easy,D2,A,A,False,D,D,-0.050670623779296875,-0.050670623779296875,-1.1148687601089478,-3.0015571117401123,-1.3022639751434326,-1.0641981363296509,e91b936ed3ee693080df431637ee58fa26209285767c160de7633a386c341d2a
word_problems_13|DP,word_problems_13,word_problems,easy,DP,A,A,False,A,A,0.3279094099998474,0.3279094099998474,-0.9003395438194275,-2.846212863922119,-1.46552312374115,-1.228248953819275,2e02875533985418f4fe0685719d656376e394b5f12c0c69ce741673481d441b
word_problems_13|D1,word_problems_13,word_problems,easy,D1,A,A,False,D,D,-0.24987417459487915,-0.24987417459487915,-1.1995038986206055,-3.055426597595215,-1.360732078552246,-0.9496297240257263,4522734af5a172c322a2c251cb8b6d784d867d69644ef3beff99d98203b18117
word_problems_26|B,word_problems_26,word_problems,medium,B,D,,False,D,D,2.6833857148885727,,-2.8159353733062744,-5.593754291534424,-3.711540699005127,-0.13254965841770172,d98a228e83d07674d99f9060b0ff44f72029e99bd12799eb09836304ef2d2359
word_problems_26|D0,word_problems_26,word_problems,medium,D0,D,D,False,D,D,2.977155774831772,2.977155774831772,-3.0902464389801025,-6.643817901611328,-4.504438400268555,-0.11309066414833069,268da01c456b5d7a6d8f880136acddac4a4fd084e08929081cfcf983893877ff
word_problems_26|S0,word_problems_26,word_problems,medium,S0,D,D,True,D,D,4.080347126349807,4.080347126349807,-4.111584663391113,-6.685297012329102,-4.487271308898926,-0.031237537041306496,553ee760127668794bc2194170f29c4bebd4d6a5a424b95d32dfd6182963d346
word_problems_26|D2,word_problems_26,word_problems,medium,D2,D,D,False,D,D,3.0349541381001472,3.0349541381001472,-3.110363721847534,-5.495016574859619,-3.881481885910034,-0.07540958374738693,9b96d1295afcde475afbf761a6fdeba2f4f7844815a71c77063a8869807f4eb7
word_problems_26|DP,word_problems_26,word_problems,medium,DP,D,D,False,D,D,2.542783811688423,2.542783811688423,-2.675781488418579,-5.418065071105957,-3.5254271030426025,-0.13299767673015594,c5b21685fe9006d988ea86c2e0b461a4fda9c4aa3f2a2800cf049da25e843d60
word_problems_26|D3,word_problems_26,word_problems,medium,D3,D,D,False,D,D,3.333633404225111,3.333633404225111,-3.3868391513824463,-6.007352828979492,-4.541590213775635,-0.05320574715733528,4fb473741ad0bc426957457ad51e5148934a4726f15e8c1bc4de63093d0ac0b6
word_problems_26|D1,word_problems_26,word_problems,medium,D1,D,D,False,D,D,3.239936873316765,3.239936873316765,-3.3049585819244385,-5.800559997558594,-3.8659021854400635,-0.06502170860767365,578d5cee42cb6643e821e49b3eef77734a28ab22f056a5d0cce4b0ca31488372
word_problems_32|B,word_problems_32,word_problems,medium,B,C,,False,C,C,3.739193018525839,,-3.7886879444122314,-6.338818550109863,-0.04949492588639259,-6.479142189025879,a2837897ad3110bbf59f7585f85e96dd3ebcc95974d831b917480acc7d6e42ad
word_problems_32|DP,word_problems_32,word_problems,medium,DP,C,C,False,C,C,3.744926556944847,3.744926556944847,-3.860769748687744,-6.27671480178833,-0.11584319174289703,-6.1912665367126465,ae4dfac58217aeb0349709480352c298d37b15148a68f1acec20ffdd2f2e3f0b
word_problems_32|D0,word_problems_32,word_problems,medium,D0,C,C,False,C,C,4.085159186273813,4.085159186273813,-4.121801853179932,-7.493869304656982,-0.03664266690611839,-6.101690769195557,cefc7d489cc06cd615b0639da9cb862965dcd7cbe2da8950df1c52847ee53660
word_problems_32|D1,word_problems_32,word_problems,medium,D1,C,C,False,C,C,4.267311193048954,4.267311193048954,-4.291571140289307,-6.771961688995361,-0.02425994724035263,-6.574102878570557,39c943eda038fa9de48d2f3d40c3bcfedde8b3a8a9ad6e47732ede1dd7223799
word_problems_32|D2,word_problems_32,word_problems,medium,D2,C,C,False,C,C,4.044919854030013,4.044919854030013,-4.067027568817139,-6.798544406890869,-0.022107714787125587,-6.861208438873291,4c1c8e59a6fb927c6a8fa3ba48d8aea68cddeb9fd1e379ca17fb8f70d36fe2a4
word_problems_32|D3,word_problems_32,word_problems,medium,D3,C,C,False,C,C,4.089231550693512,4.089231550693512,-4.112407207489014,-6.257022380828857,-0.02317565679550171,-6.338256359100342,4b470cb427999f94aa19c4232d8512b59864b29b2b91c0f30d8d7ded5f156f21
word_problems_32|S0,word_problems_32,word_problems,medium,S0,C,C,True,C,C,4.889267005957663,4.889267005957663,-4.902531147003174,-6.6058478355407715,-0.013264141045510769,-6.111290454864502,a1036713174e1115c2511c697d3277df3b55a24ae0ef065306fa8bf37f6f9522
reading_comprehension_65|B,reading_comprehension_65,reading_comprehension,hard,B,D,,False,D,D,5.59287241473794,,-6.243409633636475,-5.6227240562438965,-6.628746032714844,-0.02985164150595665,7bf081a21b59cf12ba5f960cc9a7d4dd52b338ec98e9c68664f2be5c2131877b
reading_comprehension_65|D2,reading_comprehension_65,reading_comprehension,hard,D2,D,D,False,D,D,5.601352464407682,5.601352464407682,-6.4412007331848145,-5.60900354385376,-6.867209434509277,-0.007651079446077347,f6bcc5d2f8d177d8957be5da4bade314a3d0c3b981d53d1885617b244477cbe1
reading_comprehension_65|S0,reading_comprehension_65,reading_comprehension,hard,S0,D,D,True,D,D,6.144218278117478,6.144218278117478,-6.151292324066162,-6.251319408416748,-6.921309947967529,-0.0070740459486842155,6c7111e08e086cbc64a717ffd2bdd8ad2f7cb1738326c65b80d134d9ff4d11b7
reading_comprehension_65|D3,reading_comprehension_65,reading_comprehension,hard,D3,D,D,False,D,D,5.250097151845694,5.250097151845694,-5.754909038543701,-5.26118803024292,-6.570781230926514,-0.011090878397226334,acc05f21941e20c979fe6a9927aea4f00b779f5feaf0572bb33436a7f33fb0aa
reading_comprehension_65|DP,reading_comprehension_65,reading_comprehension,hard,DP,D,D,False,D,D,5.475133612751961,5.475133612751961,-6.574950695037842,-5.564207553863525,-6.770504951477051,-0.08907394111156464,dadb5ab125cbe96576d0c2b648df5ba8a26b2c143966fd6c662a87fbef9462ef
reading_comprehension_65|D0,reading_comprehension_65,reading_comprehension,hard,D0,D,D,False,D,D,6.237045475281775,6.237045475281775,-6.780151844024658,-6.247192859649658,-7.938293933868408,-0.010147384367883205,c06e8632544e60951c842e9c6cd4261b9a81339ba103a69fba75ebd8bd773780
reading_comprehension_65|D1,reading_comprehension_65,reading_comprehension,hard,D1,D,D,False,D,D,4.976614095270634,4.976614095270634,-5.716733455657959,-5.100492000579834,-5.922877788543701,-0.12387790530920029,1342a9ccfdabb0f7848078cdd0338847a6d3395b251a56bda55b2ab3e1481e56
analogies_24|B,analogies_24,analogies,medium,B,D,,False,D,D,4.213445484638214,,-4.338626384735107,-5.7170939445495605,-5.571540355682373,-0.1251809000968933,4102f3d743e7b8b6bc1257be29170eb5c47f98f57c9397db4015299956cb807c
analogies_24|D0,analogies_24,analogies,medium,D0,D,D,False,D,D,4.862426619976759,4.862426619976759,-4.877375602722168,-5.942767143249512,-5.894972801208496,-0.014948982745409012,0917b9ad1a536e166f5f9b1bbbdb7eacfd580b9a37c404fc13edc6179667aa74
analogies_24|D2,analogies_24,analogies,medium,D2,D,D,False,D,D,4.421529732644558,4.421529732644558,-4.535833358764648,-5.781291961669922,-5.668872833251953,-0.11430362612009048,fb8b0a4b67d7c898537831a9b47c26657ef51c39289a5ae52cc99250e0e29ff8
analogies_24|S0,analogies_24,analogies,medium,S0,D,D,True,D,D,5.646261093206704,5.646261093206704,-5.655384063720703,-6.748403549194336,-6.1302490234375,-0.009122970513999462,e3fe6bdd4cb6d50ae1bbfcc491b90d77fc7be47629f64db8fbb138b64a11538d
analogies_24|DP,analogies_24,analogies,medium,DP,D,D,False,D,D,3.3147068917751312,3.3147068917751312,-3.777613639831543,-4.990630149841309,-4.951760292053223,-0.46290674805641174,e6689b23ba99b18e7054a0ab07c8f7b4dc7ba582a483e506ecb36f502fc5184a
analogies_24|D3,analogies_24,analogies,medium,D3,D,D,False,D,D,4.445735849440098,4.445735849440098,-4.463996887207031,-5.614665985107422,-6.298942565917969,-0.01826103776693344,87841ed39ede1f5c78b1e7fbeb6c380d66147bc56b0885a1e7eae8b90f2fbae9
analogies_24|D1,analogies_24,analogies,medium,D1,D,D,False,D,D,3.9567814245820045,3.9567814245820045,-4.064554691314697,-5.477596759796143,-5.393681049346924,-0.10777326673269272,60ab3073698e7aa9dc4bb3e777f9cc55be7c36788e33180f92fb4a8244da6f3e
reading_comprehension_40|B,reading_comprehension_40,reading_comprehension,medium,B,B,,False,B,B,6.527025221846998,,-6.539543151855469,-0.012517930008471012,-7.615522384643555,-7.449150085449219,4ceb114eb5349976d8a8d10bf460f455b67ed94402783e67af89ed42964008be
reading_comprehension_40|D1,reading_comprehension_40,reading_comprehension,medium,D1,B,B,False,B,B,6.3233755342662334,6.3233755342662334,-6.356832027435303,-0.03345649316906929,-7.3960280418396,-6.850789546966553,4c0515a2c983f65d09e5a00d4bdcd76b7a75635a2bdae32d1b53c40de5fefc3a
reading_comprehension_40|D3,reading_comprehension_40,reading_comprehension,medium,D3,B,B,False,B,B,5.229677432216704,5.229677432216704,-5.4890336990356445,-0.012722737155854702,-6.1736555099487305,-5.242400169372559,12ddf9cfb3d59f340b437a832f6f2eeec3833b99ab6e2e93b2c8db0691c94aa7
reading_comprehension_40|S0,reading_comprehension_40,reading_comprehension,medium,S0,B,B,True,B,B,5.5689755622297525,5.5689755622297525,-5.576276779174805,-0.007301216945052147,-7.011894226074219,-6.733819961547852,a231a729c2c853ab9030f40ad0dd08f248788beae5b6fd22a24e1e7553081645
reading_comprehension_40|D0,reading_comprehension_40,reading_comprehension,medium,D0,B,B,False,B,B,6.314168964512646,6.314168964512646,-6.773258686065674,-0.010769332759082317,-7.4703688621521,-6.3249382972717285,0c0cb3e4bc48654e341cc35a3051be3c7ba128c719ec740a8b990a26702adfa3
reading_comprehension_40|DP,reading_comprehension_40,reading_comprehension,medium,DP,B,B,False,B,B,5.849883954972029,5.849883954972029,-5.90477991104126,-0.05489595606923103,-6.35589075088501,-6.111258029937744,dbdc91a03e296eee1f1d47626532046416f6e3d554971a68d054b8f77027d9aa
reading_comprehension_40|D2,reading_comprehension_40,reading_comprehension,medium,D2,B,B,False,B,B,6.45375628490001,6.45375628490001,-6.458478927612305,-0.004722642712295055,-7.877351760864258,-7.662736892700195,1e4cf0631abb48fb1a9ae071a23fba241091b1a760d1d2cfa6010213ada28132
