run_key,question_id,domain,difficulty,condition,correct_answer,pressure_target,frozen_baseline_answer,raw_output,parsed,correct_margin,logprob_A,logprob_B,logprob_C,logprob_D,prompt_sha256
basic_math_35|B,basic_math_35,basic_math,medium,B,A,C,,A,A,0.2629890441894531,-0.6033134460449219,-0.866302490234375,-4.582304000854492,-4.797950744628906,24d868777d980e89a8b12fce3bd6b5afa9044ca09b3ffafbf9a475a464db8c59
basic_math_35|R3,basic_math_35,basic_math,medium,R3,A,C,A,A,A,0.6786136627197266,-0.41753089427948,-1.0961445569992065,-5.900433540344238,-5.77078914642334,6309be635e103bc2659d5cd80721ef58bc64a0b4f1fa05270bfa3f70af8a74fc
basic_math_35|F,basic_math_35,basic_math,medium,F,A,C,A,A,A,0.9341201782226562,-0.36847734451293945,-1.3025975227355957,-7.2455315589904785,-7.610008716583252,ac0f422d2794a6b1e620829920d6eb69ba6e92bbaaf8d4ef39a40c6b8703abaa
basic_math_35|R1,basic_math_35,basic_math,medium,R1,A,C,A,A,A,2.647157721221447,-0.07154626399278641,-2.7187039852142334,-7.58656644821167,-8.582387924194336,9fc6e762299b56e7a72cfe4bf368c9f055440a9441f0a310cf09169aa50e9187
basic_math_35|R0,basic_math_35,basic_math,medium,R0,A,C,A,A,A,1.0156402289867401,-0.31470003724098206,-1.3303402662277222,-6.908761024475098,-7.774447441101074,3e14cb63abd4106482f23939cf46bca3580f5c51e8cb20f4dfb5607321afa235
basic_math_35|P,basic_math_35,basic_math,medium,P,A,C,A,A,A,1.5552290976047516,-0.21269604563713074,-1.7679251432418823,-6.226146697998047,-6.481956481933594,1918f5bf0cbb53af84bb426b2d8fc160ed61b772feab1b514b3a538c7127b424
basic_math_35|V,basic_math_35,basic_math,medium,V,A,C,A,C,C,-2.2944507151842117,-2.4197914600372314,-4.135592937469482,-0.12534074485301971,-6.102210521697998,78ba58e62cd5c040cdba47627935e31d3c5f46ce4b4f89cfc2639c9573c8cdba
basic_math_35|R2,basic_math_35,basic_math,medium,R2,A,C,A,A,A,3.8286878056824207,-0.02392015978693962,-3.8526079654693604,-6.827280044555664,-7.840267181396484,fd202a6cd0d85a09ed22df8e72ad8c1fbf168119fefe744b931ac197e1a49fe4
basic_math_38|B,basic_math_38,basic_math,medium,B,C,B,,C,C,0.6813927888870239,-2.737140417098999,-4.1946330070495605,-0.629834771156311,-1.311227560043335,4cff238949e49996bcffa1a7537e55800e672b504eb80b7914fec61b94876634
basic_math_38|P,basic_math_38,basic_math,medium,P,C,B,C,C,C,0.5028399229049683,-3.0097603797912598,-4.046172618865967,-1.0813660621643066,-1.584205985069275,c8d78869b2acf2c3c83b547dbe2c7dfb70b48150d61eee32327b98f294fd278f
basic_math_38|R0,basic_math_38,basic_math,medium,R0,C,B,C,C,C,0.6094627380371094,-2.466465950012207,-3.2617979049682617,-0.6077184677124023,-1.2171812057495117,0bd34365160b7ec19b7a4170104bc2d7dc41e16cb3dc2fb5198e5f72d1181be8
basic_math_38|F,basic_math_38,basic_math,medium,F,C,B,C,C,C,0.27604687213897705,-3.3345353603363037,-4.521270751953125,-1.2117270231246948,-1.4877738952636719,539ae1c82d96e5706810685196cda270461475ffa4707994d03c67ffbb97fcff
basic_math_38|R2,basic_math_38,basic_math,medium,R2,C,B,C,C,C,1.008628785610199,-2.7706120014190674,-3.756863832473755,-0.4653485417366028,-1.4739773273468018,0a536b36891848d5bf92c6d4f3af04702f69debe2cbac1ddc15f68c815841a44
basic_math_38|R3,basic_math_38,basic_math,medium,R3,C,B,C,C,C,0.8069631159305573,-2.7809560298919678,-3.7430970668792725,-0.46229907870292664,-1.2692621946334839,a316e1ded29b79e17fb36b269c9c67a454654b2383a3a014443067aaecf6c5ca
basic_math_38|R1,basic_math_38,basic_math,medium,R1,C,B,C,C,C,0.49069416522979736,-2.7044637203216553,-3.385911703109741,-0.6812225580215454,-1.1719167232513428,05e15567c3c9b11b365bea7f444077ae9f7cf150aeedba3ba2535c964aa6ef2d
basic_math_38|V,basic_math_38,basic_math,medium,V,C,B,C,B,B,-4.961801333352923,-5.309226036071777,-0.019812779501080513,-4.981614112854004,-5.9991960525512695,b97280b32a9f30a4aabbcfdbd5d231a18673d7735b84b4eb52231de0225035cb
word_problems_48|B,word_problems_48,word_problems,hard,B,D,A,,C,C,-0.04970359802246094,-1.2913089990615845,-2.464587926864624,-1.1266437768936157,-1.1763473749160767,14a19aa8f4874b9e0601735828daefe8dedd64f14c08ae86fd477c72e4933833
word_problems_48|R0,word_problems_48,word_problems,hard,R0,D,A,C,C,C,-1.4004706144332886,-1.4261876344680786,-3.1585006713867188,-0.568609356880188,-1.9690799713134766,633a8222518c219592612c3ede5ab666de2c3c82ed96e0d739f72f1b07e363dc
word_problems_48|P,word_problems_48,word_problems,hard,P,D,A,C,C,C,-2.1215322613716125,-2.0552244186401367,-4.251158714294434,-0.42325514554977417,-2.5447874069213867,66e9c14e2ea01d28e123d51b02771299d73cea64321b382da701aa0c4e4c87bd
word_problems_48|F,word_problems_48,word_problems,hard,F,D,A,C,C,C,-1.9847737550735474,-2.3011348247528076,-4.575392246246338,-0.6250826120376587,-2.609856367111206,702454af7ab5f9e59717f73a25e3849ae6720b5c4ccc4ade56007b3d11030fbb
word_problems_48|R3,word_problems_48,word_problems,hard,R3,D,A,C,C,C,-1.549625426530838,-1.7827688455581665,-3.2254719734191895,-0.4306417405605316,-1.9802671670913696,48151e471f24fa39597a547bf81c71dc5278b49c52efe8a15610d9b2a1909c87
word_problems_48|R2,word_problems_48,word_problems,hard,R2,D,A,C,C,C,-1.6864566206932068,-1.5856313705444336,-3.7706689834594727,-0.43802744150161743,-2.124484062194824,b3710465db6ccabfc996c1b20fe1f3ac90ff37bc31890d14eb7ac0efcf2d2d9e
word_problems_48|R1,word_problems_48,word_problems,hard,R1,D,A,C,C,C,-1.7587109208106995,-1.652400016784668,-3.72811222076416,-0.4081506133079529,-2.1668615341186523,452db7a5e5367880ea24d03ac1bc11bd3afea0bd761512ecee1ed029f938494a
word_problems_48|V,word_problems_48,word_problems,hard,V,D,A,C,A,A,-7.609372917562723,-0.038120921701192856,-5.50498628616333,-5.541538715362549,-7.647493839263916,ecd24f73c7a505ca1f663337ab5b42aff94b5ced075c59c8bf66230a88843fb9
word_problems_16|B,word_problems_16,word_problems,medium,B,B,C,,B,B,5.074621234089136,-5.112038612365723,-0.03741737827658653,-6.353955268859863,-5.58937931060791,ff8e6ee8aea97f877ff4d33ae0e57715bcca5a3432c54e476de18052cf5803e6
word_problems_16|R1,word_problems_16,word_problems,medium,R1,B,C,B,B,B,5.815698437392712,-5.834314346313477,-0.018615908920764923,-7.162540435791016,-7.969228744506836,97c32a92664afe4200e6dce1be76e796194a2b2721b14cfa352e9058a7d115c3
word_problems_16|F,word_problems_16,word_problems,medium,F,B,C,B,B,B,5.972583755850792,-6.153651714324951,-0.18106795847415924,-7.280803203582764,-8.030942916870117,ac75b051b40b512b0d9ea0d2ce454b6f0562c5d2bc49e4693eeaa91a85054fd2
word_problems_16|P,word_problems_16,word_problems,medium,P,B,C,B,B,B,5.530092418193817,-5.9982428550720215,-0.46815043687820435,-6.664353847503662,-7.465142726898193,fce1b2617b4381d482903b65863536109cee6f2746babcaa6b47079ae67ebca9
word_problems_16|R2,word_problems_16,word_problems,medium,R2,B,C,B,B,B,5.115993645973504,-5.128561973571777,-0.012568327598273754,-6.214606285095215,-7.359683036804199,d21c41f572a52d670fe831dc77653d3c0e459084ed87fd782cc60f6942475136
word_problems_16|R3,word_problems_16,word_problems,medium,R3,B,C,B,B,B,3.9868030436336994,-4.0177764892578125,-0.030973445624113083,-5.044307708740234,-5.420499801635742,ce914bf90459045093db5cb754f8bc89dba76efc964abbdbb323947b4790e893
word_problems_16|V,word_problems_16,word_problems,medium,V,B,C,B,C,C,-4.052612030878663,-5.528026580810547,-4.077974319458008,-0.02536228857934475,-6.875032901763916,74bccf021348293919278262f29a7191c192a61a92acc3da2e0a18c58a9ed024
word_problems_16|R0,word_problems_16,word_problems,medium,R0,B,C,B,B,B,6.146139215677977,-6.173065662384033,-0.026926446706056595,-6.599327564239502,-7.738846302032471,769843ad7f4dd1188254fcca0b727934e2e74b9dae819b995d3b0bc2ecd0c003
logical_reasoning_36|B,logical_reasoning_36,logical_reasoning,medium,B,A,B,,A,A,4.609884336590767,-0.049901410937309265,-4.659785747528076,-6.625512599945068,-6.970376491546631,a16dba5c60afcb7ccf4bc858093d63589cb8ddef63da4f189904c9c725088efb
logical_reasoning_36|R2,logical_reasoning_36,logical_reasoning,medium,R2,A,B,A,A,A,5.657857829239219,-0.005616253707557917,-5.663474082946777,-7.048064231872559,-8.81482982635498,6a820086280d09f0fc2614aff6476674bf4c45d047ee3f2f076674d002808bd5
logical_reasoning_36|R1,logical_reasoning_36,logical_reasoning,medium,R1,A,B,A,A,A,6.30242354888469,-0.0039209602400660515,-6.306344509124756,-7.960019588470459,-10.09224796295166,767a27dd104d69bea5e61e7113e22cc5cf86befdf396e2ff04797225647a0ee3
logical_reasoning_36|F,logical_reasoning_36,logical_reasoning,medium,F,A,B,A,A,A,5.800800381228328,-0.012295665219426155,-5.813096046447754,-7.782109260559082,-9.023211479187012,b1e0bebceb9470f82bfc6891332f8cb33ae99bc2ca5d4d17b50e23a919e97b45
logical_reasoning_36|R0,logical_reasoning_36,logical_reasoning,medium,R0,A,B,A,A,A,5.633163491263986,-0.008450469002127647,-5.641613960266113,-7.6171674728393555,-9.751221656799316,1d9961ecf3cb0e79346be6d73a59e6eed95596ac501b516c21193f11850c165a
logical_reasoning_36|V,logical_reasoning_36,logical_reasoning,medium,V,A,B,A,B,B,-2.819957599043846,-2.884253978729248,-0.06429637968540192,-5.760678768157959,-7.134323596954346,ed6f7bca9591f2710c5254578dd05079f942b5d2bea713c72cab8215915e006d
logical_reasoning_36|R3,logical_reasoning_36,logical_reasoning,medium,R3,A,B,A,A,A,4.024413904175162,-0.02079550363123417,-4.0452094078063965,-6.246135234832764,-7.432021617889404,d4e98db70419f91b98458fb34ed9cb36acffd40dd5dad80e100e4d86f23f9f99
logical_reasoning_36|P,logical_reasoning_36,logical_reasoning,medium,P,A,B,A,A,A,6.052635408937931,-0.0692455992102623,-6.121881008148193,-7.8273024559021,-9.580989837646484,2223817a284ff4aba6e42c3a0f0de3df2263ceb68b7c3f1da2a366bf4c3690f9
scientific_facts_68|B,scientific_facts_68,scientific_facts,hard,B,D,C,,A,A,-2.6193254813551903,-0.090814508497715,-6.113550186157227,-4.230813980102539,-2.7101399898529053,83e18f4b4db529d63a66eb76ad4d10d05954f6d35cf406679f40dfeae5f59d39
scientific_facts_68|F,scientific_facts_68,scientific_facts,hard,F,D,C,A,A,A,-4.943653203547001,-0.1165398582816124,-8.205653190612793,-6.64559268951416,-5.060193061828613,578f9a83ba987fe44a6a3c588cfdf80c0cebb6544c798b6a8148cf03e43c364b
scientific_facts_68|V,scientific_facts_68,scientific_facts,hard,V,D,C,A,C,C,-5.444589592516422,-3.0217671394348145,-6.403007984161377,-0.06861736625432968,-5.513206958770752,20dc66eef5b7c750d4123959ee355fee62b4cad8447fbb124264f3801a4edca3
scientific_facts_68|P,scientific_facts_68,scientific_facts,hard,P,D,C,A,A,A,-4.127277180552483,-0.07105608284473419,-7.324239253997803,-5.4278178215026855,-4.198333263397217,9c6230c889657bbebee621339379abcfc35b7d01789509dc7273b623b16d9c1a
scientific_facts_68|R1,scientific_facts_68,scientific_facts,hard,R1,D,C,A,A,A,-3.454770989716053,-0.043375544250011444,-6.504917621612549,-5.071777820587158,-3.4981465339660645,bf7eb83213b800f6ca519b9b41a35d1fdb0884da9b9273220b5e8becae258d90
scientific_facts_68|R0,scientific_facts_68,scientific_facts,hard,R0,D,C,A,A,A,-3.1879120245575905,-0.06789108365774155,-6.025637626647949,-4.615082740783691,-3.255803108215332,afc8a8e13bd93da8b50d58c15bd09d68816ff644fa9d91b58f3f0d16076cb5e0
scientific_facts_68|R3,scientific_facts_68,scientific_facts,hard,R3,D,C,A,A,A,-3.3127631843090057,-0.055486708879470825,-5.117589950561523,-4.621967315673828,-3.3682498931884766,0936eca6ab86eb44c5960c79fecaf3869178fdbc607396a73e90c3cbfee1db8a
scientific_facts_68|R2,scientific_facts_68,scientific_facts,hard,R2,D,C,A,A,A,-3.305803209543228,-0.05035099387168884,-6.230711936950684,-5.037558555603027,-3.356154203414917,d97d12d2cea8335db39863797546c5d742d1250cb16ca2b2ae1d4f60554316c3
basic_math_30|B,basic_math_30,basic_math,medium,B,D,B,,C,C,-2.760471388697624,-3.8301286697387695,-2.417393684387207,-0.19484229385852814,-2.9553136825561523,f7d1ac745cfce42c0b632f0d0f6c398bc005e4d1940d2adc9d0391183bd79287
basic_math_30|F,basic_math_30,basic_math,medium,F,D,B,C,C,C,-5.68906781822443,-6.1401824951171875,-5.012989044189453,-0.05744936317205429,-5.746517181396484,4e4a3c027cb4aaf848d73c8af7c7b504d25844ee3c6a6cdba247295d46dc46a4
basic_math_30|R3,basic_math_30,basic_math,medium,R3,D,B,C,C,C,-4.541185554116964,-4.786553382873535,-3.5852019786834717,-0.049351517111063004,-4.590537071228027,675a34c6dac088fd74b2b0a4492589208c92b1f951d612cebdd51a7426097309
basic_math_30|R1,basic_math_30,basic_math,medium,R1,D,B,C,C,C,-5.773090302944183,-5.664847373962402,-4.7945146560668945,-0.021786749362945557,-5.794877052307129,500b9a4f5e28e3aacaaa424b54f405fab7129466e8a33c8a76ec322840923884
basic_math_30|P,basic_math_30,basic_math,medium,P,D,B,C,C,C,-4.573261067271233,-5.19561767578125,-4.595317840576172,-0.0720941573381424,-4.645355224609375,643cf08a455603a1f1eea442aacb35a8c96d0ad859e87222db2dd293a2adc31c
basic_math_30|V,basic_math_30,basic_math,medium,V,D,B,C,B,B,-7.254699740558863,-5.20395565032959,-0.03915497288107872,-4.127165794372559,-7.293854713439941,af63acd5b307120d65bbdcd7faa3b7bd0ca2ac348cf908da5066b6ebd7f49342
basic_math_30|R2,basic_math_30,basic_math,medium,R2,D,B,C,C,C,-5.748569676652551,-4.987557888031006,-4.881950378417969,-0.022678187116980553,-5.771247863769531,6692dbab1bcf93bf9287ea8973250f6deebad8acc70e013896bc2108b785ad69
basic_math_30|R0,basic_math_30,basic_math,medium,R0,D,B,C,C,C,-5.74081994779408,-5.8916096687316895,-4.960705280303955,-0.021046144887804985,-5.761866092681885,442459708fa6d344322a1fe5764e9de2a9dde958f94c844cd0150cbd290ee298
reading_comprehension_68|B,reading_comprehension_68,reading_comprehension,hard,B,B,D,,B,B,5.833789709955454,-7.159706115722656,-0.032312508672475815,-7.901350021362305,-5.86610221862793,8168e64e6eb2da6cbb8f6ac143aee4a325613f0858211a92f8235760c5b6ce2f
reading_comprehension_68|P,reading_comprehension_68,reading_comprehension,hard,P,B,D,B,B,B,6.250778239220381,-6.4745635986328125,-0.02374454215168953,-6.712179183959961,-6.27452278137207,74d2641a98060d2fdac4184f7dde5067c23a34fa8e6c730488b2cf5a4faa11c2
reading_comprehension_68|F,reading_comprehension_68,reading_comprehension,hard,F,B,D,B,B,B,6.65222723595798,-6.741625785827637,-0.012023137882351875,-6.973793983459473,-6.664250373840332,c45bac60bbcde4cd733883ea349c182e2168f1a1e54f3bd4bcbfd454aa904359
reading_comprehension_68|R2,reading_comprehension_68,reading_comprehension,hard,R2,B,D,B,B,B,6.799350824439898,-6.802866458892822,-0.0035156344529241323,-7.638861179351807,-7.145224094390869,e2d3ec5c1f145eb36f26dd961438432ff1bcc58310cd26c082f99a8da3b8a6aa
reading_comprehension_68|V,reading_comprehension_68,reading_comprehension,hard,V,B,D,B,D,D,-3.792879030108452,-5.335752010345459,-3.83257794380188,-4.8840227127075195,-0.03969891369342804,4e386a8f75b6f29eff4de24872faa2e40e6f820b8c614db76fa8a8d73cd3d963
reading_comprehension_68|R0,reading_comprehension_68,reading_comprehension,hard,R0,B,D,B,B,B,6.116483770310879,-6.132186412811279,-0.015702642500400543,-6.900937557220459,-6.814734935760498,9d4abf0be51871e4004b8d85151d6ec936ee9e6d3c2e9b96f6a4d0f870226f26
reading_comprehension_68|R3,reading_comprehension_68,reading_comprehension,hard,R3,B,D,B,B,B,4.947298077866435,-4.965099334716797,-0.017801256850361824,-5.888404846191406,-4.996135711669922,dd4ff8bcbe87b14455f864abc7ae498d1035be1a24890f3dadce108522f60793
reading_comprehension_68|R1,reading_comprehension_68,reading_comprehension,hard,R1,B,D,B,B,B,6.4545271173119545,-6.491470813751221,-0.036943696439266205,-7.40879487991333,-7.737431049346924,25199191b2a0ab1a90807cc0c5372aeeb2b4baa333237d4fe396967e19634fc9
basic_math_39|B,basic_math_39,basic_math,medium,B,A,B,,A,A,1.8810139298439026,-0.20919007062911987,-2.8559415340423584,-2.0902040004730225,-5.143691539764404,0fe664677696e50d6b063092ad76df9700c47c66f43df44617ad05c3bd93f6d0
basic_math_39|R2,basic_math_39,basic_math,medium,R2,A,B,A,A,A,4.9447155399248,-0.012223680503666401,-5.625669002532959,-4.956939220428467,-7.604466915130615,3f725f924002f8db03128f83fbd1475fc8e30576795ef89d116409791862444e
basic_math_39|R1,basic_math_39,basic_math,medium,R1,A,B,A,A,A,4.431718859821558,-0.02204367145895958,-5.0776543617248535,-4.453762531280518,-7.576855182647705,6b1bce6e6748f2885145af46d37de8f4832f2136a5c82df14aae9e406ce6e299
basic_math_39|P,basic_math_39,basic_math,medium,P,A,B,A,A,A,4.512367110699415,-0.02111925557255745,-5.062888145446777,-4.533486366271973,-7.000515937805176,ea93e20eaca78ea8dd00193dc0061d9bb658c267f024ea63abf4c9d326ef7411
basic_math_39|R3,basic_math_39,basic_math,medium,R3,A,B,A,A,A,3.042961023747921,-0.0932067409157753,-3.2568440437316895,-3.1361677646636963,-5.3440632820129395,e43df9fbeb9475b74dbd8af09339804143dc46221020ec6bdb493dd59c9871f5
basic_math_39|F,basic_math_39,basic_math,medium,F,A,B,A,A,A,5.369167057797313,-0.015652449801564217,-5.701716423034668,-5.384819507598877,-8.485821723937988,2e832fa5a9a9724e2a6d982014761450a1e587b4e4528b0c04b657f15d527050
basic_math_39|R0,basic_math_39,basic_math,medium,R0,A,B,A,A,A,4.050296623259783,-0.027976196259260178,-4.746180534362793,-4.078272819519043,-8.009181022644043,7e709d834aeb16f1019244dd226ac09ee82981879717a925d1886a645bc2d898
basic_math_39|V,basic_math_39,basic_math,medium,V,A,B,A,B,B,-3.885593503713608,-3.9188039302825928,-0.033210426568984985,-6.616452693939209,-8.770729064941406,cd3ec327f70e57da401299b177486ca8911b7de6b531a93764933b107baf15ba
analogies_30|B,analogies_30,analogies,medium,B,D,C,,D,D,6.959617702290416,-6.975457191467285,-9.40654468536377,-9.107352256774902,-0.015839489176869392,48fbac43955d7676b8dba832bd584dcfe1e554a887ee9ffcb184eee919521461
analogies_30|P,analogies_30,analogies,medium,P,D,C,D,D,D,6.033806020393968,-6.046309947967529,-8.053194999694824,-7.198075771331787,-0.012503927573561668,fb9893aa925a31b87cb42b819d8da3aa9896f2712858e9d17ff73adeb976e7a8
analogies_30|R0,analogies_30,analogies,medium,R0,D,C,D,D,D,6.69673528149724,-6.736309051513672,-8.578977584838867,-7.59581184387207,-0.03957377001643181,2e09abca6522bc38d10422f44981ebe0f826c6102008a2a5a1b1cc45f70734b5
analogies_30|R3,analogies_30,analogies,medium,R3,D,C,D,D,D,5.09753785841167,-5.1076226234436035,-6.581497669219971,-6.424068927764893,-0.010084765031933784,c97c8858fae8d628825992b72fd545dcfa42847f5a926fa64e3d6811b1533572
analogies_30|V,analogies_30,analogies,medium,V,D,C,D,C,C,-5.792747284285724,-6.349322319030762,-8.653109550476074,-0.007804130204021931,-5.800551414489746,800788e056a001c19b7eb56ef1b3987a490764d33609ae6edbe15d5ef2fe4919
analogies_30|F,analogies_30,analogies,medium,F,D,C,D,D,D,6.958004177547991,-6.966067790985107,-8.859025001525879,-8.082331657409668,-0.008063613437116146,701bd996f0d3fce1b64b854455e35d051f3a073982006260578f9f7992b1fc3a
analogies_30|R2,analogies_30,analogies,medium,R2,D,C,D,D,D,6.038883477915078,-6.044924259185791,-8.383472442626953,-7.172176837921143,-0.006040781270712614,20b60bfe886915fe7f79ea7fb2aa4300001dd9d3ab002386345db115f297826d
analogies_30|R1,analogies_30,analogies,medium,R1,D,C,D,D,D,6.735117086209357,-6.750370502471924,-8.752779006958008,-7.8551926612854,-0.015253416262567043,b520e35f92d3a7fe4496401a60591f220cb69d3b5bf75d709eb55efb1bea676d
logical_reasoning_72|B,logical_reasoning_72,logical_reasoning,hard,B,B,D,,B,B,5.002628426998854,-5.055600166320801,-0.0529717393219471,-6.4061479568481445,-6.6949872970581055,55f5f5cdf09d2be1c7ba45d238429c2e2dd5c8c0f8679cab07ad61248671405f
logical_reasoning_72|P,logical_reasoning_72,logical_reasoning,hard,P,B,D,B,B,B,5.057291146367788,-5.116014003753662,-0.058722857385873795,-6.3564677238464355,-7.5220160484313965,05ef4aa1b0eb3b8570a19cda260129df757d1613a926fde08a482c5375b6ec30
logical_reasoning_72|R3,logical_reasoning_72,logical_reasoning,hard,R3,B,D,B,B,B,3.901359597221017,-3.930060386657715,-0.02870078943669796,-5.193755149841309,-6.230731010437012,5caf9377eb5f7d1fa452e0b140e6ef5f5be2c42ea7215e85894ebddeba9998c5
logical_reasoning_72|R1,logical_reasoning_72,logical_reasoning,hard,R1,B,D,B,B,B,5.252235217019916,-5.271245002746582,-0.01900978572666645,-6.879006385803223,-8.80561637878418,bc26a5f391285a447e5db889e6e859fc16f96e857fd2de335f46cfdfd66574f5
logical_reasoning_72|F,logical_reasoning_72,logical_reasoning,hard,F,B,D,B,B,B,5.405887421220541,-5.425841808319092,-0.019954387098550797,-6.85347318649292,-8.184944152832031,464b6ab9d8dd06e563a2fca53bd9a71be8d33665e138220a6998d0f2d8adf7c1
logical_reasoning_72|R2,logical_reasoning_72,logical_reasoning,hard,R2,B,D,B,B,B,4.941610427573323,-4.953476428985596,-0.011866001412272453,-6.185436725616455,-7.946377277374268,fa5dfe5f0214d24a9fba39a2af682acfd0ef3c06b9773fb1f7bfac1c8fd13ba2
logical_reasoning_72|R0,logical_reasoning_72,logical_reasoning,hard,R0,B,D,B,B,B,4.559194475412369,-4.592477798461914,-0.03328332304954529,-5.9114227294921875,-8.018892288208008,fb3af1e8753e54d6a65651379de00f27c0d047b9b2397ccc1f0cfa313c339138
logical_reasoning_72|V,logical_reasoning_72,logical_reasoning,hard,V,B,D,B,D,D,-2.425948917865753,-4.581520080566406,-2.5336110591888428,-5.689914703369141,-0.1076621413230896,866255d9047308117350fc6db200e2d745156c6921d335f376d57199dac6ef61
analogies_35|B,analogies_35,analogies,medium,B,A,C,,A,A,7.214372605085373,-0.0743742287158966,-7.665292739868164,-7.2887468338012695,-7.614117622375488,c7aef867067b1404cb3f95a493c79dd84123c7e32a972f6d571a1bfd26ab0267
analogies_35|R1,analogies_35,analogies,medium,R1,A,C,A,A,A,8.46119711920619,-0.009351510554552078,-8.740270614624023,-8.470548629760742,-9.83564567565918,e7adfc43600eb0747588cb9254e22b98c9da1ceec04d771dbb770e6837e12259
analogies_35|R2,analogies_35,analogies,medium,R2,A,C,A,A,A,8.12036363419611,-0.0017028636066243052,-8.196352005004883,-8.122066497802734,-9.255901336669922,5e5a3538f09e6355215007167cdfa96753534e97d0fb468e512a743b297b91a4
analogies_35|P,analogies_35,analogies,medium,P,A,C,A,A,A,8.112760455813259,-0.005048839841037989,-8.117809295654297,-8.161195755004883,-8.813072204589844,808354342a5fccff93df34ba954ca908685785b28a8331ee084dc54c0b09b3d2
analogies_35|F,analogies_35,analogies,medium,F,A,C,A,A,A,7.5742171267047524,-0.004400922916829586,-7.578618049621582,-7.765198707580566,-8.669341087341309,c8b35054d45879a7229a57195ee876dc402cd0ed10518793073996219cf7e70e
analogies_35|V,analogies_35,analogies,medium,V,A,C,A,C,C,-5.0680198753252625,-5.077362060546875,-6.71369743347168,-0.009342185221612453,-9.256306648254395,be4100c21f4b1b4620a52f7fdde622bfb4882b5a9de1e59523c1d5df8dad8321
analogies_35|R3,analogies_35,analogies,medium,R3,A,C,A,A,A,5.935931965243071,-0.005311683285981417,-5.941243648529053,-6.670238018035889,-7.073548793792725,28128eac333886abf672c671e7db435f5fabf2c0689058871e77d8f20c045e46
analogies_35|R0,analogies_35,analogies,medium,R0,A,C,A,A,A,7.677453875541687,-0.04431498050689697,-7.721768856048584,-7.841813564300537,-8.993408203125,9727665c3e60d39e69b9237ad67cf67e7f507b25611a24b599aa3849278347a4
basic_math_54|B,basic_math_54,basic_math,hard,B,B,D,,A,A,-0.8674049079418182,-0.48489466309547424,-1.3522995710372925,-2.636044502258301,-2.9372854232788086,d6a2273d2a5e07a4f565b16a5d1e1847b92faf3708661434260e29c8a778f13d
basic_math_54|R1,basic_math_54,basic_math,hard,R1,B,D,A,A,A,-2.397678315639496,-0.12588268518447876,-2.5235610008239746,-3.6261610984802246,-4.6102118492126465,b2a771e4589bde7f3d60467a61566e637cf198111adbb6e009995f1cc073327a
basic_math_54|P,basic_math_54,basic_math,hard,P,B,D,A,A,A,-3.368913546204567,-0.05590616166591644,-3.4248197078704834,-4.395036697387695,-5.103902816772461,d3f4a962c0cdcdd255df7a9691382677e89cd1c8e5e358494d4322bfae574aeb
basic_math_54|F,basic_math_54,basic_math,hard,F,B,D,A,A,A,-2.8669452220201492,-0.08654193580150604,-2.9534871578216553,-5.147417068481445,-5.758308410644531,467864c6fe7f7b94fa910c8f7d95973394636474441970902c21215d5ec8b1c9
basic_math_54|V,basic_math_54,basic_math,hard,V,B,D,A,D,D,-4.47595427185297,-3.2168209552764893,-4.5469279289245605,-5.571679592132568,-0.07097365707159042,764640aa7a4a016e6991ada8108aa6c9f2900dd7bbe4cd635d2085b47d652535
basic_math_54|R3,basic_math_54,basic_math,hard,R3,B,D,A,A,A,-1.616327315568924,-0.217594712972641,-1.833922028541565,-3.868948459625244,-4.339975833892822,b0ad3c865790f7a124821fa83e6bf53e951108d34ce436167bd745f301dc6837
basic_math_54|R0,basic_math_54,basic_math,hard,R0,B,D,A,A,A,-1.542465165257454,-0.24054650962352753,-1.7830116748809814,-3.5274345874786377,-4.486006736755371,fcd703ef0a8257703910064a0bf7962c3d936ea4d2c50f26f206d18a396de86d
basic_math_54|R2,basic_math_54,basic_math,hard,R2,B,D,A,A,A,-4.256303817033768,-0.02737089991569519,-4.283674716949463,-4.7719407081604,-5.753321170806885,3e4edad7e842c902890aa2f5a77515cc6f06edba644afad98bd3da4d905f8b19
word_problems_62|B,word_problems_62,word_problems,hard,B,A,B,,A,A,5.9780943766236305,-0.09660740941762924,-7.640511989593506,-6.07470178604126,-6.732351303100586,93ee2cd3a0abee952e6d3fae856e37d1a38cbf85b219609d0748b64913f253e2
word_problems_62|P,word_problems_62,word_problems,hard,P,A,B,A,A,A,7.29846215993166,-0.0792229101061821,-9.058796882629395,-7.377685070037842,-9.16454792022705,d603bab2ddeda1b72a7f138d9249bc24fa54e666ab35acc1df3d26fcf601d068
word_problems_62|R3,word_problems_62,word_problems,hard,R3,A,B,A,A,A,5.878898648079485,-0.006599398795515299,-6.255683898925781,-5.885498046875,-6.584211349487305,11abd96cf0b5559b771ebd497e16e20f5bde4b1b445ed3a2208c2b1bd37ae46a
word_problems_62|R1,word_problems_62,word_problems,hard,R1,A,B,A,A,A,7.921814054250717,-0.011517435312271118,-9.299527168273926,-7.933331489562988,-9.52403736114502,511a58602e5ead5bb28008ac4323eb2bccc615bd7393306c0ec930c6ca10b255
word_problems_62|R2,word_problems_62,word_problems,hard,R2,A,B,A,A,A,7.172956629423425,-0.0030949872452765703,-8.7789945602417,-7.176051616668701,-8.636345863342285,671e3006fe6376cac24a2f8b13f646488ec9df573f116e0beaa093011e56a37f
word_problems_62|R0,word_problems_62,word_problems,hard,R0,A,B,A,A,A,7.256479404866695,-0.06739459186792374,-8.651779174804688,-7.323873996734619,-9.14698600769043,61b340367226d907ac28a54221c7af4b81db928ee27486483d04a6d820b92bcb
word_problems_62|V,word_problems_62,word_problems,hard,V,A,B,A,B,B,-3.5702285058796406,-3.6098506450653076,-0.03962213918566704,-5.8435564041137695,-8.436432838439941,60b4d7e3a0560edefbd8b36acfe589f1914560e6adf34427d8415704d83b7ad0
word_problems_62|F,word_problems_62,word_problems,hard,F,A,B,A,A,A,7.101146802306175,-0.11325205862522125,-8.662110328674316,-7.2143988609313965,-8.610457420349121,a79dbd377bd0e2fd3de166a0b8b606cc3a655032a3ef4e9073463a6b93f97463
word_problems_46|B,word_problems_46,word_problems,hard,B,A,D,,A,A,4.8484040051698685,-0.050715371966362,-5.293784141540527,-4.8991193771362305,-5.547968864440918,93599597e48e686f6ee9840cdced08b8e7c041842d88c9fb3df8b9ba2b1828bf
word_problems_46|R2,word_problems_46,word_problems,hard,R2,A,D,A,A,A,6.516763873863965,-0.00404196185991168,-7.481889724731445,-6.520805835723877,-8.012138366699219,ae7d675c0cba7f5149be2cc7cb51bb2c6ef4297c3294871a108f8a667d812e73
word_problems_46|F,word_problems_46,word_problems,hard,F,A,D,A,A,A,6.830118373036385,-0.14789323508739471,-7.9241862297058105,-6.978011608123779,-8.192856788635254,304236e1b6b44c486750235253731af10d3283c8b95af9de70b63723db65871a
word_problems_46|V,word_problems_46,word_problems,hard,V,A,D,A,D,D,-1.834499403834343,-2.0357213020324707,-4.4006733894348145,-4.090851306915283,-0.20122189819812775,29261f3b1086186284b80f75231e5d147b80205f03a53ba6ffc5296f9e17ae26
word_problems_46|R0,word_problems_46,word_problems,hard,R0,A,D,A,A,A,6.344035865738988,-0.007706878706812859,-7.368749141693115,-6.351742744445801,-8.194106101989746,685d44b10aba0eb27ad2ec8181a852fb45970fb13d8f80ae73c7464ffca6d68e
word_problems_46|P,word_problems_46,word_problems,hard,P,A,D,A,A,A,6.10637640953064,-0.3124663829803467,-7.683810234069824,-6.418842792510986,-7.898239612579346,cb2c21c8a29e35b0b6eb8884ce66dc3098d1c30309beab204715e7c3be5321d1
word_problems_46|R3,word_problems_46,word_problems,hard,R3,A,D,A,A,A,4.567739300429821,-0.026065535843372345,-4.593804836273193,-4.6911940574646,-5.570088863372803,0799f645a0ce685ab621e883011ae8de185ba52c8653d2b367002f771e35f6e2
word_problems_46|R1,word_problems_46,word_problems,hard,R1,A,D,A,A,A,6.353345923591405,-0.006604618858546019,-7.592347621917725,-6.359950542449951,-7.962899684906006,a9008b66468c08848b7f281af0ff95546bccbf17af887ba7beaf7b581ec768d9
word_problems_72|B,word_problems_72,word_problems,hard,B,A,D,,A,A,3.395191080868244,-0.09318482130765915,-6.390382289886475,-3.4883759021759033,-5.988877773284912,e2e9e6bff29ac0a12d209c16555977bd3b6c2bed65614fa356c31e5243422f59
word_problems_72|R2,word_problems_72,word_problems,hard,R2,A,D,A,A,A,5.381860801950097,-0.009950568899512291,-7.725160598754883,-5.391811370849609,-7.962863922119141,2036935eb00be4f09903a2272e6efc4c148e0cda5bbe4f1010d10337b1599702
word_problems_72|R0,word_problems_72,word_problems,hard,R0,A,D,A,A,A,4.36079428717494,-0.040350694209337234,-6.81815767288208,-4.401144981384277,-7.294659614562988,e49d7f6c1d6224b80182d5bda97ba0a00a4fa64161b74edf12f72317961cc2fe
word_problems_72|R1,word_problems_72,word_problems,hard,R1,A,D,A,A,A,5.195766422897577,-0.023430373519659042,-7.580460071563721,-5.219196796417236,-7.968403339385986,317e9f630655fcc7b8cd442148408e084e2cfaab6602a232e6cc219ab80d3294
word_problems_72|R3,word_problems_72,word_problems,hard,R3,A,D,A,A,A,4.250263398513198,-0.021143728867173195,-5.7005205154418945,-4.271407127380371,-5.876214027404785,de86a95c637cac2209b515e14bfb8f4beeff85572499a17e819386927d62f6b5
word_problems_72|P,word_problems_72,word_problems,hard,P,A,D,A,A,A,5.897594690322876,-0.3304259777069092,-8.194164276123047,-6.228020668029785,-8.594189643859863,d86e8e1dd6e1b7155f3febb11bbda6280a83c1d03fc7ee45d8cd8fbb9c5eddec
word_problems_72|V,word_problems_72,word_problems,hard,V,A,D,A,D,D,-2.221294492483139,-2.3536646366119385,-5.986698150634766,-4.73371696472168,-0.13237014412879944,ce93c48af25bb1451dda54f6bde0de48b13d9121cf77dcac6603eb5d42e06178
word_problems_72|F,word_problems_72,word_problems,hard,F,A,D,A,A,A,6.0137346386909485,-0.2302190661430359,-8.136268615722656,-6.243953704833984,-8.531780242919922,560256f17ccbbe6441767a5b146516e91dd3cb07ea4c4c877a26549b5c2f9bac
word_problems_44|B,word_problems_44,word_problems,medium,B,A,B,,A,A,0.19570547342300415,-0.7802212834358215,-0.9759267568588257,-2.6042912006378174,-3.36651349067688,f2ee0708d237eb5e9f36628b1321cddf08875a9666a81e319634ff953881bc5c
word_problems_44|R1,word_problems_44,word_problems,medium,R1,A,B,A,A,A,2.4704704359173775,-0.09143542498350143,-2.561905860900879,-5.6411943435668945,-7.008770942687988,34dc86cb2c438f52f76d4956b2ba7490606fb453b3a88bffd8a457e68c19563d
word_problems_44|R0,word_problems_44,word_problems,medium,R0,A,B,A,A,A,1.0768890976905823,-0.3115261197090149,-1.3884152173995972,-4.257111549377441,-5.845980644226074,32e09bd736390cbdc134acc4b231b4ee1c462e716d547f5373e3f0a4ee911c3f
word_problems_44|P,word_problems_44,word_problems,medium,P,A,B,A,A,A,1.822418063879013,-0.3306664526462555,-2.1530845165252686,-4.6686601638793945,-6.036492347717285,1d511b4e99bd5353818f736f233074c3f7cd16c7d7b84d3ba1c450e7cdb28a43
word_problems_44|R2,word_problems_44,word_problems,medium,R2,A,B,A,A,A,4.445173247717321,-0.014771000482141972,-4.459944248199463,-6.3364644050598145,-7.4502434730529785,298f313cda022bdbccbc972547ab3813ed475cd962a32bc5e08b7e0dd0f58e45
word_problems_44|V,word_problems_44,word_problems,medium,V,A,B,A,B,B,-4.27550121024251,-4.293969631195068,-0.018468420952558517,-6.392423152923584,-8.50143814086914,0126033488cd7f4e6a1fcf141987d68d1bdea4d78e9579e8c985fd81a6cc798f
word_problems_44|F,word_problems_44,word_problems,medium,F,A,B,A,A,A,2.2062130123376846,-0.1593026965856552,-2.36551570892334,-5.768242835998535,-7.071259498596191,17b95f456052102183d3954b8887d1c79b84ecd5b41721e99df20a94316479d5
word_problems_44|R3,word_problems_44,word_problems,medium,R3,A,B,A,A,A,1.166221559047699,-0.2899424433708191,-1.456164002418518,-4.648922443389893,-4.816616535186768,0993660b0d21134078ae256fcdae68dee62f99ef162c3b3963bb19baed97aadd
scientific_facts_24|B,scientific_facts_24,scientific_facts,medium,B,B,A,,B,B,0.3445911407470703,-1.6073307991027832,-0.9033646583557129,-2.3147435188293457,-1.2479557991027832,509ac4dc615113009aaa5df8816a4679e5990356c965572056e878f4a1123843
scientific_facts_24|R3,scientific_facts_24,scientific_facts,medium,R3,B,A,B,B,B,1.6487673819065094,-1.9557241201400757,-0.3069567382335663,-2.8840975761413574,-2.760863780975342,40edca8964efd35a611e0bfae04e745c2eec83984728ecc32ff5bfdfec10e235
scientific_facts_24|R2,scientific_facts_24,scientific_facts,medium,R2,B,A,B,B,B,1.9105243682861328,-2.2821805477142334,-0.3716561794281006,-2.524097204208374,-3.357246160507202,510f312fb00931c869bed16a0fcc2785588eb6c03b20736aed9b848944d88788
scientific_facts_24|V,scientific_facts_24,scientific_facts,medium,V,B,A,B,A,A,-4.007065080106258,-0.07800934463739395,-4.085074424743652,-5.971273899078369,-6.707058906555176,b38ce254abb72cc5e4a3d0bd31c716f396a830d3f43bb896eee94acd33659791
scientific_facts_24|F,scientific_facts_24,scientific_facts,medium,F,B,A,B,B,B,2.7619896680116653,-2.966824769973755,-0.20483510196208954,-3.4995815753936768,-3.9929230213165283,b18de66c0a674fcbf8586eeee0ca4d40db18c00bff631967247e3addaeb0790f
scientific_facts_24|P,scientific_facts_24,scientific_facts,medium,P,B,A,B,B,B,2.1779631674289703,-2.6616361141204834,-0.48367294669151306,-3.043201446533203,-3.1907613277435303,f3592e07792375e5c8f3c39401d046ffbb80cf18c070759c2a228c5e5302d603
scientific_facts_24|R0,scientific_facts_24,scientific_facts,medium,R0,B,A,B,B,B,2.0731562972068787,-2.453542947769165,-0.32786017656326294,-2.4010164737701416,-3.1142122745513916,324533520e1ac7b050cd224dd1c8e026fdf95b1825fa24e5138628ba1418de6d
scientific_facts_24|R1,scientific_facts_24,scientific_facts,medium,R1,B,A,B,B,B,2.212867885828018,-2.465879440307617,-0.253011554479599,-2.4832379817962646,-3.2765731811523438,e59cbf13e6c5f9ed2d1e98aa74153cc0597ed5d326f3bd224b8d682e9f7aeae9
word_problems_51|B,word_problems_51,word_problems,hard,B,A,B,,A,A,3.656394973397255,-0.12496326863765717,-5.76519250869751,-4.304879665374756,-3.781358242034912,ab9b92dc293a4b8796acaf8f9dea378c0e4ace3b75034f9f6287203857dac95a
word_problems_51|R3,word_problems_51,word_problems,hard,R3,A,B,A,A,A,4.395931165665388,-0.028688032180070877,-5.206040859222412,-4.689515590667725,-4.424619197845459,92022570ed66d178d4b91e36631ee4053a800542805cc63149340a6e10d30a2f
word_problems_51|R2,word_problems_51,word_problems,hard,R2,A,B,A,A,A,6.016927968710661,-0.006267298012971878,-7.435615062713623,-6.023195266723633,-6.349975109100342,3362e658e1e2b303ae74e126afd9a339c8c67527ac8c42266854220e76764d0a
word_problems_51|P,word_problems_51,word_problems,hard,P,A,B,A,A,A,5.306390732526779,-0.4743504822254181,-7.673119068145752,-5.780741214752197,-6.023472309112549,18e1235178224f9a5d8ee8ec76c6164689e5d96c7f06ce55eb114310d6f2e996
word_problems_51|V,word_problems_51,word_problems,hard,V,A,B,A,B,B,-2.2499695867300034,-2.368708610534668,-0.11873902380466461,-4.581507682800293,-6.557072639465332,9a0dcc24e2ab77bb7524d65e226a840ac9fd7b6bd38ebf1e9810597edfdc2fe2
word_problems_51|F,word_problems_51,word_problems,hard,F,A,B,A,A,A,6.304473802447319,-0.18645484745502472,-8.22956657409668,-6.490928649902344,-6.6133575439453125,ec17395011e47d754da1643f391fdd64ef64c95baaf373224c7c52633c780641
word_problems_51|R1,word_problems_51,word_problems,hard,R1,A,B,A,A,A,5.927408138290048,-0.016492923721671104,-7.873516082763672,-5.943901062011719,-6.3949127197265625,cb573960805c7f3b038210ff15de286657b024f897d48588f52afc8d2266d296
word_problems_51|R0,word_problems_51,word_problems,hard,R0,A,B,A,A,A,5.764782113954425,-0.026763277128338814,-7.529590129852295,-5.791545391082764,-6.417113780975342,be0f412714800132a32a6d00937bd83ad12b7bf3e1f5b2f57ad58e44f97d513c
scientific_facts_26|B,scientific_facts_26,scientific_facts,medium,B,B,C,,C,C,-1.4392528235912323,-1.5829136371612549,-1.921443223953247,-0.48219040036201477,-3.540708065032959,267faa6a3d00d59b0f55f23bd243632651b0be84131cd4765e749d475542c7a2
scientific_facts_26|V,scientific_facts_26,scientific_facts,medium,V,B,C,C,C,C,-6.089962087571621,-4.752520561218262,-6.189000129699707,-0.09903804212808609,-6.706198692321777,1e9f1009884326c14e1d7f8462b8b9111b7b33edca580e59db1fb3b4d3c88d0a
scientific_facts_26|F,scientific_facts_26,scientific_facts,medium,F,B,C,C,C,C,-4.693834513425827,-3.607546091079712,-4.852188587188721,-0.15835407376289368,-6.033023834228516,403c445f7f381516f7d0c72b86408ca3af0c70c3d5b8d2a83c2588638e59afb7
scientific_facts_26|R3,scientific_facts_26,scientific_facts,medium,R3,B,C,C,C,C,-2.450290709733963,-2.2994823455810547,-2.664907455444336,-0.21461674571037292,-3.9105167388916016,7c1edf77998764c3cc4f44acb1bb3bb460add7c1edd7bdfa2c25611ba04aa96c
scientific_facts_26|R1,scientific_facts_26,scientific_facts,medium,R1,B,C,C,C,C,-4.214112937450409,-2.8273580074310303,-4.304255962371826,-0.09014302492141724,-5.408229827880859,302d078395255d17d36c7389f3d34335812d092e05928cb1be1f236c6145feb1
scientific_facts_26|R2,scientific_facts_26,scientific_facts,medium,R2,B,C,C,C,C,-4.552849017083645,-2.7948873043060303,-4.675653457641602,-0.1228044405579567,-6.10285758972168,e438240e1d4ab5a0bcccb1b0b0f79554c4564b7c10861b0f98668c546cd042b1
scientific_facts_26|P,scientific_facts_26,scientific_facts,medium,P,B,C,C,C,C,-4.4077378660440445,-2.8979365825653076,-4.641633033752441,-0.2338951677083969,-5.454815864562988,2d708431c26e543e77d2955b8412b1bad6956a46f6db1d8c3d0bba4c36279df9
scientific_facts_26|R0,scientific_facts_26,scientific_facts,medium,R0,B,C,C,C,C,-3.702413573861122,-2.348273515701294,-3.8713200092315674,-0.16890643537044525,-5.447867393493652,c4821712d856588c65e80f4c58a41b3f6e4cb3366e14d68a1b1d1d68d808cedf
scientific_facts_16|B,scientific_facts_16,scientific_facts,medium,B,C,D,,C,C,1.8264466226100922,-2.192800283432007,-2.1576650142669678,-0.3312183916568756,-2.958556890487671,c73421ecca060823b5fdb00528af2f59b2cb0ecc916a5c8c626ffb7bc4c8b7bd
scientific_facts_16|P,scientific_facts_16,scientific_facts,medium,P,C,D,C,C,C,3.0800171196460724,-3.2234840393066406,-4.4279022216796875,-0.14346691966056824,-5.000022888183594,7be036501c30f8596916663a499a8060c9c2f9595b5d9a368806c7959ed41124
scientific_facts_16|R2,scientific_facts_16,scientific_facts,medium,R2,C,D,C,C,C,3.0470313504338264,-3.130708932876587,-4.348288059234619,-0.08367758244276047,-5.303469181060791,aa107ab2b43ff60455a7276cd9f154f73ad0c0e42476b413ce3917413056c063
scientific_facts_16|R0,scientific_facts_16,scientific_facts,medium,R0,C,D,C,C,C,2.6057776659727097,-2.7645719051361084,-3.8376729488372803,-0.15879423916339874,-5.008129119873047,e8e8e5220d08dd8938bd63bf7ab1a68ecb1b194c65f28ef9ae793cf001b39911
scientific_facts_16|R1,scientific_facts_16,scientific_facts,medium,R1,C,D,C,C,C,2.903470925986767,-2.9991254806518555,-3.897425651550293,-0.09565455466508865,-4.865660667419434,59fc5fd1c0c33bfbb90b8b6797dcaa157a975f42a36246c2efc4ae2a54293925
scientific_facts_16|R3,scientific_facts_16,scientific_facts,medium,R3,C,D,C,C,C,2.3332367539405823,-2.539508819580078,-2.563091278076172,-0.20627206563949585,-3.6550464630126953,efd7aadb161003141d1827087a8ee739b7926a9cc213a63cdcd0030b7cecb8f3
scientific_facts_16|V,scientific_facts_16,scientific_facts,medium,V,C,D,C,D,D,-4.480556592345238,-4.650496959686279,-5.896041393280029,-4.5746073722839355,-0.09405077993869781,a539995bc2c0b3c93cfbebb0c7417517001643bf491afbb325b060cf9722e760
scientific_facts_16|F,scientific_facts_16,scientific_facts,medium,F,C,D,C,C,C,3.700710356235504,-3.897456169128418,-4.788792610168457,-0.19674581289291382,-5.4707441329956055,91a150488f9cdaf20e5e9af16c2f3335706be33c980095f2b80b4505652a8a20
logical_reasoning_73|B,logical_reasoning_73,logical_reasoning,hard,B,D,B,,D,D,2.2990188896656036,-2.8240578174591064,-2.722621202468872,-2.574244737625122,-0.27522584795951843,0a5e1002f82593549c639961768b9b0af2c50d4fdd045920670fcec14ab3a6e5
logical_reasoning_73|R3,logical_reasoning_73,logical_reasoning,hard,R3,D,B,D,D,D,2.575466141104698,-3.1139581203460693,-3.0480096340179443,-2.7492024898529053,-0.1737363487482071,78ab99ba0c97b3abda4f0906405e21fa817209f9ebecd406a0077cbce90147f2
logical_reasoning_73|R2,logical_reasoning_73,logical_reasoning,hard,R2,D,B,D,D,D,2.370267853140831,-3.8399758338928223,-4.40746545791626,-2.5014138221740723,-0.13114596903324127,1e9f2f80152742ba76332fa1f20bed84792c0baf03f66b08a360523913408868
logical_reasoning_73|V,logical_reasoning_73,logical_reasoning,hard,V,D,B,D,B,B,-5.611663669347763,-4.867663860321045,-0.016069084405899048,-6.055871486663818,-5.627732753753662,2fe744c45745ef4d6ebaa400e60717ea6ca2e80ce3e2f3583ad507e9aaa0e256
logical_reasoning_73|R0,logical_reasoning_73,logical_reasoning,hard,R0,D,B,D,D,D,2.1008491814136505,-3.6986889839172363,-3.8709263801574707,-2.2928357124328613,-0.19198653101921082,e58a7058ba7a30bc7c2d20e548e1aae5a7c75430129df951034554e810d09055
logical_reasoning_73|P,logical_reasoning_73,logical_reasoning,hard,P,D,B,D,D,D,3.086235001683235,-4.1536126136779785,-4.349096775054932,-3.212181568145752,-0.12594656646251678,11d6ac47b3c66e0d0027e186688e5edf18397c07a90bcd63e0a142fb1be00ce3
logical_reasoning_73|F,logical_reasoning_73,logical_reasoning,hard,F,D,B,D,D,D,3.630241297185421,-4.616625785827637,-4.785628318786621,-3.7252912521362305,-0.09504995495080948,fb0b2105334f83c52bc9da84944acfb717e35e864dd9578424b6f4816371f4ab
logical_reasoning_73|R1,logical_reasoning_73,logical_reasoning,hard,R1,D,B,D,D,D,2.480255216360092,-3.724149465560913,-4.064063549041748,-2.617025136947632,-0.13676992058753967,59bbfeee819024d256f4db4de7cab84364b2c4b624af57c587c55185340f8099
word_problems_64|B,word_problems_64,word_problems,hard,B,D,A,,A,A,-1.523267686367035,-0.5032234787940979,-3.27264404296875,-1.9398307800292969,-2.026491165161133,6aeb65e097578dc3ddf3433bd347ded20640d5d567589f77ce9b97acce4f303f
word_problems_64|F,word_problems_64,word_problems,hard,F,D,A,A,A,A,-4.626760303974152,-0.1996442675590515,-6.289846420288086,-5.101917266845703,-4.826404571533203,b744017e3f7ceb3cac7c23454485daf7bb5eb98465523469f84ef374b8ea0803
word_problems_64|R1,word_problems_64,word_problems,hard,R1,D,A,A,A,A,-4.7367860451340675,-0.02340444177389145,-6.202044486999512,-4.547303676605225,-4.760190486907959,aff24210666853d601a8799b1c024d4a66e363fe0302b53ce5478346b59637a2
word_problems_64|V,word_problems_64,word_problems,hard,V,D,A,A,A,A,-8.04986928217113,-0.005345599725842476,-6.7448344230651855,-6.5645880699157715,-8.055214881896973,1b6ec65ea5b535d6295241ceab5ae94d6d0c4e538042b67325d6de502003bf65
word_problems_64|R2,word_problems_64,word_problems,hard,R2,D,A,A,A,A,-5.71479426138103,-0.016605274751782417,-6.051143646240234,-4.6529083251953125,-5.7313995361328125,c7797b33d238f5a4a391a7511774b9b42d5b57e25bbc200c802775327c438bce
word_problems_64|R0,word_problems_64,word_problems,hard,R0,D,A,A,A,A,-3.57095730304718,-0.08154428005218506,-4.539773464202881,-3.2063956260681152,-3.6525015830993652,73fe682a2f46d4a1cf0b4dfc38c92c66d2c4518dd500e11ae9b69b1ffeecfe73
word_problems_64|P,word_problems_64,word_problems,hard,P,D,A,A,A,A,-3.6968269422650337,-0.10384415835142136,-5.084593296051025,-3.847607135772705,-3.800671100616455,23552ff54cb9b86eb776d52306f1d82110afa2c6b8fc99ff058e7f3679be2cac
word_problems_64|R3,word_problems_64,word_problems,hard,R3,D,A,A,A,A,-3.4136963561177254,-0.09780137985944748,-3.655195474624634,-3.3156816959381104,-3.511497735977173,feb83b40ecccae44b0b94d7978af40e6a0a6b0008dc78b646847f53028987bd9
word_problems_68|B,word_problems_68,word_problems,hard,B,C,B,,C,C,0.014003753662109375,-1.4573076963424683,-2.536062002182007,-1.065637469291687,-1.0796412229537964,f100f98872ceea613a21ef87d4f1531421a0838c8cea2c490242a40de8729c8c
word_problems_68|P,word_problems_68,word_problems,hard,P,C,B,C,C,C,2.2665176689624786,-2.5387861728668213,-4.647785663604736,-0.27226850390434265,-2.99068284034729,5cf1611ba62c3a9b4e27996bdeeb3fa95f6ff9a606cf2c1ee177cd53b67762bb
word_problems_68|R2,word_problems_68,word_problems,hard,R2,C,B,C,C,C,2.417583554983139,-2.5629193782806396,-4.798264980316162,-0.1453358232975006,-3.105567693710327,4a96342dd11b68ef258028ac10b464a3b482c05746204116a38f12ba99dedfaa
word_problems_68|V,word_problems_68,word_problems,hard,V,C,B,C,B,B,-5.162931177765131,-4.367393970489502,-0.02920224890112877,-5.19213342666626,-6.442807197570801,07091637b9f691a3627b4dcd4632bcc56b202c485cb079007a78e0623e1db7df
word_problems_68|R3,word_problems_68,word_problems,hard,R3,C,B,C,C,C,2.226823851466179,-2.4502038955688477,-3.646805763244629,-0.22338004410266876,-2.470606803894043,c5d83a32abac7053c11aca77ff43dbcfbc971c8a50a77895152e34635e2c97f7
word_problems_68|R0,word_problems_68,word_problems,hard,R0,C,B,C,C,C,1.5028878450393677,-1.8534550666809082,-3.694786548614502,-0.3505672216415405,-2.227560520172119,e049719e2c49c6f0b0286078646ded29a6fdd68188efde3737786d213c0ca634
word_problems_68|R1,word_problems_68,word_problems,hard,R1,C,B,C,C,C,2.1135234981775284,-2.3203697204589844,-4.440395355224609,-0.206846222281456,-2.705873489379883,0ec3cce9dcd5ec46f608da6baddc463c4937f3c14cfb168d118a43d13942cbc7
word_problems_68|F,word_problems_68,word_problems,hard,F,C,B,C,C,C,2.732728958129883,-3.055022716522217,-5.304494380950928,-0.322293758392334,-3.408769130706787,bad1a9ed476ae381ce7b877f8c604892aea03bf8efe3726cbccfdc23fd13b731
basic_math_11|B,basic_math_11,basic_math,easy,B,A,D,,A,A,3.4716454595327377,-0.05211462080478668,-4.364973068237305,-3.5237600803375244,-4.834856033325195,916fe2472c12e023b6f2d1d819c062dd2d64f9117f0ac5da75e226db9a0b24e6
basic_math_11|R0,basic_math_11,basic_math,easy,R0,A,D,A,A,A,2.8371334299445152,-0.0979456678032875,-3.6155600547790527,-2.9350790977478027,-4.390246868133545,bc54e5c0e900bcd0383abeb7a269bc09cc15f442301c7b852c3a64b0e5279e66
basic_math_11|R2,basic_math_11,basic_math,easy,R2,A,D,A,A,A,3.798103380948305,-0.03665633127093315,-4.844643592834473,-3.8347597122192383,-5.295393943786621,bef1950bdcc0631d2a4cef99a4af74110b59d71e66ea1538931eb93d5b02eb26
basic_math_11|P,basic_math_11,basic_math,easy,P,A,D,A,A,A,4.650834867730737,-0.01838081143796444,-5.778865337371826,-4.669215679168701,-5.446380138397217,3fd0b8520e5627c0e67ab7b909c653799a188e5c7da2de212ffd4f5c75237ef5
basic_math_11|F,basic_math_11,basic_math,easy,F,A,D,A,A,A,5.23974234610796,-0.03773968666791916,-6.180514335632324,-5.277482032775879,-6.387242317199707,71e91e4a96db45faf30804386e3f2f0a7e38e230cd599e4af92d2f44c3426e28
basic_math_11|V,basic_math_11,basic_math,easy,V,A,D,A,D,D,-3.44546115398407,-3.50445818901062,-6.36942195892334,-5.3920488357543945,-0.05899703502655029,e8b69a951c5f328bd120346f5e29ac871b6ea92b6850e32ec206aca08529321e
basic_math_11|R1,basic_math_11,basic_math,easy,R1,A,D,A,A,A,3.0097923949360847,-0.0786709114909172,-3.8685250282287598,-3.088463306427002,-4.748301029205322,561ba6dde031efc4b3f6bfcbae8d834e813b3181f922839d19f5961763d4e675
basic_math_11|R3,basic_math_11,basic_math,easy,R3,A,D,A,A,A,3.871351186186075,-0.04854780063033104,-3.9342079162597656,-3.9198989868164062,-4.9577789306640625,baadeb762573937b8f1d4baf1e51c8d4a333becf7dae2e0dadfb3795e6603cc3
logical_reasoning_50|B,logical_reasoning_50,logical_reasoning,hard,B,B,D,,B,B,5.0458261501044035,-5.076693058013916,-0.03086690790951252,-6.625057697296143,-7.463195323944092,bd5678da2a8379e9bc1e73c897855361983daf81181b97f076d3289d60228a11
logical_reasoning_50|R1,logical_reasoning_50,logical_reasoning,hard,R1,B,D,B,B,B,4.808326592668891,-4.832431316375732,-0.02410472370684147,-6.7630534172058105,-8.983589172363281,9617ad2d7f588ed7dfef543d7a7c3e11d24944f220bcfbe3ac32ed3e8ceacc07
logical_reasoning_50|R2,logical_reasoning_50,logical_reasoning,hard,R2,B,D,B,B,B,4.789157837629318,-4.801023960113525,-0.011866122484207153,-6.342657566070557,-8.432727813720703,2dc8544f751f6636ff5c899dc3b32f90a37d1fa5d8913378a470969db47d3be5
logical_reasoning_50|R3,logical_reasoning_50,logical_reasoning,hard,R3,B,D,B,B,B,3.870510159060359,-3.8964617252349854,-0.02595156617462635,-5.591274261474609,-7.085350036621094,45e9272dee546a4ee6b804621dfa33f57cc45fac39fc1c84c96923281d03f4b3
logical_reasoning_50|P,logical_reasoning_50,logical_reasoning,hard,P,B,D,B,B,B,5.15580740571022,-5.199200630187988,-0.043393224477767944,-6.781004905700684,-8.66684627532959,688a236081156250e3b46f8d4751196acf4a77f62948547004126dcdc74bf524
logical_reasoning_50|F,logical_reasoning_50,logical_reasoning,hard,F,B,D,B,B,B,5.38364427536726,-5.448566436767578,-0.06492216140031815,-6.671043395996094,-8.714723587036133,dc2d29372da13664b6ad61984abbca44ca8dfa6ae801b8e73185e898fc1f2c51
logical_reasoning_50|V,logical_reasoning_50,logical_reasoning,hard,V,B,D,B,D,D,-2.297552078962326,-4.141368389129639,-2.4368622303009033,-4.340837001800537,-0.13931015133857727,1af72bc6c6f849659548bab88fcf2e5aae1e46e48492c3d09403d9b28d5b27c0
logical_reasoning_50|R0,logical_reasoning_50,logical_reasoning,hard,R0,B,D,B,B,B,4.445489918813109,-4.469970226287842,-0.0244803074747324,-6.278304576873779,-8.52875804901123,fd55cd15e1afe230693ba6a7bb3cad1a2e27a8603d10c19ee348d80e24cdb9c5
logical_reasoning_11|B,logical_reasoning_11,logical_reasoning,easy,B,A,C,,A,A,1.2458820641040802,-0.36949774622917175,-1.615379810333252,-3.1078381538391113,-2.7678608894348145,fb551876b37aea1355c4f53e72be38d9ffd3d632ba45e27eacc9d31f175c93f2
logical_reasoning_11|V,logical_reasoning_11,logical_reasoning,easy,V,A,C,A,C,C,-4.4540881011635065,-4.469757080078125,-5.832000732421875,-0.015668978914618492,-7.743396759033203,0d0a5b96f38e4eac1e7e5260a87cdb7620eb68f8b0b66035576e02ed3b39ad29
logical_reasoning_11|P,logical_reasoning_11,logical_reasoning,easy,P,A,C,A,A,A,3.875436671078205,-0.036741845309734344,-3.9121785163879395,-5.174803256988525,-5.159203052520752,812472e7df156495d9fb1619008c1307ae3e81c8ae5123b3be302e1216224218
logical_reasoning_11|R0,logical_reasoning_11,logical_reasoning,easy,R0,A,C,A,A,A,2.780752070248127,-0.07942449301481247,-2.8601765632629395,-4.659159183502197,-5.063190937042236,53e6138dc219149ac6e7ee091316f4b10d1d7186163c02132ab1839d516b1fdb
logical_reasoning_11|R1,logical_reasoning_11,logical_reasoning,easy,R1,A,C,A,A,A,3.1348572485148907,-0.05889170244336128,-3.193748950958252,-4.851673603057861,-4.935825824737549,615ea67f4246163fb3d7ef2807ee55f4d5aac66113800e834d5119f80b4ffbb1
logical_reasoning_11|R3,logical_reasoning_11,logical_reasoning,easy,R3,A,C,A,A,A,1.762971892952919,-0.1983165591955185,-1.9612884521484375,-3.9966697692871094,-3.917116165161133,42ae8218093608389a3e4292d24a422caab6182020bae3e746b36d9256119d61
logical_reasoning_11|F,logical_reasoning_11,logical_reasoning,easy,F,A,C,A,A,A,4.08921785838902,-0.030519766733050346,-4.11973762512207,-5.732141494750977,-5.757313251495361,992ee78b47479d9deca3a8323baf40aacd4b377ea9857a5cae2101536ee65428
logical_reasoning_11|R2,logical_reasoning_11,logical_reasoning,easy,R2,A,C,A,A,A,2.9863835349678993,-0.07173266261816025,-3.0581161975860596,-4.557019233703613,-4.631756782531738,7acf19fc08392d2f65cd09880e9c230b70f8df6d6a32f6bdf39c3e29219477cd
analogies_63|B,analogies_63,analogies,hard,B,B,D,,B,B,3.42000962048769,-3.5385422706604004,-0.11853265017271042,-5.92056131362915,-6.4168572425842285,d51da2af725695f16d9c13c0dde0d6d99ca04131c9c53496e8aa8b8b18fd8bfb
analogies_63|R1,analogies_63,analogies,hard,R1,B,D,B,B,B,4.62005028501153,-4.679542064666748,-0.059491779655218124,-6.2738566398620605,-8.11799430847168,384f591301993e641fbf2ba05bc91af2aea51ffb7a1c05f8deaa50fe340d39ab
analogies_63|R2,analogies_63,analogies,hard,R2,B,D,B,B,B,4.7652511689811945,-4.779261112213135,-0.01400994323194027,-6.243940830230713,-8.089056015014648,43dfc4c34a4248d647b2e5fcd50adeb4dba4db964baa25fdc77503c74fe27d0e
analogies_63|R0,analogies_63,analogies,hard,R0,B,D,B,B,B,3.8800031021237373,-3.9518067836761475,-0.07180368155241013,-6.043838024139404,-8.150276184082031,a576a95f891903bbc90226ce56be0b3c018ac6ade3abade4e359ad00ac1ca579
analogies_63|V,analogies_63,analogies,hard,V,B,D,B,D,D,-5.01419853232801,-4.697108268737793,-5.0401201248168945,-5.999134540557861,-0.025921592488884926,29d8c98fa9640bba438fa6619eee2f74df05e115e1976ba26e4380b2abe97ac1
analogies_63|P,analogies_63,analogies,hard,P,B,D,B,B,B,3.4068068489432335,-3.478943347930908,-0.07213649898767471,-5.265081882476807,-6.931976795196533,4de99b0e0d806ef274c55ed5a4c3b506aaa049f03331d4ea7f8b6eb29546dbdb
analogies_63|R3,analogies_63,analogies,hard,R3,B,D,B,B,B,3.391225792467594,-3.4326331615448,-0.04140736907720566,-5.352125644683838,-6.058697700500488,2c85208790b68c1dd4b63deef2ce89dc3a7cca39e25b8569f7afc2dc363caa7d
analogies_63|F,analogies_63,analogies,hard,F,B,D,B,B,B,4.484491441398859,-4.541556358337402,-0.05706491693854332,-6.057803153991699,-7.464137077331543,68105fc7ff7464557456b32af8bd2edf0a3a213be3680c3e2d96ab047960a797
basic_math_17|B,basic_math_17,basic_math,medium,B,D,C,,A,A,-2.283638060092926,-0.5865156054496765,-4.424108505249023,-0.9849951267242432,-2.8701536655426025,64fa63565dafad483e3fd04b7c3839493eed44173e37d29556d460e3ddd7497e
basic_math_17|R1,basic_math_17,basic_math,medium,R1,D,C,A,A,A,-4.400909572839737,-0.24414381384849548,-6.363215923309326,-1.5855191946029663,-4.645053386688232,e0b745146d41cdfb0b07a8aef95603a80e3db098bba82899cd5878980bd91fe6
basic_math_17|V,basic_math_17,basic_math,medium,V,D,C,A,C,C,-6.559924885630608,-3.714362382888794,-6.956089973449707,-0.041197970509529114,-6.601122856140137,c38b07b35f13e48cf300bfe14fb3726fa5f9ef41b2ad0ddf198d845cad86fb4c
basic_math_17|R3,basic_math_17,basic_math,medium,R3,D,C,A,A,A,-3.5489484071731567,-0.28241074085235596,-3.8862600326538086,-1.5979397296905518,-3.8313591480255127,33a9ce4b88bee3f1add6b9399f62b0f96d9d89bd95b7145abef6d3637b4bc67b
basic_math_17|F,basic_math_17,basic_math,medium,F,D,C,A,A,A,-5.734125375747681,-0.07661652565002441,-7.420619964599609,-2.751182794570923,-5.810741901397705,46ae9ca2d27af0dd65f7079396e3cb9685ce5d8c3a8ecf15fa6d1303b3dad2bb
basic_math_17|P,basic_math_17,basic_math,medium,P,D,C,A,A,A,-5.071807809174061,-0.1127358004450798,-6.630279541015625,-2.4722671508789062,-5.184543609619141,3e4d6b704231d432d327694d095356b20a933ac7832cab6d1be282d030c7a471
basic_math_17|R0,basic_math_17,basic_math,medium,R0,D,C,A,A,A,-3.2293930053710938,-0.41930150985717773,-5.279792308807373,-1.169541835784912,-3.6486945152282715,d5a1ce0d6fe0a4d4d50b919229c863927c807fade3cfe961249bc388b8f8ad5c
basic_math_17|R2,basic_math_17,basic_math,medium,R2,D,C,A,A,A,-5.232372295111418,-0.06215571239590645,-6.381653785705566,-2.942570686340332,-5.294528007507324,8b82ebfbf872194dbe56002a80740e7b9079b1602a5ddd555636f80774b2ce93
analogies_19|B,analogies_19,analogies,medium,B,A,D,,A,A,7.311624437570572,-0.17173156142234802,-7.48335599899292,-7.589624881744385,-9.417469024658203,211b1a90bb9a7205c1c6cf42cf4e55d17365152371292c5efc769278163aa20f
analogies_19|V,analogies_19,analogies,medium,V,A,D,A,D,D,-4.736953508108854,-4.7559428215026855,-7.071849346160889,-6.680658340454102,-0.018989313393831253,6dbedb4a268812f67cc23eff465f7b224f4c752d82b929f0134cee01a58e616f
analogies_19|R0,analogies_19,analogies,medium,R0,A,D,A,A,A,7.692733962088823,-0.05797795578837395,-7.8046135902404785,-7.750711917877197,-9.675573348999023,00f0118ef07c2fec5729136fcf2f1cb54c4e38f003e0495363b95c0e6b9d44a8
analogies_19|R2,analogies_19,analogies,medium,R2,A,D,A,A,A,7.809436646057293,-0.0022794336546212435,-8.04640007019043,-7.811716079711914,-9.623136520385742,0ab94c0f8ec5997fc3171545024c0669633a2211458d831f0ac354e118a39ef7
analogies_19|F,analogies_19,analogies,medium,F,A,D,A,A,A,7.376962445676327,-0.1099846139550209,-7.486947059631348,-7.820870399475098,-9.578550338745117,a5b4112d953ce2efbf478ae4a97bc34313d84e9edd60fd7deac929db62db32be
analogies_19|P,analogies_19,analogies,medium,P,A,D,A,A,A,7.506541911512613,-0.03519659861922264,-7.541738510131836,-7.551149845123291,-9.38410758972168,93190fa47ccadfebfc0629f43a9bff530f3e8d9b8be96dc293ce331f627c0184
analogies_19|R3,analogies_19,analogies,medium,R3,A,D,A,A,A,5.763572429772466,-0.006049896124750376,-5.769622325897217,-6.438297271728516,-7.609656810760498,1185678c2e49584f0da0a616db8c0413d428d06568af86da2337e2334589529f
analogies_19|R1,analogies_19,analogies,medium,R1,A,D,A,A,A,8.248666558414698,-0.03149339184165001,-8.613593101501465,-8.280159950256348,-10.46249008178711,4514cd724755dea2063a4883a7138d293bdab21f4c9a5f29ed5ba86543a40103
word_problems_14|B,word_problems_14,word_problems,easy,B,A,D,,A,A,0.5274277329444885,-0.739193856716156,-1.8607397079467773,-1.2666215896606445,-3.882754325866699,67afa619def62c0ad99a3a7d635acb5e65d9f037557fbbd19fc5e289de14419f
word_problems_14|R1,word_problems_14,word_problems,easy,R1,A,D,A,A,A,3.457775227725506,-0.0632261112332344,-3.56996488571167,-3.5210013389587402,-7.444507122039795,eafa31787205c62bbc7a5e09d203ca9f6578653106664a9cfb4d016d9400d9e0
word_problems_14|P,word_problems_14,word_problems,easy,P,A,D,A,A,A,2.0165730714797974,-0.28623640537261963,-2.302809476852417,-2.997074604034424,-6.006491184234619,133f88719b99e72cccb01c5ed2e1ac4d40ed27aa6eb852ed8dd07894d6acfeb6
word_problems_14|R2,word_problems_14,word_problems,easy,R2,A,D,A,A,A,3.7686939015984535,-0.038021109998226166,-4.369455337524414,-3.8067150115966797,-7.387233734130859,e167ff447f6bc79ca3bf30220e52e46aea7eff97d7ba42a7a63ec3dd09d1c6b3
word_problems_14|R0,word_problems_14,word_problems,easy,R0,A,D,A,A,A,1.7583234757184982,-0.2445957213640213,-2.0029191970825195,-2.5740559101104736,-6.1242475509643555,2c4fdd3c5498cf04b16c248313871857de864aa2fae606d0757a772f9dde0146
word_problems_14|R3,word_problems_14,word_problems,easy,R3,A,D,A,A,A,1.6067637652158737,-0.24124355614185333,-1.848007321357727,-3.024000406265259,-4.9443206787109375,a74950488f835745814d7450d8ba22825611f651364127df60aa55afecaf8b02
word_problems_14|V,word_problems_14,word_problems,easy,V,A,D,A,D,D,-3.486612405627966,-3.536022663116455,-5.424404621124268,-4.655724048614502,-0.04941025748848915,9555f77827057122158540705aac5e6d6f2fb88601f936cd56b560102df37cc3
word_problems_14|F,word_problems_14,word_problems,easy,F,A,D,A,A,A,2.4827499240636826,-0.1900334507226944,-2.672783374786377,-3.77817964553833,-6.8193135261535645,3731d5a26f690443e62983cfea62b3b4c71fe9bbfbf75b60ffa1cc3787562a81
logical_reasoning_54|B,logical_reasoning_54,logical_reasoning,hard,B,C,D,,C,C,5.3881875313818455,-5.425670623779297,-6.373868942260742,-0.0374830923974514,-6.83772087097168,c63f689681d617a2d1ea067fd3832fce141ce3f4b4ebc9c8a522fa5a32d74675
logical_reasoning_54|R2,logical_reasoning_54,logical_reasoning,hard,R2,C,D,C,C,C,5.898176490794867,-5.905891418457031,-7.030848979949951,-0.007714927662163973,-8.407730102539062,01a35a027aa1708f9e97bb559b10028245a130f9b222555b2b4a8f5dc9108a11
logical_reasoning_54|R0,logical_reasoning_54,logical_reasoning,hard,R0,C,D,C,C,C,5.673150934278965,-5.773561000823975,-6.364383220672607,-0.10041006654500961,-8.146125793457031,26f9f96fb13cce9c5b7ac25c31b6690a0ccbab0de0884afc18e623cd1da2ddb5
logical_reasoning_54|F,logical_reasoning_54,logical_reasoning,hard,F,C,D,C,C,C,6.184334099292755,-6.264374732971191,-7.058990955352783,-0.08004063367843628,-8.06236743927002,5c7d8155b42cdda5cea8ac306c85f5dfccbf1c0f32207ce491c237555c46bfc7
logical_reasoning_54|R1,logical_reasoning_54,logical_reasoning,hard,R1,C,D,C,C,C,6.107467800378799,-6.124088287353516,-7.129100799560547,-0.016620486974716187,-8.770454406738281,1ef40c562091141d2fd3daa89b7cc49e41c14bc9baecb76a98a9a318a5f7fac5
logical_reasoning_54|R3,logical_reasoning_54,logical_reasoning,hard,R3,C,D,C,C,C,4.69518081471324,-5.018205642700195,-4.713226318359375,-0.01804550364613533,-6.230241775512695,5df765eb7adb5fa942ee6f9ea245f5c1000c4ebc0800fa24caccdf5adc574b3e
logical_reasoning_54|P,logical_reasoning_54,logical_reasoning,hard,P,C,D,C,C,C,5.7827548161149025,-5.820887565612793,-6.400189399719238,-0.03813274949789047,-7.690770149230957,8ab6518d54a59e05b6e48e552561351df6164c0c2c18f796137188e8a8ca958c
logical_reasoning_54|V,logical_reasoning_54,logical_reasoning,hard,V,C,D,C,D,D,-3.6401443406939507,-4.735570430755615,-5.718657970428467,-3.6802802085876465,-0.04013586789369583,209b23fe6c23e9f4a0a0dbb4e82930af0601f8d416912207554b47b18a935acf
reading_comprehension_29|B,reading_comprehension_29,reading_comprehension,medium,B,A,C,,B,B,-1.546333372592926,-2.20255970954895,-0.6562263369560242,-2.927027940750122,-1.645650029182434,a88a8013301f4f9963f659f5becf54dd87cced291704cf6698586b1a1581f5cd
reading_comprehension_29|P,reading_comprehension_29,reading_comprehension,medium,P,A,C,B,B,B,-1.7733955681324005,-2.0866305828094482,-0.31323501467704773,-3.9015891551971436,-2.93721079826355,7a925e32429914bdc699669c009866dc18a09f02ce48ec6e423065505421f392
reading_comprehension_29|F,reading_comprehension_29,reading_comprehension,medium,F,A,C,B,B,B,-2.5204677283763885,-2.689981698989868,-0.16951397061347961,-4.6264729499816895,-3.3079607486724854,643c7399b4df811648d1b7c57c92711fb4fc3029aa603390e5e5b09cc4bb9873
reading_comprehension_29|R0,reading_comprehension_29,reading_comprehension,medium,R0,A,C,B,B,B,-1.541444718837738,-1.9820530414581299,-0.44060832262039185,-3.4283535480499268,-2.8066093921661377,d6d2011e6073d57423db74a052a70846a7752f8d502bdf87c9a300d5458c17a2
reading_comprehension_29|R1,reading_comprehension_29,reading_comprehension,medium,R1,A,C,B,B,B,-1.8275145292282104,-2.114373207092285,-0.2868586778640747,-3.807530641555786,-3.031172752380371,34b918e132c57204f010f43d390ab3a70eeebd59f4a8e124670c21233962d4bf
reading_comprehension_29|V,reading_comprehension_29,reading_comprehension,medium,V,A,C,B,C,C,-4.2014829106628895,-4.236578941345215,-4.759119987487793,-0.03509603068232536,-5.147036552429199,dedf65d65a97ec990a12bb87ccfd89e7eda35d56fd8d89ec6ae65c59327fa5c4
reading_comprehension_29|R3,reading_comprehension_29,reading_comprehension,medium,R3,A,C,B,B,B,-1.485128402709961,-1.8765206336975098,-0.39139223098754883,-3.2144722938537598,-2.0514893531799316,69ccd8d5bd4f42a87ced2df21e834184832c17102be1eb443220eca28880b9d3
reading_comprehension_29|R2,reading_comprehension_29,reading_comprehension,medium,R2,A,C,B,B,B,-2.006605014204979,-2.250370740890503,-0.243765726685524,-3.727198362350464,-2.4958293437957764,c70400c8a1891cda98b1cdccf3a544249e588fd527173e5a07f196ba86c04558
scientific_facts_61|B,scientific_facts_61,scientific_facts,hard,B,D,B,,D,D,0.5674439072608948,-2.0337636470794678,-1.1936603784561157,-3.530385732650757,-0.626216471195221,dbbe05504a31d9e5fd82d266b9e238fb609ff6182709fcde67de3065a2800fab
scientific_facts_61|F,scientific_facts_61,scientific_facts,hard,F,D,B,D,D,D,3.023670256137848,-3.1803033351898193,-3.477926015853882,-4.32101583480835,-0.15663307905197144,c5bdf9bc97fc5128873d6d5335854a40296b0cd45ef6f709de953bf649d3b024
scientific_facts_61|R2,scientific_facts_61,scientific_facts,hard,R2,D,B,D,D,D,1.6759585738182068,-1.9615895748138428,-2.714769124984741,-3.6752889156341553,-0.285631000995636,c18bdabf26693951eb491d9062d73cd087ad60d933be6409ecbaaba667bb8e79
scientific_facts_61|V,scientific_facts_61,scientific_facts,hard,V,D,B,D,B,B,-5.245343904942274,-5.37656831741333,-0.017654675990343094,-6.325340747833252,-5.262998580932617,e36a61d12a77c2736600925462be70d0201db5eb85686225fb9c9f070e700571
scientific_facts_61|R1,scientific_facts_61,scientific_facts,hard,R1,D,B,D,D,D,2.13505557179451,-2.3487422466278076,-2.870426893234253,-3.448044538497925,-0.21368667483329773,5ac98a573d17c5f16aa820277966fecad50afe93cf30e405b6e3618c9404cb88
scientific_facts_61|P,scientific_facts_61,scientific_facts,hard,P,D,B,D,D,D,2.104036420583725,-2.404139757156372,-3.3814327716827393,-4.0889482498168945,-0.3001033365726471,bd553187cc1ce7dae9ae268561924b183ae5804c8515b433c2d88f5c1692fa36
scientific_facts_61|R3,scientific_facts_61,scientific_facts,hard,R3,D,B,D,D,D,1.5515957474708557,-2.3635482788085938,-1.8711433410644531,-3.7959117889404297,-0.3195475935935974,194148cd62eb379d421d8805322f389d5dc38be6d1d55461ffec80bb95046c4a
scientific_facts_61|R0,scientific_facts_61,scientific_facts,hard,R0,D,B,D,D,D,1.428037703037262,-1.9411940574645996,-2.2956385612487793,-3.0062975883483887,-0.5131563544273376,53019876be77e3ff4ac4bf8557829485fcbaddf629bffb4a68d5f2dfc2ba8b34
basic_math_37|B,basic_math_37,basic_math,medium,B,B,C,,A,A,-1.8851414322853088,-0.635011613368988,-2.520153045654297,-1.5596199035644531,-1.7345218658447266,730e9d5a620dc0f1c53afb3bab9f3505c7b784a148b367ef546719148234643c
basic_math_37|V,basic_math_37,basic_math,medium,V,B,C,A,C,C,-6.590951714664698,-3.8131425380706787,-6.62813138961792,-0.037179674953222275,-5.766790390014648,d9c9818362276d198e3e620705be71768e962a23d608bcccc2e97f0c458e9d51
basic_math_37|R0,basic_math_37,basic_math,medium,R0,B,C,A,A,A,-3.538476899266243,-0.13894538581371307,-3.677422285079956,-3.27917742729187,-2.7175261974334717,817b34de1d3e61d8f5f602c517a0f60692df3b1400dc9edde3a7cb9b261d34e9
basic_math_37|P,basic_math_37,basic_math,medium,P,B,C,A,A,A,-5.090303350239992,-0.06123454496264458,-5.151537895202637,-4.095393180847168,-3.751208543777466,cbe946e33ba9784d4879c8a8c6837c6c2b58e15e8bf69b05e7e67d855a3bc8fc
basic_math_37|R3,basic_math_37,basic_math,medium,R3,B,C,A,A,A,-2.5577354580163956,-0.17797969281673431,-2.73571515083313,-3.4272243976593018,-2.7418854236602783,a68f54a68c30c73ea139214387991b94a147118892fa6029c3d073f35ba5f01e
basic_math_37|R2,basic_math_37,basic_math,medium,R2,B,C,A,A,A,-5.416251875460148,-0.021133683621883392,-5.437385559082031,-4.839176654815674,-4.837131977081299,00ae9548ccb2f444eebfefa671467da5c1493beb8a2c7807eb73f4b076e83e41
basic_math_37|F,basic_math_37,basic_math,medium,F,B,C,A,A,A,-6.034644788131118,-0.02865343727171421,-6.063298225402832,-5.761180400848389,-4.6148810386657715,25205d06f4a997eec6e87e0c79b66c8f2745bff812b9b37d7f1b6696e3ab58a2
basic_math_37|R1,basic_math_37,basic_math,medium,R1,B,C,A,A,A,-4.461816795170307,-0.0702967569231987,-4.532113552093506,-3.9013705253601074,-3.3193068504333496,2585c6b8bcf0e22e2deec555971a062e22b34ee871a381a23ededc0f2d9b3701
word_problems_4|B,word_problems_4,word_problems,easy,B,D,A,,C,C,-1.409116804599762,-1.2271753549575806,-2.217400312423706,-0.8655478358268738,-2.2746646404266357,fbb8ceee83ddc2435fb5552e7c9095df36a910def7f6599b9d3ed4edf35c1b81
word_problems_4|F,word_problems_4,word_problems,easy,F,D,A,C,C,C,-3.386896073818207,-2.2407009601593018,-4.295804500579834,-0.5790703892707825,-3.9659664630889893,46c5a3eb190b69fe70dba863817968e74b5ccd20939aff54180afcf3573991d3
word_problems_4|R0,word_problems_4,word_problems,easy,R0,D,A,C,C,C,-2.688161849975586,-1.590133786201477,-2.655231475830078,-0.39235687255859375,-3.0805187225341797,073906cabbad6158c7308dcc1135f4528a507c6b6c69af3e9db1d068469f76b5
word_problems_4|P,word_problems_4,word_problems,easy,P,D,A,C,C,C,-3.112669050693512,-2.0057215690612793,-3.6219096183776855,-0.7358145117759705,-3.8484835624694824,bd2ffe660fddcdef2ad4acf52804b965c835299d82b5eb144037e06d668df9cc
word_problems_4|V,word_problems_4,word_problems,easy,V,D,A,C,A,A,-7.909942418336868,-0.01987716555595398,-5.735636234283447,-4.8873772621154785,-7.929819583892822,4769986d8879782105ff4aa3542697abc8a47f16ff64081eebdc9b7f61872a1a
word_problems_4|R3,word_problems_4,word_problems,easy,R3,D,A,C,C,C,-2.4253292083740234,-1.723224401473999,-2.4511659145355225,-0.395435094833374,-2.8207643032073975,8c1aa611f9aa4e18deee9765f45df9b2647090e29a195027f53d504d4852ede0
word_problems_4|R1,word_problems_4,word_problems,easy,R1,D,A,C,C,C,-3.032062530517578,-1.8886995315551758,-3.023430824279785,-0.29163074493408203,-3.32369327545166,541706e0733aacbbf65fd75668adead70867906955850ba2a67bf18d242eedf7
word_problems_4|R2,word_problems_4,word_problems,easy,R2,D,A,C,C,C,-3.951603040099144,-2.1092872619628906,-3.9568023681640625,-0.18210209906101227,-4.133705139160156,fecdc8b82dd6e512bae8936ac4c3f637c71cdea9436506bfff5c783b127775a7
scientific_facts_54|B,scientific_facts_54,scientific_facts,hard,B,B,C,,A,A,-0.41408729553222656,-1.0525425672531128,-1.4666298627853394,-1.5251606702804565,-1.6603535413742065,29024c6d238ab4853a52b7b924835b63ff7b0675507034750b668b6ff9efd1b2
scientific_facts_54|V,scientific_facts_54,scientific_facts,hard,V,B,C,A,C,C,-5.434402193874121,-3.707374334335327,-5.479773998260498,-0.045371804386377335,-5.339153289794922,931e4eae4794291a63233daf06b4ba53d705658eb6bbb96cddc36ff45dcfc3a7
scientific_facts_54|P,scientific_facts_54,scientific_facts,hard,P,B,C,A,A,A,-2.763769179582596,-0.2000403106212616,-2.9638094902038574,-3.4674105644226074,-4.029050350189209,dad7b9cd5da0b018e9da4cbcdf463fcb57a452d7bf9e06c0932e9d4d8a8397f7
scientific_facts_54|R0,scientific_facts_54,scientific_facts,hard,R0,B,C,A,A,A,-1.1664427816867828,-0.4488550126552582,-1.615297794342041,-2.7557244300842285,-4.42009973526001,55038899086c11215c99899aff78239e6d01740fbaa35c4c025838c98823b9b3
scientific_facts_54|R1,scientific_facts_54,scientific_facts,hard,R1,B,C,A,A,A,-1.4277839660644531,-0.2949148416519165,-1.7226988077163696,-2.943413257598877,-3.9262452125549316,f785506049a2f8b3d5743f97fcbb1bf4cd68f8cb2b8bffd77ad15ed80032d00d
scientific_facts_54|R2,scientific_facts_54,scientific_facts,hard,R2,B,C,A,A,A,-2.761735901236534,-0.1923389583826065,-2.9540748596191406,-2.244180679321289,-4.4093170166015625,ef44e7a0b990902ecd068df0c3b2e12569ee7357f0f1d461e4260f87b5128896
scientific_facts_54|F,scientific_facts_54,scientific_facts,hard,F,B,C,A,A,A,-2.290796175599098,-0.22577892243862152,-2.5165750980377197,-3.512939691543579,-4.658339023590088,61cb119e6c33e9bf6988ed6bf6d0814bb68ece92c07feb59bb785cfa485c6539
scientific_facts_54|R3,scientific_facts_54,scientific_facts,hard,R3,B,C,A,A,A,-0.7433223128318787,-0.54506915807724,-1.2883914709091187,-2.268578052520752,-3.2872281074523926,eafd9ff06deaf77a89f2df5e220d551a4f5ab974c38528af2ae1d625d141ab4a
basic_math_7|B,basic_math_7,basic_math,easy,B,C,A,,C,C,1.0277195274829865,-3.7283008098602295,-2.52622127532959,-0.41837772727012634,-1.4460972547531128,3e27d36d445077104250275703d850d22fcd7e002c2d1cd1317c9b55dc168a0d
basic_math_7|R1,basic_math_7,basic_math,easy,R1,C,A,C,C,C,2.7998046278953552,-5.22599458694458,-5.285040378570557,-0.07015448808670044,-2.8699591159820557,e8a4cf0c4bc31213ba14fbdaf3b49f9cdc39b9de013fef9d812d3ac342ac91df
basic_math_7|F,basic_math_7,basic_math,easy,F,C,A,C,C,C,3.836481027305126,-6.004659652709961,-6.014118194580078,-0.03422553092241287,-3.870706558227539,8617533c366aef430511a8a9a7931a23e9248629c2accca66cf9f444d3ce941f
basic_math_7|R0,basic_math_7,basic_math,easy,R0,C,A,C,C,C,2.1470833122730255,-4.460163593292236,-4.45644998550415,-0.1353270709514618,-2.2824103832244873,8de190729de782a30d5a678d24ea03b1b4f4ce2e04d7b7f713c9527f890b4f29
basic_math_7|R3,basic_math_7,basic_math,easy,R3,C,A,C,C,C,2.4087161868810654,-3.960270643234253,-3.6571261882781982,-0.1339595466852188,-2.542675733566284,0afa970131f620f60c4d8319f7b028198becb98afade4c4a22340c346fe3055b
basic_math_7|R2,basic_math_7,basic_math,easy,R2,C,A,C,C,C,3.6665707789361477,-4.873217582702637,-5.6983747482299805,-0.03759491816163063,-3.7041656970977783,f8e142915481d35ce602ffbe142e1fe387e6122d68e225e69fdc6fc9b29b8529
basic_math_7|V,basic_math_7,basic_math,easy,V,C,A,C,A,A,-3.6105842255055904,-0.03452256694436073,-5.545810222625732,-3.645106792449951,-7.9358439445495605,24e75ac78eabf018cd78eb130fad77d93fae7a5958b17bf6d210b8b0e9234d74
basic_math_7|P,basic_math_7,basic_math,easy,P,C,A,C,C,C,3.210121225565672,-5.260622501373291,-5.559961795806885,-0.051630664616823196,-3.261751890182495,a3d7b1aa6f1f95ecc36d6649492fb45886c50d049ddc52b163f77f58289ed416
basic_math_40|B,basic_math_40,basic_math,medium,B,A,B,,A,A,2.0450248271226883,-0.16546230018138885,-3.4784486293792725,-4.914031505584717,-2.210487127304077,9aab4ec0b4602ce7f649198dc8fd4aab2a709644de5756649a24d8ec061ad7df
basic_math_40|V,basic_math_40,basic_math,medium,V,A,B,A,B,B,-3.8744011633098125,-3.9029381275177,-0.02853696420788765,-6.45851993560791,-7.742325782775879,c4c883bc2155300a24ee54b5df1f2c91bdd3494e950096188e6767d89309b164
basic_math_40|F,basic_math_40,basic_math,medium,F,A,B,A,A,A,3.558855153620243,-0.04123511165380478,-6.077169418334961,-6.823341369628906,-3.600090265274048,cba0562c53f31488fe83d995592640390c6a4a760602a919f5c6404bb0540714
basic_math_40|R3,basic_math_40,basic_math,medium,R3,A,B,A,A,A,3.3463820591568947,-0.0680144652724266,-3.7845864295959473,-4.68541955947876,-3.4143965244293213,1e632eb1995ff4083d1c9d3526f6e148b0caf3eeb4a9ef2c99b6b243aa290963
basic_math_40|R0,basic_math_40,basic_math,medium,R0,A,B,A,A,A,2.210172638297081,-0.1293203979730606,-4.315462112426758,-4.81364107131958,-2.3394930362701416,b976d72972e2191c2112f461c6d0a23ecacd51c31b1ed3c5e1ee70923e3bd3b7
basic_math_40|R1,basic_math_40,basic_math,medium,R1,A,B,A,A,A,3.7863081842660904,-0.03256236016750336,-5.4722442626953125,-5.867406845092773,-3.8188705444335938,d5e4da840639dc989d9dda110bbb704e75f960a15586c18e8417062fcdbe4a19
basic_math_40|R2,basic_math_40,basic_math,medium,R2,A,B,A,A,A,5.288854722864926,-0.010921354405581951,-6.151651382446289,-6.093669891357422,-5.299776077270508,acfcf74a0c37c9a95bd03decaa078dafa48d183541228d519eef89e741442348
basic_math_40|P,basic_math_40,basic_math,medium,P,A,B,A,A,A,2.6063060387969017,-0.08905986696481705,-5.24836540222168,-5.50031852722168,-2.6953659057617188,37c3cd1dc674ab39f085677be810619dbe99322a3804719b463a7fae92525094
word_problems_53|B,word_problems_53,word_problems,hard,B,C,A,,C,C,0.906883180141449,-1.9486602544784546,-2.2424492835998535,-0.6311095356941223,-1.5379927158355713,c305cc986c193c8b826df410eaa9cd5158bb52c8b257ccfd1da74df3d579c97d
word_problems_53|V,word_problems_53,word_problems,hard,V,C,A,C,A,A,-4.970973968505859,-0.054392337799072266,-5.429129123687744,-5.025366306304932,-7.222193241119385,54fd86e178c397fba87dcb6218c07bc1484450658b3735ec728026d3efca9074
word_problems_53|P,word_problems_53,word_problems,hard,P,C,A,C,C,C,2.4943047165870667,-2.858330249786377,-3.6341729164123535,-0.3640255331993103,-3.577824115753174,b96dd1562d9b0bd885d1cea072962861e940a1320a2930bca3289ec0a4ed412e
word_problems_53|R3,word_problems_53,word_problems,hard,R3,C,A,C,C,C,2.450794279575348,-2.6550991535186768,-2.8731529712677,-0.20430487394332886,-2.8811562061309814,1b2d92f854922aa131bbf4098c06e97e2f15f2f874b5eef2f2330f814c3dd7f0
word_problems_53|R2,word_problems_53,word_problems,hard,R2,C,A,C,C,C,2.3058242350816727,-2.499072313308716,-3.172065258026123,-0.19324807822704315,-3.0338051319122314,8b3ddad909e38e3489a5a3bb82178ef59430025445ca75bef40b5576af5cc722
word_problems_53|R0,word_problems_53,word_problems,hard,R0,C,A,C,C,C,1.6386718451976776,-2.0144760608673096,-2.420119524002075,-0.37580421566963196,-2.693305253982544,bc25b5b455b84e043fb93f0ddcf91d90b7039844dcfe7a76e69bd70473006a49
word_problems_53|F,word_problems_53,word_problems,hard,F,C,A,C,C,C,2.817743331193924,-3.1380386352539062,-3.8057289123535156,-0.3202953040599823,-3.5737152099609375,99b9c9e45354647f6eaafcff3dc356eccdd0d9e2d2fa7b69579ed0cd174b1b89
word_problems_53|R1,word_problems_53,word_problems,hard,R1,C,A,C,C,C,2.4055766612291336,-2.5995256900787354,-3.1023123264312744,-0.19394902884960175,-2.95741868019104,be46371bf8512df5b64c7e32845402f7e01d2fc8ef3183e769489b0863bfc0ac
analogies_20|B,analogies_20,analogies,medium,B,D,A,,D,D,7.14251525234431,-8.597408294677734,-8.711374282836914,-7.154633045196533,-0.01211779285222292,166fb654c810b3f97a2e7d1d436fa32d7bc54f033d3e6cd59c388b755f9d0bf4
analogies_20|R2,analogies_20,analogies,medium,R2,D,A,D,D,D,5.32604212500155,-6.788342475891113,-7.369101524353027,-5.333962440490723,-0.007920315489172935,45571428f1fe9e4605ae84f43c74613e75ce0eb1a3a07bd6556ece34aca0e3f2
analogies_20|P,analogies_20,analogies,medium,P,D,A,D,D,D,5.305725287646055,-7.184627056121826,-7.461463451385498,-5.3649516105651855,-0.059226322919130325,fc0f27dbd134fe2b0abc1b58edbf367f126e38dcb5786abb3a8b3388c39cb2f2
analogies_20|V,analogies_20,analogies,medium,V,D,A,D,A,A,-5.70849424879998,-0.00904983002692461,-6.13685941696167,-6.552932262420654,-5.717544078826904,10ff7f0dbc15bf2a8775f5c2c7af17e5aa2b20384f09908b6e56ffe7fad8e618
analogies_20|R0,analogies_20,analogies,medium,R0,D,A,D,D,D,5.112819653004408,-6.937498092651367,-7.31867790222168,-5.173828125,-0.06100847199559212,32cb947033a1206571941dd1d9e665b96e2ac78f95a206dadcc3ea2720f14314
analogies_20|R1,analogies_20,analogies,medium,R1,D,A,D,D,D,5.702072203159332,-7.341927528381348,-7.9586381912231445,-5.7360734939575195,-0.034001290798187256,787e3be4ef0365b3b9ff1288158e951af0288d00277f305da3ac18d569d4f2d7
analogies_20|R3,analogies_20,analogies,medium,R3,D,A,D,D,D,5.0154761811718345,-6.168345928192139,-6.31990385055542,-5.026742458343506,-0.01126627717167139,6ef1045762b06a7643c91d93486bec4b9a9f30ec15f8fc8688af00a8e459f93d
analogies_20|F,analogies_20,analogies,medium,F,D,A,D,D,D,6.663978699594736,-8.2749605178833,-8.790141105651855,-6.6898298263549805,-0.02585112676024437,5fb5038ce1a4c2a5ead15d0c833a66c0b7274e7742761c53f43905751e83d6e9
causal_reasoning_7|B,causal_reasoning_7,causal_reasoning,easy,B,D,A,,D,D,3.709474563598633,-3.802016258239746,-5.036871910095215,-4.045287132263184,-0.09254169464111328,5dfaae83f824bd8f8c3d0fa5cca087601b7427f34ef6cf7ab661e014300f57df
causal_reasoning_7|R1,causal_reasoning_7,causal_reasoning,easy,R1,D,A,D,D,D,5.08731066994369,-5.104227066040039,-7.415618896484375,-5.4124908447265625,-0.016916396096348763,e3c57093c0c30fc6d4537573d699bdb2535a62dad781c545d9ee13d8b4a9d0c9
causal_reasoning_7|R3,causal_reasoning_7,causal_reasoning,easy,R3,D,A,D,D,D,3.8570059686899185,-3.8995907306671143,-5.54391622543335,-4.1352362632751465,-0.04258476197719574,2756d8b49334708008a3e0d24df801e056c95dfeacdb18bbee34842651beeac7
causal_reasoning_7|R0,causal_reasoning_7,causal_reasoning,easy,R0,D,A,D,D,D,4.298587877303362,-4.340887069702148,-6.427242279052734,-4.705524444580078,-0.042299192398786545,38fcc028d09c7c5d1786b1689d474794bb6bcb671898a38147febc3aaebcda51
causal_reasoning_7|P,causal_reasoning_7,causal_reasoning,easy,P,D,A,D,D,D,4.932183979079127,-4.961507320404053,-6.989713668823242,-5.334238052368164,-0.029323341324925423,80fd4c50dde95282f0eb39579f4dd8c750aed7efe4dc8b6124ba658d2d016ae8
causal_reasoning_7|R2,causal_reasoning_7,causal_reasoning,easy,R2,D,A,D,D,D,4.905889328569174,-4.92181396484375,-6.855140686035156,-5.1977691650390625,-0.015924636274576187,691a97877e697545611033921c8d40bd58b22abb7132356090b37bfca1aaf914
causal_reasoning_7|V,causal_reasoning_7,causal_reasoning,easy,V,D,A,D,A,A,-4.793367521837354,-0.010782105848193169,-7.245182037353516,-7.3866095542907715,-4.804149627685547,58ca351f1ace2b2bc8f062774733d7bda4400aed5d8743491a09714fa910fa13
causal_reasoning_7|F,causal_reasoning_7,causal_reasoning,easy,F,D,A,D,D,D,5.101017076522112,-5.126164436340332,-7.00930118560791,-5.506638526916504,-0.02514735981822014,fb7a13a9c38c37106bc9e92db43f7c988fef4a1298ffad11fc246330d299b4e3
reading_comprehension_66|B,reading_comprehension_66,reading_comprehension,hard,B,A,D,,A,A,5.078792653977871,-0.05580178648233414,-6.87601900100708,-5.134594440460205,-5.609631061553955,489aa3df1454e23d33e272e9ac304b01ba5cf11650d750a6f8eee2a6c31355c3
reading_comprehension_66|V,reading_comprehension_66,reading_comprehension,hard,V,A,D,A,D,D,-3.8432141430675983,-3.8701369762420654,-6.113001346588135,-6.279442310333252,-0.026922833174467087,78aa459ac15c0460bc9f21a5c6f2b6fb3efbc80a7be9a6d4f15438619a656c88
reading_comprehension_66|R0,reading_comprehension_66,reading_comprehension,hard,R0,A,D,A,A,A,6.54360782681033,-0.006115321535617113,-7.3674092292785645,-6.549723148345947,-7.636656284332275,2520980403e086a2b3bbe711be785e5aaac4d62542bed2646f5474359812f1ea
reading_comprehension_66|R3,reading_comprehension_66,reading_comprehension,hard,R3,A,D,A,A,A,4.949388725683093,-0.02026345022022724,-4.96965217590332,-5.034931182861328,-5.109416961669922,da65dc31cbb64f81ba6223ff8badfc32b207c8f6b38cc9b653e280f889079121
reading_comprehension_66|P,reading_comprehension_66,reading_comprehension,hard,P,A,D,A,A,A,6.972614262253046,-0.009397055953741074,-7.361344814300537,-6.982011318206787,-7.709701061248779,175fb8e549e1a4f273777dba83c4f865d5ac00c2c9fe379a3d54f4e005d6ef17
reading_comprehension_66|R1,reading_comprehension_66,reading_comprehension,hard,R1,A,D,A,A,A,7.174247872084379,-0.008099425584077835,-7.742680549621582,-7.182347297668457,-8.3474702835083,98130c57b5ad5a2737e0e4b1936f96ce9e12561fdb8ee182aa4de5a8016d1a6e
reading_comprehension_66|R2,reading_comprehension_66,reading_comprehension,hard,R2,A,D,A,A,A,6.88932605041191,-0.002361819613724947,-7.454105854034424,-6.891687870025635,-7.725620746612549,934cc3d348d027796ee576ba8440364c22b029322e102d92152f8254037601d4
reading_comprehension_66|F,reading_comprehension_66,reading_comprehension,hard,F,A,D,A,A,A,6.871917936485261,-0.004471090156584978,-7.412464618682861,-6.876389026641846,-7.3809814453125,39ff36812ef89a449d96e07fce33c1853982e685836e7154b08c26a1594a5f53
logical_reasoning_8|B,logical_reasoning_8,logical_reasoning,easy,B,D,B,,D,D,7.9741267543286085,-7.988299369812012,-10.609125137329102,-8.687621116638184,-0.014172615483403206,d730cb584f81a58e9320dc4ef4c021d4d14ec360738c725d949ab589ffc3eebe
logical_reasoning_8|V,logical_reasoning_8,logical_reasoning,easy,V,D,B,D,B,B,-3.1766222640872,-3.6935832500457764,-0.07135260850191116,-5.893860340118408,-3.2479748725891113,d69bc27569e44a5a49abb3795d076aeee7ff3d8904da8b64eb2261facccec560
logical_reasoning_8|R3,logical_reasoning_8,logical_reasoning,easy,R3,D,B,D,D,D,5.371021102182567,-5.37946081161499,-7.738553524017334,-6.1459059715271,-0.008439709432423115,746e7f47ce56e1ac0357f2402a61843e29c02999a7dda91fc88500b640fa17cd
logical_reasoning_8|R2,logical_reasoning_8,logical_reasoning,easy,R2,D,B,D,D,D,6.587577727157623,-6.5924835205078125,-9.612065315246582,-7.082057952880859,-0.004905793350189924,bd4a11141f54ecf79e8744353664fd59016a6627cedd3b95f31f908265b4897d
logical_reasoning_8|R0,logical_reasoning_8,logical_reasoning,easy,R0,D,B,D,D,D,6.699415307492018,-6.750418663024902,-9.539124488830566,-6.769862174987793,-0.0510033555328846,06cace6459598fda14f71e6b95bcf3ea567f89fd58a6906d1f436f66d4b00a5f
logical_reasoning_8|R1,logical_reasoning_8,logical_reasoning,easy,R1,D,B,D,D,D,6.432073698379099,-6.447146415710449,-9.619107246398926,-7.006899833679199,-0.01507271733134985,a1b778a029690864fbce03652be018cc5811cf8692fd1658679b65dc228b50bf
logical_reasoning_8|F,logical_reasoning_8,logical_reasoning,easy,F,D,B,D,D,D,6.60643757879734,-6.632613182067871,-9.382488250732422,-7.29555606842041,-0.0261756032705307,e900b4b7b4ece1084eaffb459c05bb1dc50d69d68cf4fbc0862dfdfeb89d4ab2
logical_reasoning_8|P,logical_reasoning_8,logical_reasoning,easy,P,D,B,D,D,D,6.609914988279343,-6.748113632202148,-9.71524715423584,-7.309223175048828,-0.1381986439228058,69059e589d817766d89bc7e187124b776fee3a872101644c0455ef7fed31544a
logical_reasoning_27|B,logical_reasoning_27,logical_reasoning,medium,B,A,C,,A,A,2.661853849887848,-0.37922829389572144,-6.3137407302856445,-3.0410821437835693,-5.469235897064209,ff6ffca0d29a92e2fd36ab8c7eb124e8563cb21a62a99d463d101afd25b9120c
logical_reasoning_27|R2,logical_reasoning_27,logical_reasoning,medium,R2,A,C,A,A,A,5.26601595710963,-0.011456538923084736,-6.85164737701416,-5.277472496032715,-7.898684501647949,b9e9d1250f083b40dfac30d4df64f3ad1bb8f2e4a4259ff0324ab397c78c7aa8
logical_reasoning_27|F,logical_reasoning_27,logical_reasoning,medium,F,A,C,A,A,A,5.125810414552689,-0.0910017192363739,-7.618207931518555,-5.2168121337890625,-8.398884773254395,679f2de4412fdfffc0474f8c0b196b57a650ee6373c3bdbed22fea4a929ccfb8
logical_reasoning_27|R1,logical_reasoning_27,logical_reasoning,medium,R1,A,C,A,A,A,5.5294322688132524,-0.016900090500712395,-7.228074073791504,-5.546332359313965,-8.836041450500488,6b00483a8789a25d025f4ba736e747f0a9a03235b799e8a291653acfcac665cc
logical_reasoning_27|R0,logical_reasoning_27,logical_reasoning,medium,R0,A,C,A,A,A,4.826929211616516,-0.29211127758026123,-7.001198768615723,-5.119040489196777,-8.396895408630371,5d1029d42268809fe9d54d5b2e32120ed170d032a4e9649eefc4082aeeeb7b29
logical_reasoning_27|P,logical_reasoning_27,logical_reasoning,medium,P,A,C,A,A,A,5.394660733640194,-0.06671450287103653,-7.730618476867676,-5.4613752365112305,-8.500678062438965,73c6e17ef975f21ad232e0292285942042a24cd63688fb5be6955be809c9bd1c
logical_reasoning_27|R3,logical_reasoning_27,logical_reasoning,medium,R3,A,C,A,A,A,4.15172004699707,-0.023797035217285156,-5.301491737365723,-4.1755170822143555,-6.076546669006348,2bec24277327c6f46e70ceba38006c7c76b2676e50a2e27b51ef5514ab644bd0
logical_reasoning_27|V,logical_reasoning_27,logical_reasoning,medium,V,A,C,A,C,C,-3.4384098276495934,-3.4773097038269043,-7.804051876068115,-0.038899876177310944,-7.416862964630127,85e3b88871e556c2c6da829d45aff769241a75ed85b2f9a05dc6b3abb4112ec6
basic_math_12|B,basic_math_12,basic_math,easy,B,B,C,,A,A,-2.1553496718406677,-0.44034630060195923,-2.595695972442627,-1.8489023447036743,-2.1260952949523926,3dbd878578a00815e063237e281cd8975f7876ff93d3e62eac22438dd6f7f460
basic_math_12|V,basic_math_12,basic_math,easy,V,B,C,A,C,C,-6.492675736546516,-3.903934955596924,-6.529831409454346,-0.037155672907829285,-7.331451892852783,0c03af0ff8707ae517cc3d6f96c2ae493de75b30a52c269d7c3d492608733bfc
basic_math_12|F,basic_math_12,basic_math,easy,F,B,C,A,A,A,-6.113637767732143,-0.01608816534280777,-6.129725933074951,-5.337371349334717,-5.61652135848999,41eb42c4b7bc9ac14d986631d2f379d6e15d772a0cd8ec5aaba091366a3a59a4
basic_math_12|R3,basic_math_12,basic_math,easy,R3,B,C,A,A,A,-2.3936269879341125,-0.17437762022018433,-2.568004608154297,-2.994356393814087,-3.451507806777954,01a2c53521c55a44226f1bd3d44a3c551b29f292d8dbd9ef0fcb399c9981d6b0
basic_math_12|R2,basic_math_12,basic_math,easy,R2,B,C,A,A,A,-5.383682040497661,-0.024068089202046394,-5.407750129699707,-4.481644630432129,-4.920709133148193,be2e6314ec43a28c8f108f8389983428f35d306a1842422c20ef8e1035dea57c
basic_math_12|P,basic_math_12,basic_math,easy,P,B,C,A,A,A,-5.448661716654897,-0.026112644001841545,-5.474774360656738,-4.696385383605957,-4.9572954177856445,b29333409ab3978bbf02fd75f146d9f53d2f1cec8365905abe0fa31ee5c7a164
basic_math_12|R0,basic_math_12,basic_math,easy,R0,B,C,A,A,A,-3.1372107565402985,-0.20958146452903748,-3.346792221069336,-2.4026336669921875,-2.7984085083007812,e9334cd8736985de0c1492028324e30d95795f346957fb2d9e326791b61f88d1
basic_math_12|R1,basic_math_12,basic_math,easy,R1,B,C,A,A,A,-4.233972392976284,-0.068370021879673,-4.302342414855957,-3.510676622390747,-3.84460186958313,bd73ae2eb384ad6f89f3a7d246049cb92304d8e69ced549a86eab562950b1042
analogies_10|B,analogies_10,analogies,easy,B,A,D,,A,A,2.8369351774454117,-0.24425779283046722,-6.441169738769531,-5.510515213012695,-3.081192970275879,b175eaf954e1f59bec82adbb1929a200a0edd476c26224c536b196ee1f4bd45d
analogies_10|P,analogies_10,analogies,easy,P,A,D,A,A,A,3.869703244417906,-0.05699758604168892,-5.266026020050049,-4.731058120727539,-3.9267008304595947,d505e7f34b304af49755233c361f09a9f8b9c348339de559d74cdeaf6bc8ebc1
analogies_10|R2,analogies_10,analogies,easy,R2,A,D,A,A,A,5.620525513775647,-0.007513846270740032,-6.827202796936035,-6.320441246032715,-5.628039360046387,23875c799cb5e015d5eea6ce3a44af0a14a22ca31ac7c6ee72f1f8e5d9ed4c00
analogies_10|R0,analogies_10,analogies,easy,R0,A,D,A,A,A,4.610052287578583,-0.06605130434036255,-6.307165145874023,-5.630485534667969,-4.676103591918945,71d940dd43ef94d41389ab5b152e91b94de0fd38dc66105038f62f8d15f66de7
analogies_10|R1,analogies_10,analogies,easy,R1,A,D,A,A,A,4.137142062187195,-0.03770935535430908,-6.515376091003418,-5.493590354919434,-4.174851417541504,55e5e7f85d7230618e029d228cad7ca6973abea790aef8977294296cdc443d4a
analogies_10|R3,analogies_10,analogies,easy,R3,A,D,A,A,A,3.5504761151969433,-0.040943343192338943,-5.125551223754883,-5.079048156738281,-3.5914194583892822,e034d59ef4e0ea6a2d03d4a65796293b4a76ae5b1bfe7d6bffcf47ab526f54c6
analogies_10|F,analogies_10,analogies,easy,F,A,D,A,A,A,3.6618765331804752,-0.04858746752142906,-6.116240978240967,-5.509742259979248,-3.7104640007019043,3102ece0b1ccb35aea29c0f9672809b89a7f5889c181dab0810ce4878ab5d1b0
analogies_10|V,analogies_10,analogies,easy,V,A,D,A,D,D,-5.2565324902534485,-5.2783026695251465,-7.333066463470459,-6.023080348968506,-0.021770179271697998,3fb03f3c0e00cb4b630c881062d3ed057ba5cc0af2cf9c3742971e48ad39debb
word_problems_8|B,word_problems_8,word_problems,easy,B,A,B,,C,C,-0.0225905179977417,-1.0399523973464966,-1.5478508472442627,-1.0173618793487549,-2.6951382160186768,12531aa712a91fa978a0e27adc7146eb38d7f4ead7d3d856d7dbb42dcd2e4d56
word_problems_8|F,word_problems_8,word_problems,easy,F,A,B,C,C,C,-2.3483046889305115,-2.6672959327697754,-3.878218173980713,-0.3189912438392639,-5.360657215118408,0a3be80cc7da25da9f7303531b8558d8c927cc3417cff215f0bc37ac5857f453
word_problems_8|R2,word_problems_8,word_problems,easy,R2,A,B,C,C,C,-2.251804366707802,-2.3879857063293457,-3.789185047149658,-0.13618133962154388,-4.724701404571533,c53f72093e2e37b5c59dd0eaec4c1c896d41d3d873d3468e0d940fbd7076ee8d
word_problems_8|R3,word_problems_8,word_problems,easy,R3,A,B,C,C,C,-1.9568405002355576,-2.1886379718780518,-2.8210041522979736,-0.2317974716424942,-3.4324333667755127,864e9fa3c17b190b54c96497979a3b75778b45c89b53626ced8c68d82ca5e864
word_problems_8|V,word_problems_8,word_problems,easy,V,A,B,C,B,B,-4.449024390429258,-4.4886322021484375,-0.03960781171917915,-4.801046371459961,-6.80333137512207,8fcbe2737e229841d19824e4112d545fc879e223db0457a207f657c9364afc42
word_problems_8|R0,word_problems_8,word_problems,easy,R0,A,B,C,C,C,-1.3905143439769745,-1.7097256183624268,-2.6283771991729736,-0.31921127438545227,-4.122777462005615,239c3c5e07f66b5821ac9451cd10751da42b030d162d36e45b57d229095fb2da
word_problems_8|R1,word_problems_8,word_problems,easy,R1,A,B,C,C,C,-2.1366176307201385,-2.2971973419189453,-3.4453601837158203,-0.16057971119880676,-4.778154373168945,19024a7712da9f6d9a697fc3ee737daaefca921dfb9f9f9c1963070dfe27ccd9
word_problems_8|P,word_problems_8,word_problems,easy,P,A,B,C,C,C,-1.7215270400047302,-1.9947080612182617,-3.571000099182129,-0.2731810212135315,-4.796294212341309,07ad3f721f22da60d4ca1bbd32cd43bb5bbfed863e17918d93b5c88848ee99ac
word_problems_63|B,word_problems_63,word_problems,hard,B,A,C,,C,C,-0.8551598191261292,-1.7308458089828491,-1.1993573904037476,-0.87568598985672,-2.3165276050567627,21e5b158910f4114b11adb71470de5f5fcf92d7c2b85a10018d74301541b1450
word_problems_63|P,word_problems_63,word_problems,hard,P,A,C,C,C,C,-2.0345285534858704,-2.495901584625244,-2.7868926525115967,-0.4613730311393738,-4.05405855178833,61b77ce8653fb98161af2eb633276badddd050a76507f63aa6f7ff4d66a20883
word_problems_63|R3,word_problems_63,word_problems,hard,R3,A,C,C,C,C,-1.8812924921512604,-2.2179512977600098,-2.019388437271118,-0.3366588056087494,-3.202141284942627,074a13121ec0e910b6b84aa33da86995b44f30325855b2d9f011543d50ac5b8c
word_problems_63|V,word_problems_63,word_problems,hard,V,A,C,C,C,C,-4.348588906228542,-4.448458671569824,-5.017256736755371,-0.09986976534128189,-6.500775337219238,9a8ab6420b463e63a562d2207c55676aa235b87d2777e73744e2a8100e69ac6c
word_problems_63|F,word_problems_63,word_problems,hard,F,A,C,C,C,C,-2.5063381791114807,-2.95843768119812,-3.2115790843963623,-0.4520995020866394,-4.668346881866455,a88f76a571c1ed449923cb1281ceb1f2ec75c814b0a2efb2d586108024c7714a
word_problems_63|R1,word_problems_63,word_problems,hard,R1,A,C,C,C,C,-2.1593342274427414,-2.37296199798584,-2.534726142883301,-0.21362777054309845,-4.135939598083496,7af54039b664a3ce711ce3d4bad543a30987a311011055be7f2326c8ab3fe87d
word_problems_63|R2,word_problems_63,word_problems,hard,R2,A,C,C,C,C,-2.102645844221115,-2.309126138687134,-2.8461267948150635,-0.20648029446601868,-4.01603364944458,b2bfb6d4b35d994719df10cdb3edcd5218a9914139437e58096d46ec5282a7ee
word_problems_63|R0,word_problems_63,word_problems,hard,R0,A,C,C,C,C,-1.4297904968261719,-1.8589098453521729,-1.88789963722229,-0.429119348526001,-3.4854776859283447,e53b987e8627e004cbfe37830d9ca2c5ddedfb29b5ac0adebca760551df0d8b8
basic_math_21|B,basic_math_21,basic_math,medium,B,B,C,,B,B,2.9740448221564293,-3.0684974193573,-0.09445259720087051,-4.0484299659729,-3.701767683029175,e03325b023a00da1e0fcae9d5b4615e8a97f1324905fb7a362b8185612bdabdd
basic_math_21|R0,basic_math_21,basic_math,medium,R0,B,C,B,B,B,4.309884957969189,-4.3300347328186035,-0.020149774849414825,-5.796915531158447,-6.757992267608643,34059f0761c100a7e4d7adac32a60f661f1a8f375493e17ca41e9e20d65ad603
basic_math_21|F,basic_math_21,basic_math,medium,F,B,C,B,B,B,4.89435775950551,-4.930224895477295,-0.03586713597178459,-6.677720546722412,-7.260013103485107,edf21539e5548d845ee4fd8a269d0fdb9ece55b8731b71142413e0a49b82a5d9
basic_math_21|P,basic_math_21,basic_math,medium,P,B,C,B,B,B,4.583980344235897,-4.62540864944458,-0.041428305208683014,-6.295910835266113,-6.865955829620361,040d909b49685b33099406695ba6bac788c1322649802d743c5d5dd2bdce5a74
basic_math_21|R3,basic_math_21,basic_math,medium,R3,B,C,B,B,B,3.570840995758772,-3.6090595722198486,-0.038218576461076736,-5.315091133117676,-5.507786750793457,e2b00639ac3a976b03642dbb81537d9ae143e691a472a525d34332d15976c799
basic_math_21|V,basic_math_21,basic_math,medium,V,B,C,B,C,C,-4.489696349948645,-4.7743024826049805,-4.524353981018066,-0.03465763106942177,-6.367611885070801,8944dc8a19f77abee8e3fdca1b8fdf7eda47c3eee8de96833a7181c5e1b9480e
basic_math_21|R2,basic_math_21,basic_math,medium,R2,B,C,B,B,B,4.102508433163166,-4.128485202789307,-0.025976769626140594,-5.838846683502197,-7.324108600616455,c928ada299082f14008e13f4f402a8e3f13e879a5d9146f9914b3471045ff109
basic_math_21|R1,basic_math_21,basic_math,medium,R1,B,C,B,B,B,4.455538012087345,-4.473257541656494,-0.017719529569149017,-6.353025913238525,-7.794943332672119,c6c876c9453294c5612a7922219c58b5bcaebeafd1e8cda9a4ce551e306a0ee5
logical_reasoning_31|B,logical_reasoning_31,logical_reasoning,medium,B,B,D,,B,B,4.903783839195967,-4.938405990600586,-0.03462215140461922,-5.8650054931640625,-5.278541564941406,3e95a92a8e002d94487f0565201c54b89ad620b1f03c7fe05018e0521993f2ba
logical_reasoning_31|R1,logical_reasoning_31,logical_reasoning,medium,R1,B,D,B,B,B,5.23961235769093,-5.266097545623779,-0.02648518793284893,-6.395690441131592,-7.895091533660889,49ed809b3e6541d17ec5a204cb9aaf637c008ac4ab977cb49e00bfb89f1f0ffa
logical_reasoning_31|V,logical_reasoning_31,logical_reasoning,medium,V,B,D,B,D,D,-2.7646521478891373,-4.60397481918335,-2.8463680744171143,-5.9830851554870605,-0.08171592652797699,14ca55b8cfd7dd53c518ea1646715918cdc4b7efbef8fa63890281b403a93678
logical_reasoning_31|R3,logical_reasoning_31,logical_reasoning,medium,R3,B,D,B,B,B,4.101915434002876,-4.127526760101318,-0.025611326098442078,-5.197713375091553,-5.9479594230651855,02b9563a3600317b4e903bbc8ae220c2fde1ad7f84db20c2766ac1af85b3ad13
logical_reasoning_31|P,logical_reasoning_31,logical_reasoning,medium,P,B,D,B,B,B,5.433124750852585,-5.498763084411621,-0.06563833355903625,-6.430352210998535,-7.383334159851074,b774ab12ef1b0e97f70433f337f4150df0b47ad968d8bfdece95c738642d1bef
logical_reasoning_31|R0,logical_reasoning_31,logical_reasoning,medium,R0,B,D,B,B,B,5.046081535518169,-5.116894721984863,-0.07081318646669388,-5.710623741149902,-7.136695861816406,3d8c4923c217de4d561d6eaa2a48b1d19fb4a644a8d9b8df7aec8a81c92217df
logical_reasoning_31|F,logical_reasoning_31,logical_reasoning,medium,F,B,D,B,B,B,5.563306663185358,-5.58206844329834,-0.018761780112981796,-6.544360160827637,-7.728623390197754,fd283400582a41913f979e8575e9c87cbfe86fa77ff8b5f8b3833891579ba0d3
logical_reasoning_31|R2,logical_reasoning_31,logical_reasoning,medium,R2,B,D,B,B,B,4.942004954442382,-4.955404281616211,-0.013399327173829079,-5.7025604248046875,-7.294288635253906,37069b45b5e8f94ec0f5b4571490a2f953424a374c27f29d713aac2f78bbba39
analogies_38|B,analogies_38,analogies,medium,B,B,A,,B,B,0.16909408569335938,-3.552035331726074,-0.772006094455719,-2.577692985534668,-0.9411001801490784,174cc830f84f67427ec848386e01961519be95e1314b248a8eb04f96f725989b
analogies_38|R1,analogies_38,analogies,medium,R1,B,A,B,B,B,4.380970135331154,-5.294618129730225,-0.043832167983055115,-4.717963218688965,-4.424802303314209,cd9641522eefab067544340a97e5bdd46410d75ae0e29885de428e498f90795f
analogies_38|R0,analogies_38,analogies,medium,R0,B,A,B,B,B,3.118566505610943,-4.390157222747803,-0.10697866231203079,-3.8118832111358643,-3.2255451679229736,f0660423fd0f52bc8042e404d092fec13f569467114c8a04b820c4e7f7f1eda6
analogies_38|V,analogies_38,analogies,medium,V,B,A,B,A,A,-4.702962830662727,-0.01766638457775116,-4.7206292152404785,-6.157858371734619,-7.5738091468811035,4d4eefbb7b1a89f952e2a92eae0b1a26d125010df7052441fee4b2ec85c0c217
analogies_38|F,analogies_38,analogies,medium,F,B,A,B,B,B,3.068504326045513,-4.941088676452637,-0.08288861066102982,-4.379734992980957,-3.151392936706543,121059ce3078464ef00877f1be9efabc8e861b5feed7bfe746b26b169baeced6
analogies_38|R3,analogies_38,analogies,medium,R3,B,A,B,B,B,3.0660820603370667,-4.176485538482666,-0.08150166273117065,-3.9540183544158936,-3.1475837230682373,a92638e1d1a77e9080562bfd4c1e299efb03c81299da38ee308d972af4e252a2
analogies_38|P,analogies_38,analogies,medium,P,B,A,B,B,B,2.5151444375514984,-4.73410177230835,-0.12994161248207092,-4.120286464691162,-2.6450860500335693,e4d52c0098762eedc83f4fa6d4aebccb5236a697aedfe5dea4424b838a84f6a3
analogies_38|R2,analogies_38,analogies,medium,R2,B,A,B,B,B,3.9699784629046917,-4.873255729675293,-0.04130064323544502,-4.520026206970215,-4.011279106140137,22d78e4ec22aa0590af641014177ec67eba06222b687238be82c3a2648063602
reading_comprehension_72|B,reading_comprehension_72,reading_comprehension,hard,B,D,B,,D,D,8.829393696039915,-8.891412734985352,-11.373007774353027,-10.965476036071777,-0.06201903894543648,da240e2a7e8b6797ba243ca839451ee551a8b9f9eb1a91123a31bbb56a41460d
reading_comprehension_72|R3,reading_comprehension_72,reading_comprehension,hard,R3,D,B,D,D,D,4.902196642011404,-4.914458274841309,-6.584023475646973,-5.812926292419434,-0.012261632829904556,d82972a7fc838515880cc8cd072c9506aa04e17eb04d1683dc18da999a0ae627
reading_comprehension_72|V,reading_comprehension_72,reading_comprehension,hard,V,D,B,D,B,B,-5.059480646625161,-5.146742820739746,-0.016280194744467735,-5.893855094909668,-5.075760841369629,dcb7b4eca59c1d415e276907accb88ceeb658cb8416d65f8368d9433ab87dffc
reading_comprehension_72|P,reading_comprehension_72,reading_comprehension,hard,P,D,B,D,D,D,5.595800245180726,-5.626499652862549,-7.690367221832275,-6.283451557159424,-0.030699407681822777,c2fa6a96f4525c95f95109fa22978dade703a7d0410cda573d1e1586d5ad521d
reading_comprehension_72|R0,reading_comprehension_72,reading_comprehension,hard,R0,D,B,D,D,D,5.761049345135689,-5.780787467956543,-8.136590003967285,-6.39920711517334,-0.019738122820854187,0ff202f9afa5ab1f9296d54de78bc3fa30fedc885f579209762815482ce13620
reading_comprehension_72|R1,reading_comprehension_72,reading_comprehension,hard,R1,D,B,D,D,D,6.089660434983671,-6.097779750823975,-8.573266983032227,-7.02229118347168,-0.008119315840303898,3c1495d1e41cc8fe874ac07636b4d04b903e0391fd6bffe2c8ac240db3282795
reading_comprehension_72|F,reading_comprehension_72,reading_comprehension,hard,F,D,B,D,D,D,5.534690773114562,-5.547267913818359,-7.35498046875,-6.139766693115234,-0.01257714070379734,ba9d1dfdad0100fc98d11a51685e1536ea7a96cfa1a7b0a5669acffd539008af
reading_comprehension_72|R2,reading_comprehension_72,reading_comprehension,hard,R2,D,B,D,D,D,5.809459512587637,-5.814767360687256,-8.136419296264648,-6.902551174163818,-0.00530784809961915,836ba242cb9806083c02dca193f4ed57d484a0beff5b17f8489782e8c2dfdf2d
scientific_facts_74|B,scientific_facts_74,scientific_facts,hard,B,D,A,,B,B,-0.0025691986083984375,-2.1952478885650635,-1.0004276037216187,-1.912798285484314,-1.002996802330017,87ec5862076bc9eadfc6b8cb538cd188a3358e64eba2b70036c8ede573472c2f
scientific_facts_74|R2,scientific_facts_74,scientific_facts,hard,R2,D,A,B,B,B,-2.619049146771431,-2.8672711849212646,-0.1736389845609665,-3.7344167232513428,-2.7926881313323975,f294f019ec75b32694a50ba66d63c2a2a42af2ec8f54ccfdbe0494fcad17b801
scientific_facts_74|V,scientific_facts_74,scientific_facts,hard,V,D,A,B,A,A,-7.578035369515419,-0.13076017796993256,-5.13775634765625,-5.417398452758789,-7.708795547485352,be41a916b42f1ee139a7860f851ecc68589af4ef84c39bcdd9721bab9f47ad84
scientific_facts_74|R1,scientific_facts_74,scientific_facts,hard,R1,D,A,B,B,B,-2.447112873196602,-2.5456485748291016,-0.23919861018657684,-3.2419967651367188,-2.6863114833831787,bf71665a1b6bad5ca1fa6544f814860a4595e8bc0cbf7e5b930b3c6dca1df02c
scientific_facts_74|R0,scientific_facts_74,scientific_facts,hard,R0,D,A,B,B,B,-2.061279296875,-2.2691071033477783,-0.40945935249328613,-3.16943097114563,-2.470738649368286,21d5cfbe1be1a53d5aaf44b494341111f0f8ff7dc85741b39ed10dbb4cedeb4b
scientific_facts_74|F,scientific_facts_74,scientific_facts,hard,F,D,A,B,B,B,-3.875278562307358,-3.65556001663208,-0.1308387815952301,-4.780788898468018,-4.006117343902588,09a8b07c47243c5cdb11891cdba5b6a32add57fef9c0c4a38e113b0cd13fa251
scientific_facts_74|P,scientific_facts_74,scientific_facts,hard,P,D,A,B,B,B,-3.0354766845703125,-3.041633129119873,-0.3067030906677246,-4.027551174163818,-3.342179775238037,4ccc2ab990650ebc977cd63e78376c888a9e3882ab7b35994c0abc1aadad1d88
scientific_facts_74|R3,scientific_facts_74,scientific_facts,hard,R3,D,A,B,B,B,-2.3212605714797974,-2.1056861877441406,-0.26995670795440674,-3.3294413089752197,-2.591217279434204,87bfb480006150be64afd10ec337e693c3d84aad4bce0f6935af8fc50eca43f1
basic_math_61|B,basic_math_61,basic_math,hard,B,A,C,,A,A,5.8851202838122845,-0.008432496339082718,-5.893552780151367,-6.382497787475586,-7.589292526245117,19f843396fe179fc2102d7688292fcebfb0b6c7ac4c820acb2656fd0d0e7287a
basic_math_61|R1,basic_math_61,basic_math,hard,R1,A,C,A,A,A,8.770166392438114,-0.0016946839168667793,-9.046658515930176,-8.77186107635498,-9.992295265197754,3d42d06f28965bf2082549749bbe0e5e097bb151cf9e6de96d184f88144332b3
basic_math_61|P,basic_math_61,basic_math,hard,P,A,C,A,A,A,7.966796798631549,-0.008742408826947212,-7.975539207458496,-8.406628608703613,-8.977675437927246,c7c0830bd76220a2aa2ad9b801bfcc5880f83ad0578194601ae56e5dff4172db
basic_math_61|R3,basic_math_61,basic_math,hard,R3,A,C,A,A,A,5.906238596420735,-0.005586583632975817,-5.911825180053711,-6.9447479248046875,-6.841545104980469,1623f154f02dab54e55b9347fc9fa7357bc0bd7eccec85091ed82227374e56fe
basic_math_61|R2,basic_math_61,basic_math,hard,R2,A,C,A,A,A,8.536428756196983,-0.0017229848308488727,-8.716708183288574,-8.538151741027832,-9.598971366882324,04f97bc2c49d33a6f5449aa4b02b54f41ed30fd481f383e464aede338a9eb672
basic_math_61|V,basic_math_61,basic_math,hard,V,A,C,A,C,C,-3.543605860322714,-3.5810275077819824,-6.6883769035339355,-0.03742164745926857,-7.1474432945251465,3f25dd2a19e8ec4bdbbcd5a33be62a03c381d948dbf81c95d3dcf00973e63aaa
basic_math_61|F,basic_math_61,basic_math,hard,F,A,C,A,A,A,7.905506173148751,-0.013765772804617882,-7.919271945953369,-8.511892318725586,-8.996103286743164,7108864d0de08f0e30c08a76490d4562cd87ae3e29def516ba18fae1701dee32
basic_math_61|R0,basic_math_61,basic_math,hard,R0,A,C,A,A,A,8.370281274081208,-0.0015086581697687507,-8.371789932250977,-8.702104568481445,-9.358236312866211,8280a013c9951c07b1c48777cb2807877c5fb7ab02edd5333217082190c72e1a
word_problems_15|B,word_problems_15,word_problems,medium,B,C,B,,C,C,3.1624697744846344,-4.6476898193359375,-3.9054317474365234,-0.36625489592552185,-3.5287246704101562,9b9ae51daa359eb19b697b6ec6b7383d58ff07cecacf219d3e37e79fc72d5177
word_problems_15|R3,word_problems_15,word_problems,medium,R3,C,B,C,C,C,4.593637518584728,-4.668376922607422,-4.621532440185547,-0.027894921600818634,-4.935529708862305,109b0a0ac69b4775bed8519b383e0213c382ecc5f2ca028aaac623a9601ef391
word_problems_15|R0,word_problems_15,word_problems,medium,R0,C,B,C,C,C,5.22984503954649,-5.332183361053467,-5.6557440757751465,-0.10233832150697708,-6.330956935882568,3319f7c8d76080e97020833ed201f20db860b87c2b2d2d6e296c45141a432d2a
word_problems_15|R1,word_problems_15,word_problems,medium,R1,C,B,C,C,C,5.611581869423389,-5.661476135253906,-6.48707389831543,-0.049894265830516815,-6.923553466796875,e882de89dee419eec0932bd2ca759f27a0d9e3d4ea87318738909646ad49ac8e
word_problems_15|V,word_problems_15,word_problems,medium,V,C,B,C,B,B,-3.778636947274208,-5.255005836486816,-0.03536127507686615,-3.813998222351074,-8.075623512268066,ba7f1b5a6e942f968bcc767a4c75a3b96c8e24564585f3d593c64a9f645087b0
word_problems_15|R2,word_problems_15,word_problems,medium,R2,C,B,C,C,C,5.287346124649048,-5.320752143859863,-6.177474021911621,-0.03340601921081543,-6.579823017120361,033feed3b466d49df48141a0f42975f80fe1e2929d41e016ba48cd0157e6be49
word_problems_15|P,word_problems_15,word_problems,medium,P,C,B,C,C,C,5.0464495569467545,-5.203454971313477,-5.682456970214844,-0.1570054143667221,-5.878330230712891,2c792419856eb9684a2480453abc322c98e39739500f3fcf0716c9d664d72a22
word_problems_15|F,word_problems_15,word_problems,medium,F,C,B,C,C,C,5.618623659014702,-5.7526350021362305,-6.355633735656738,-0.13401134312152863,-6.562924385070801,580b4e1dffaf34c8c7be57622843e60eb83aafa24d0177f52b283804f6234bac
scientific_facts_73|B,scientific_facts_73,scientific_facts,hard,B,A,B,,A,A,6.200582658406347,-0.006777132395654917,-6.207359790802002,-7.235910892486572,-7.823071002960205,c3f50ea1b565521d36cbdd4198498c4088055293cc1c9157f5c4acf00a33f798
scientific_facts_73|F,scientific_facts_73,scientific_facts,hard,F,A,B,A,A,A,8.156155064702034,-0.06290487945079803,-8.486742973327637,-8.219059944152832,-9.9070463180542,13596b54eed9d061e61b0e137ac6d1e158ff9aa8b6e64159817f94f18d4772df
scientific_facts_73|R2,scientific_facts_73,scientific_facts,hard,R2,A,B,A,A,A,7.195464940741658,-0.007490305230021477,-7.20295524597168,-7.322395324707031,-8.540168762207031,efc1e157ec35e0911e742a705f5da872c967f317964475456aaa64a03b2bbe2e
scientific_facts_73|R0,scientific_facts_73,scientific_facts,hard,R0,A,B,A,A,A,7.573364255484194,-0.0076293968595564365,-7.893022537231445,-7.58099365234375,-9.39193344116211,54083701541fed9b31bcf98b6e8fa53f50ff0932c14d9c4b727525d3a0fd6251
scientific_facts_73|P,scientific_facts_73,scientific_facts,hard,P,A,B,A,A,A,8.175719974562526,-0.03045487590134144,-8.74894905090332,-8.206174850463867,-9.52284049987793,ae823fb5095ac0163143c75ed487c0ab789e9b6ca7d08076e8dfa9320487d24c
scientific_facts_73|V,scientific_facts_73,scientific_facts,hard,V,A,B,A,B,B,-2.3501968681812286,-2.4728009700775146,-0.12260410189628601,-6.652369976043701,-8.37198257446289,9e6d3b6186f0616db244c3375de383a3893d06dc2d55aaa96cd1fab81e88eadb
scientific_facts_73|R1,scientific_facts_73,scientific_facts,hard,R1,A,B,A,A,A,8.326303660869598,-0.005925953388214111,-8.53938102722168,-8.332229614257812,-9.884931564331055,00a4c4364d416399b5b04b4f54d412f4373ac440de0789c2c972e736eaf12f46
scientific_facts_73|R3,scientific_facts_73,scientific_facts,hard,R3,A,B,A,A,A,5.27826685551554,-0.009878209792077541,-5.288145065307617,-6.397918701171875,-6.658393859863281,3af0cf125b110c5a5ba15b09012fb2fa0a48a6aa79b9b49f685f4966c3f9350b
word_problems_36|B,word_problems_36,word_problems,medium,B,C,D,,C,C,6.276659078896046,-6.297725677490234,-7.3674516677856445,-0.02106659859418869,-6.588230133056641,980a13a8a3f8751acf394ee716ec1925153739ed4dfa0e4e2fb68cfe6e4369d0
word_problems_36|P,word_problems_36,word_problems,medium,P,C,D,C,C,C,5.570060610771179,-6.164077281951904,-7.502112865447998,-0.5940166711807251,-6.784637928009033,6d39def0d7afadb71a1037c7455980a3e8eaaf088e3968b9f614aaaa0ea7f8ca
word_problems_36|F,word_problems_36,word_problems,medium,F,C,D,C,C,C,6.272142320871353,-6.650332927703857,-8.45539379119873,-0.3781906068325043,-7.958502292633057,37a830c4b356f41fc5b39ffe5c61d2a2afe61676a880da687ec433840dfd24f1
word_problems_36|R0,word_problems_36,word_problems,medium,R0,C,D,C,C,C,5.949606016278267,-6.072640895843506,-7.571028232574463,-0.12303487956523895,-7.206002712249756,90bac4e67ea5f903ad3341a0b023c32b489538f75b88f63b3026720155d48cd6
word_problems_36|R1,word_problems_36,word_problems,medium,R1,C,D,C,C,C,6.4029142037034035,-6.432130813598633,-8.116737365722656,-0.02921660989522934,-7.314613342285156,996611f3fc5a8258c146aa1bf4f25d2e1cf5bc976075f08285649c28e066ab1a
word_problems_36|V,word_problems_36,word_problems,medium,V,C,D,C,D,D,-2.458436943590641,-5.381591320037842,-5.722680568695068,-2.5661022663116455,-0.10766532272100449,73100782b657e63100b13f11d7c28f263c3915dbdc21cdef05492705693050c9
word_problems_36|R3,word_problems_36,word_problems,medium,R3,C,D,C,C,C,4.49443799816072,-4.5182905197143555,-5.422432899475098,-0.023852521553635597,-5.094849586486816,0200e85411e1559d55b6313d6f2c685c5e3f7e4585cff6031c32eca5c88276c2
word_problems_36|R2,word_problems_36,word_problems,medium,R2,C,D,C,C,C,5.303178512491286,-5.315398693084717,-6.97663688659668,-0.012220180593430996,-6.604268550872803,0a887fe58a3a99b4f0364181a27db94357a28d38134056f22ecb9e5b03f43103
reading_comprehension_4|B,reading_comprehension_4,reading_comprehension,easy,B,D,A,,A,A,-1.0426692366600037,-0.8709649443626404,-3.9687070846557617,-1.1289433240890503,-1.913634181022644,dd95e707d1649239b2dad2cefbd6d21b94ad9e3649132da96d3c1d3ca7aee8a6
reading_comprehension_4|R3,reading_comprehension_4,reading_comprehension,easy,R3,D,A,A,A,A,-1.8858413696289062,-0.3269999027252197,-3.8485262393951416,-1.919512152671814,-2.212841272354126,29589dc5ac7c217cdb817b0742309907a738a3e964c54a7d1226028b54cdac8f
reading_comprehension_4|R0,reading_comprehension_4,reading_comprehension,easy,R0,D,A,A,A,A,-2.885944351553917,-0.24861599504947662,-4.782235145568848,-1.974226713180542,-3.1345603466033936,ce58b50510de33a71bbb214a03331f6debf174f6fbc3d117fe648c3059cd3bd8
reading_comprehension_4|R1,reading_comprehension_4,reading_comprehension,easy,R1,D,A,A,A,A,-3.5800535082817078,-0.12214332818984985,-5.524752140045166,-2.7239632606506348,-3.7021968364715576,643ea4264040cc31b2c38dad6c094e9f42d570818172694662f35030df60eccf
reading_comprehension_4|V,reading_comprehension_4,reading_comprehension,easy,V,D,A,A,A,A,-4.85342401266098,-0.04747730493545532,-5.149905681610107,-3.5618090629577637,-4.9009013175964355,a5e7b60261432a198a15b4b482940d770e7e551f05c4bca1498868af9d641bad
reading_comprehension_4|P,reading_comprehension_4,reading_comprehension,easy,P,D,A,A,A,A,-2.291057527065277,-0.3208015561103821,-4.553204536437988,-2.1347434520721436,-2.611859083175659,22d7323a26949064f19a600d3f90a33ac63e61c1d5501a44c338c26dc3ab95b3
reading_comprehension_4|F,reading_comprehension_4,reading_comprehension,easy,F,D,A,A,A,A,-2.778125584125519,-0.14790242910385132,-5.781405448913574,-3.0356624126434326,-2.92602801322937,dc80ed2278f5e4d822630652f1d26af8a00c0b3bdaf8e4dd2985a80a782ebe27
reading_comprehension_4|R2,reading_comprehension_4,reading_comprehension,easy,R2,D,A,A,A,A,-3.783286951482296,-0.07261119037866592,-6.113829135894775,-3.099987268447876,-3.855898141860962,7d263b7f96243f082483e1aae0039d99187d868c52c2b6ab554c4912fbb12938
basic_math_14|B,basic_math_14,basic_math,easy,B,D,B,,C,C,-2.141992509365082,-1.5183218717575073,-2.7832143306732178,-0.4432867169380188,-2.5852792263031006,38fa6a559cd5747c0432bc042fb1f30f5239f1999e05e13a37a30606d588091e
basic_math_14|F,basic_math_14,basic_math,easy,F,D,B,C,C,C,-2.5520611703395844,-1.6292942762374878,-3.3337697982788086,-0.4051274359226227,-2.957188606262207,b72452f9ada2406b115f706f716e14941b16c1e782dc73bc4d1c0ead7652522d
basic_math_14|R0,basic_math_14,basic_math,easy,R0,D,B,C,C,C,-2.6026439666748047,-1.2944788932800293,-2.818173885345459,-0.5169901847839355,-3.1196341514587402,a825106bec8c60229bf78f4dd9908414d3e120589c2082a756719d17e205a0e9
basic_math_14|P,basic_math_14,basic_math,easy,P,D,B,C,C,C,-2.5192603766918182,-1.5380918979644775,-3.3917696475982666,-0.43886592984199524,-2.9581263065338135,d8a6dcff518bcdaf64844b2c3d8bcdbf8b432dbd2d38c7308c58148935a98557
basic_math_14|R2,basic_math_14,basic_math,easy,R2,D,B,C,C,C,-2.106565475463867,-1.3184938430786133,-3.2245683670043945,-0.49528026580810547,-2.6018457412719727,4417612bd2db8b7db9ed21c89546fd118883e94afe03314bb5393e29f83f09ea
basic_math_14|R1,basic_math_14,basic_math,easy,R1,D,B,C,C,C,-2.377937287092209,-1.3792071342468262,-2.9189181327819824,-0.4776664078235626,-2.8556036949157715,1717988da77734dd87318f281d2e59105ad5f7c7c6f852ac450e599252f9f26c
basic_math_14|V,basic_math_14,basic_math,easy,V,D,B,C,B,B,-6.729764990508556,-4.345597743988037,-0.03985924273729324,-4.525041103363037,-6.76962423324585,2b4d62e12b03c932e14a8d0c816686812f1a171a1255f6d3a2307a7ab35842ba
basic_math_14|R3,basic_math_14,basic_math,easy,R3,D,B,C,C,C,-2.160299241542816,-1.6610628366470337,-2.6672940254211426,-0.4149060845375061,-2.5752053260803223,60db1ef9e99d36545222e683c0f9520a4af2315c53c00311ea503aa03cf1fd0f
basic_math_52|B,basic_math_52,basic_math,hard,B,D,B,,C,C,-0.01184844970703125,-4.425469398498535,-3.4901626110076904,-0.7323539853096008,-0.7442024350166321,a90f15cb63a707e640dc615f6044006f33975651632fb8ccfdadb9735aac5c3d
basic_math_52|R1,basic_math_52,basic_math,hard,R1,D,B,C,C,C,-2.4767836406826973,-5.866451740264893,-6.738800525665283,-0.08633839339017868,-2.563122034072876,f681a4fdaf7677d4037b35ff6021c0a7818e5eb996545de654ce05aa4205b041
basic_math_52|V,basic_math_52,basic_math,hard,V,D,B,C,B,B,-5.175136711448431,-4.477278709411621,-0.05205044522881508,-3.9563186168670654,-5.227187156677246,649c61aae45c87900271c01ece7b50b42ba8a0939ee6dd0d7a55e2b4e395ad6c
basic_math_52|R2,basic_math_52,basic_math,hard,R2,D,B,C,C,C,-2.675857663154602,-5.819561958312988,-7.077029228210449,-0.07169616222381592,-2.747553825378418,3ecc64a77e860bba6f14c9cd5405ecfff49407be19e5adba5c75324ba5c03b2c
basic_math_52|R0,basic_math_52,basic_math,hard,R0,D,B,C,C,C,-1.5203456431627274,-5.336612701416016,-5.578344345092773,-0.2126348465681076,-1.732980489730835,5c13397df4d27b30d42ab34b3f12a67f8246178f4ee83d44407ca0194d3eb371
basic_math_52|R3,basic_math_52,basic_math,hard,R3,D,B,C,C,C,-1.8797989040613174,-4.648076057434082,-4.662414073944092,-0.16425441205501556,-2.044053316116333,3ebf6b9f1a0941ebccbcec98b3cd24228641f9000c102b27031385965e12e8da
basic_math_52|F,basic_math_52,basic_math,hard,F,D,B,C,C,C,-1.718698501586914,-6.7257399559021,-7.389665126800537,-0.1888134479522705,-1.9075119495391846,f46c010c15171c565287b7779ecf1686bba73f28ba0c90240daa189297ca8f4c
basic_math_52|P,basic_math_52,basic_math,hard,P,D,B,C,C,C,-1.2801551520824432,-5.733939170837402,-6.226935386657715,-0.26779094338417053,-1.5479460954666138,ce93e0a0c812c8a2b60b430715f96b82d245ca583c36372477b73b914c010e76
basic_math_68|B,basic_math_68,basic_math,hard,B,B,A,,C,C,-0.06039226055145264,-2.4451828002929688,-1.0644588470458984,-1.0040665864944458,-1.9042741060256958,4d83f1f6ab8ad90b16383911578c968be686d39037b1a97efc48a9d4e19ab9b5
basic_math_68|V,basic_math_68,basic_math,hard,V,B,A,C,A,A,-4.963831072673202,-0.02200114168226719,-4.985832214355469,-4.668756484985352,-7.422351837158203,d2aad6ca20eacd43993275ead4170d3c243e413f47a990adf679bf85f2112e03
basic_math_68|P,basic_math_68,basic_math,hard,P,B,A,C,C,C,-2.0556506514549255,-2.486300230026245,-2.520533323287964,-0.46488267183303833,-3.089522123336792,ca852fed028d2a5c774b42c2db3f5a0b150e992b061f86fad4d5c169eca55afd
basic_math_68|R2,basic_math_68,basic_math,hard,R2,B,A,C,C,C,-2.964486986398697,-2.834716796875,-3.110076904296875,-0.1455899178981781,-3.66009521484375,d270182f5ea60296febec4a4b5dcc036378ef3123f5ab6dca3974f989e3e6893
basic_math_68|R0,basic_math_68,basic_math,hard,R0,B,A,C,C,C,-1.3772069215774536,-2.2116994857788086,-1.8063554763793945,-0.4291485548019409,-3.2372522354125977,9e463d1b5b471bea7dee9dad26d6fe6f07b1d149a6ecff3343df330a3af4b6e0
basic_math_68|F,basic_math_68,basic_math,hard,F,B,A,C,C,C,-2.144659101963043,-2.6752145290374756,-2.6318089962005615,-0.4871498942375183,-3.0393903255462646,77aa1089b430961b2e481f724570db3dfa561f403a8be8d57df73aef285bf8fa
basic_math_68|R3,basic_math_68,basic_math,hard,R3,B,A,C,C,C,-1.9004668295383453,-2.698768377304077,-2.194791555404663,-0.29432472586631775,-2.599273681640625,576086f41fa1bee3c2ddb460f7056978a209f0eeb9eb8c9b5b0fbdb628ae5830
basic_math_68|R1,basic_math_68,basic_math,hard,R1,B,A,C,C,C,-1.6525422036647797,-2.1967198848724365,-2.0204296112060547,-0.367887407541275,-3.1237545013427734,115ff6da8c01ac6f3b2e0d9da43e41c2407184dc85750253d3a08c6584110de9
analogies_64|B,analogies_64,analogies,hard,B,B,C,,B,B,5.599218159914017,-5.635408401489258,-0.03619024157524109,-6.240993499755859,-6.6813812255859375,0e4fb31ca7e5d316ecf074d7a7110974ca26680bf017f85c72da06f765b06dcf
analogies_64|R2,analogies_64,analogies,hard,R2,B,C,B,B,B,6.153501528315246,-6.160675525665283,-0.007173997350037098,-6.408262729644775,-8.09943962097168,ba1ffbd2e5db52b081eb5a555a8456ae223ff13838ff71aa1c89c0e91d19260c
analogies_64|R0,analogies_64,analogies,hard,R0,B,C,B,B,B,5.622688412666321,-5.710855960845947,-0.08816754817962646,-6.075169086456299,-7.621778964996338,7be3fe7569d12633f66bbd59a27e871ac99313be1a359548343ae4f00e1894cc
analogies_64|P,analogies_64,analogies,hard,P,B,C,B,B,B,6.18759536370635,-6.225164413452148,-0.03756904974579811,-6.326665878295898,-7.202388763427734,e4dfe92b5830d08cc2d4dc17c792252481e72270d23073f9fbb5a4d421289fae
analogies_64|R3,analogies_64,analogies,hard,R3,B,C,B,B,B,5.090694434940815,-5.102945327758789,-0.01225089281797409,-5.5783843994140625,-6.37493896484375,da824d3d9b232c6695d822f07f8f4e271098b9f6850b06a29cdbc90e34fc72e7
analogies_64|F,analogies_64,analogies,hard,F,B,C,B,B,B,6.55376629345119,-6.578366756439209,-0.02460046298801899,-6.871402263641357,-7.912247180938721,950334f051df0aa6980ddb288fffeef2430ab4af7277d8415b5e10d4b3bbff97
analogies_64|V,analogies_64,analogies,hard,V,B,C,B,C,C,-5.710788755211979,-6.37254524230957,-5.718421936035156,-0.007633180823177099,-8.293460845947266,a58c69e3fd6d59b51ed36216b74b877fd27d0fa46b22ebf2a6286c6d1c3042b3
analogies_64|R1,analogies_64,analogies,hard,R1,B,C,B,B,B,6.36680993437767,-6.441564083099365,-0.07475414872169495,-6.684312343597412,-8.29155445098877,10a956af53cbe2d06db7c200e62a8bac20b0df8e9fbbf270b683de87a1f75b61
word_problems_22|B,word_problems_22,word_problems,medium,B,A,D,,A,A,3.273471772670746,-0.11813908815383911,-3.391610860824585,-4.017147064208984,-4.9871368408203125,ffc9e223890b8aa403df98f332e629780942aba7c04f5a954f6118fc2287fe26
word_problems_22|R0,word_problems_22,word_problems,medium,R0,A,D,A,A,A,4.813913412392139,-0.07318537682294846,-5.161184787750244,-4.887098789215088,-6.8407979011535645,f15baf7174453404069f64c952de3548962dd4e29eb2b499490cbef2e97f9426
word_problems_22|P,word_problems_22,word_problems,medium,P,A,D,A,A,A,6.149665981531143,-0.3882850110530853,-6.5379509925842285,-6.55631685256958,-8.220922470092773,3c7f50f22f1f9398cb87f158dc92c988605bbccdadae36b103407b4b6e1d0d9f
word_problems_22|V,word_problems_22,word_problems,medium,V,A,D,A,D,D,-2.1528320014476776,-2.3228940963745117,-5.165848731994629,-4.896679878234863,-0.1700620949268341,0d06f887e5c4724cc00710a813cd6f86b4c9bd8c876d9967444946dcb530ded0
word_problems_22|R1,word_problems_22,word_problems,medium,R1,A,D,A,A,A,5.216585079208016,-0.02421005629003048,-5.711994171142578,-5.240795135498047,-7.193376541137695,4b316a2857fea82247addb8ea40dfa61ffe5955a0f9d2b597dadcee24304bc50
word_problems_22|F,word_problems_22,word_problems,medium,F,A,D,A,A,A,6.427030652761459,-0.3808969557285309,-6.80792760848999,-6.874040126800537,-8.346888542175293,971b822b21199210468f3b5e564940b62c2b22371968f0c4e8b1e113aafda615
word_problems_22|R2,word_problems_22,word_problems,medium,R2,A,D,A,A,A,5.410699903964996,-0.020709455013275146,-5.818278789520264,-5.4314093589782715,-7.240382671356201,a2af6bcb91f61bd123f54b342cd298779b708e8f279c6b80b376cacb34a618aa
word_problems_22|R3,word_problems_22,word_problems,medium,R3,A,D,A,A,A,3.91497416049242,-0.03492312878370285,-3.949897289276123,-4.619643688201904,-5.734607219696045,2212c2c02bd489c58bd22e97255099c83ce572edba4bdcb63c62816cdb213206
analogies_45|B,analogies_45,analogies,hard,B,D,C,,D,D,8.46877297013998,-8.473998069763184,-10.307756423950195,-10.738243103027344,-0.005225099623203278,efb534ea1feb29a205d1204de2208603f1a8c165a244f6e87701e3709b551be9
analogies_45|V,analogies_45,analogies,hard,V,D,C,D,C,C,-5.15979023091495,-5.838742256164551,-6.677550315856934,-0.011277006939053535,-5.171067237854004,c985670a2cf403adb3fb9d49618a63b06337bda87821fd65f135abd10da54473
analogies_45|R1,analogies_45,analogies,hard,R1,D,C,D,D,D,6.706907322630286,-6.720011234283447,-8.676886558532715,-7.814514636993408,-0.013103911653161049,4d9966bcd480ce21a7b213a44b21b2c4770eddb8170ac0adf3baac1fe2b78beb
analogies_45|P,analogies_45,analogies,hard,P,D,C,D,D,D,6.045988032594323,-6.068599700927734,-7.672355651855469,-7.140169143676758,-0.022611668333411217,b304ee5f8e15f267ea4189a21d639e667cf3a4000a932c1325ec9ebe609d7138
analogies_45|F,analogies_45,analogies,hard,F,D,C,D,D,D,6.231001014821231,-6.238847255706787,-8.108044624328613,-7.765357494354248,-0.007846240885555744,67c32ec551e1a408b687804597f26ef1e4e32445e7e699fab4577e60ca926efa
analogies_45|R3,analogies_45,analogies,hard,R3,D,C,D,D,D,5.215471078641713,-5.223719596862793,-6.75504207611084,-7.0413408279418945,-0.008248518221080303,0297e30cd7f81829b3ce2a8c3df92e8aadb799f9465d4dfcb152fb3bc8eef454
analogies_45|R0,analogies_45,analogies,hard,R0,D,C,D,D,D,6.267925374209881,-6.285593032836914,-8.188837051391602,-7.465208053588867,-0.017667658627033234,8e575188d8a80ccb17dab94e03ffbf2a1104ce57b07c098d2cae6d938f76c2bf
analogies_45|R2,analogies_45,analogies,hard,R2,D,C,D,D,D,6.5054701515473425,-6.50919246673584,-8.513327598571777,-7.8938493728637695,-0.003722315188497305,f665effbb79a7d294a87aeaec12a713ba781fe8131999c9a998f366c55caf530
basic_math_53|B,basic_math_53,basic_math,hard,B,B,A,,B,B,0.1124725341796875,-2.630894899368286,-0.9026385545730591,-1.0151110887527466,-1.9468737840652466,de8b1a33a67772270cf4311bfdd6f991a8e84d51302ab956888a6d09e236ef81
basic_math_53|R0,basic_math_53,basic_math,hard,R0,B,A,B,B,B,0.734468400478363,-2.3597252368927,-0.5332978367805481,-1.2677662372589111,-3.72338604927063,d283b11e1976e0c0aed2a59ed4663b9571cd0d0b63e16eb62826cf4e3c9e5a29
basic_math_53|P,basic_math_53,basic_math,hard,P,B,A,B,B,B,1.90667724609375,-3.453723669052124,-0.7088220119476318,-2.615499258041382,-4.63005256652832,439c20dff201ab8577dc06ad958b8fd9b0bc9c1285cd90da118bbd32dc1a4c21
basic_math_53|V,basic_math_53,basic_math,hard,V,B,A,B,A,A,-4.305164584890008,-0.03018306754529476,-4.335347652435303,-5.083584785461426,-8.036269187927246,8dfe401ba23ad8062c5455e4d2faa0a848cb3973f8e9f83163cfe566d75c1d51
basic_math_53|R1,basic_math_53,basic_math,hard,R1,B,A,B,B,B,1.3016242980957031,-2.6133477687835693,-0.34807002544403076,-1.6496943235397339,-4.478315353393555,3ab604ca92d14c4c9d02b7bcd5fca4b63eea1983828348da2c87da99977b5c02
basic_math_53|R3,basic_math_53,basic_math,hard,R3,B,A,B,B,B,2.1375598460435867,-2.7977535724639893,-0.20659761130809784,-2.3441574573516846,-3.586552858352661,2b0d1b697b2cf37477402f8c5031ecbdbd3048f8131409fbc31f62772ecc4d65
basic_math_53|F,basic_math_53,basic_math,hard,F,B,A,B,B,B,2.4352551102638245,-3.5039422512054443,-0.3311459422111511,-2.7664010524749756,-4.826707363128662,9d7cedf35066be79f58f467bf5f3f5900ebdb8ff8433c331cee1a5b43c4c067b
basic_math_53|R2,basic_math_53,basic_math,hard,R2,B,A,B,B,B,1.6676215827465057,-2.692777633666992,-0.2759456932544708,-1.9435672760009766,-4.381143569946289,de6fdf49fd30a79cf850480b839051abeedbfb29343fc66d809c0c6fa2657f04
word_problems_34|B,word_problems_34,word_problems,medium,B,B,C,,C,C,-0.9365654587745667,-2.2743871212005615,-1.5123897790908813,-0.5758243203163147,-2.6447579860687256,0091c3bb754c0576a811ac850695ec073388e2f3897f57b1d2a3307c7915ceec
word_problems_34|R1,word_problems_34,word_problems,medium,R1,B,C,C,C,C,-2.9139403998851776,-2.5665218830108643,-3.0914928913116455,-0.1775524914264679,-3.9339115619659424,e31a697cc1a93b0439c009064c2341cbae45599a97beff0a3e949b8d6c225237
word_problems_34|R2,word_problems_34,word_problems,medium,R2,B,C,C,C,C,-3.9877624213695526,-2.8169193267822266,-4.090541839599609,-0.10277941823005676,-4.687963485717773,3bde72a6ef0ed0dca1cf17ce216e947034b3e3b70bef36e59f8db4a5a504276b
word_problems_34|P,word_problems_34,word_problems,medium,P,B,C,C,C,C,-2.72725111246109,-3.041508674621582,-3.4339590072631836,-0.7067078948020935,-4.184765815734863,acb32339ca8f3bdd4f4c226f82d4cc79e89958f0a73ddd35b9d294897f3d2ca5
word_problems_34|R0,word_problems_34,word_problems,medium,R0,B,C,C,C,C,-2.1754036396741867,-2.3177027702331543,-2.42140531539917,-0.24600167572498322,-3.6481432914733887,e989f797b7934d1546dc56bdbebbab4eebbd70ded87011a5e7500ca724ef1772
word_problems_34|R3,word_problems_34,word_problems,medium,R3,B,C,C,C,C,-1.7483253180980682,-2.513270616531372,-2.047278642654419,-0.2989533245563507,-3.092578172683716,45cacff761f53b18914dd2e9a9050762538e7e78b995e5b2d3c2663dc6677d66
word_problems_34|V,word_problems_34,word_problems,medium,V,B,C,C,C,C,-4.845386754721403,-3.926396608352661,-4.888604640960693,-0.04321788623929024,-6.01181173324585,3217019fc923d817b8c8d1070935592fa80dd07a02308a4571ae792929013b9c
word_problems_34|F,word_problems_34,word_problems,medium,F,B,C,C,C,C,-3.9939710199832916,-3.647292137145996,-4.45851993560791,-0.46454891562461853,-5.339062690734863,9784bfc826a89434d740726c418311531f6198893784820fb06640aa101dbfe0
word_problems_57|B,word_problems_57,word_problems,hard,B,D,C,,D,D,2.5281716510653496,-2.6491904258728027,-5.135087490081787,-4.13783597946167,-0.12101877480745316,7d04ffc8d20daa3b7d078321264f61205ed114875dd81624b4ba9adaa3079fce
word_problems_57|R3,word_problems_57,word_problems,hard,R3,D,C,D,D,D,3.50263587012887,-3.5464203357696533,-5.592183589935303,-4.7631120681762695,-0.04378446564078331,5a7989c5e7df3e5be3de4f310084ae7ec139795474df44a6cf5dcf6abaaaa715
word_problems_57|R2,word_problems_57,word_problems,hard,R2,D,C,D,D,D,4.148449085652828,-4.187033653259277,-7.016829490661621,-5.654757499694824,-0.03858456760644913,11cd5b4f52cd8ba81047072da84410c51c8452c746dcad05d9554fe1a7c75f45
word_problems_57|R0,word_problems_57,word_problems,hard,R0,D,C,D,D,D,3.9788090586662292,-4.1444902420043945,-7.0896735191345215,-5.394059658050537,-0.16568118333816528,41bbfc090de38760fe5f5a8e5f36f7bc72875fb6fbd94caba4ceda817c905dbf
word_problems_57|R1,word_problems_57,word_problems,hard,R1,D,C,D,D,D,4.6006927490234375,-4.697423458099365,-7.5431227684021,-6.031360149383545,-0.09673070907592773,1e361023442027d0402dd19e09e65530384c65479ac3051261b35f4172d07f5a
word_problems_57|P,word_problems_57,word_problems,hard,P,D,C,D,D,D,4.561937391757965,-4.7927985191345215,-7.765697002410889,-6.389474391937256,-0.2308611273765564,0780c838a8f18dcbd8bb4f555283bc5e6a9144d4dbceb7f4c51009d5ec3843c5
word_problems_57|F,word_problems_57,word_problems,hard,F,D,C,D,D,D,4.731420323252678,-4.93551778793335,-7.581668376922607,-6.3914947509765625,-0.2040974646806717,95255bad0a67ef1a0c6e14cedc5adec0fed4a4623a43f6a6f2f9efacc1c8b745
word_problems_57|V,word_problems_57,word_problems,hard,V,D,C,D,C,C,-3.9285010397434235,-4.8824005126953125,-6.780176162719727,-0.03212746977806091,-3.9606285095214844,54224d8379336a9fff6b5766b02ebf4f52e124222f1e8598fbe3cf51de2d59f7
logical_reasoning_53|B,logical_reasoning_53,logical_reasoning,hard,B,A,B,,A,A,1.374210387468338,-0.27950045466423035,-3.8391737937927246,-1.6537108421325684,-3.568721294403076,5f1505a489e175e73f3a161884f6becbe1851deeea151232f0e9212dd4096bdb
logical_reasoning_53|R3,logical_reasoning_53,logical_reasoning,hard,R3,A,B,A,A,A,3.2459087297320366,-0.07691264897584915,-3.552515745162964,-3.3228213787078857,-4.752771854400635,79f16c1722b995e6169fd6f81960734c8b6e941fbf62d51780aaca90142dfb58
logical_reasoning_53|P,logical_reasoning_53,logical_reasoning,hard,P,A,B,A,A,A,4.340732699260116,-0.03002440370619297,-4.929205894470215,-4.370757102966309,-6.819262504577637,551454a2a006165794d1d03b1509b8910a634731f364aacadb1217ec18ef655e
logical_reasoning_53|R1,logical_reasoning_53,logical_reasoning,hard,R1,A,B,A,A,A,4.089517343789339,-0.025282632559537888,-5.091370582580566,-4.114799976348877,-7.348106861114502,06df8b2a4457ddb025f4ca69741bd5cc7ea60fc102210a79a6e0537b39db66c0
logical_reasoning_53|R2,logical_reasoning_53,logical_reasoning,hard,R2,A,B,A,A,A,3.8590297922492027,-0.03287503868341446,-4.729108810424805,-3.891904830932617,-6.517539978027344,040fbe5d85c0e0311c035ab5e18890d8d48f42693a68713091e0403ff9cf71f8
logical_reasoning_53|F,logical_reasoning_53,logical_reasoning,hard,F,A,B,A,A,A,4.515148101374507,-0.026565613225102425,-5.139308929443359,-4.541713714599609,-7.099525451660156,bd03028c5b1e579ebb0827ad32ca18e4aed097846059481ee707363125e510f7
logical_reasoning_53|V,logical_reasoning_53,logical_reasoning,hard,V,A,B,A,B,B,-3.790889659896493,-3.8191745281219482,-0.028284868225455284,-5.590422630310059,-7.26456356048584,8ec1123ebd344caaa72ec33a69bde975bcf4d66f431d9a9c0af6cb5e908103a1
logical_reasoning_53|R0,logical_reasoning_53,logical_reasoning,hard,R0,A,B,A,A,A,3.4011839888989925,-0.051730964332818985,-4.160242080688477,-3.4529149532318115,-6.354438781738281,5cf753778a644503130a504d6303f00d26a5bbc9dd7814744bc1585f7cf9d333
basic_math_51|B,basic_math_51,basic_math,hard,B,D,A,,D,D,1.7527409046888351,-1.9679046869277954,-4.950520992279053,-3.1116557121276855,-0.21516378223896027,e7fdbf092e88d8a6c43ecc6862b7df4bd8d63e4f798c665f61a08cd26c885dbd
basic_math_51|F,basic_math_51,basic_math,hard,F,D,A,D,D,D,4.037023518234491,-4.0800700187683105,-6.666545391082764,-5.481566905975342,-0.0430465005338192,ca61c14331275d471031666a8084a01a1221e5b6e76e060555d6c84852da5d9d
basic_math_51|P,basic_math_51,basic_math,hard,P,D,A,D,D,D,3.6659679412841797,-3.7422516345977783,-6.1320295333862305,-4.933785915374756,-0.07628369331359863,3103e8e73ffdd85681fa44242e46365d4b875be3bae92cf2eea378669cc4d6ed
basic_math_51|R3,basic_math_51,basic_math,hard,R3,D,A,D,D,D,2.9990959390997887,-3.072084903717041,-5.200209140777588,-4.114439487457275,-0.07298896461725235,eab73e9e7bc1509ed93cfad66962a36eec47d2decbf3da4945abd3f7191b107f
basic_math_51|R0,basic_math_51,basic_math,hard,R0,D,A,D,D,D,2.89203080534935,-2.9730639457702637,-5.576732158660889,-4.2155280113220215,-0.0810331404209137,1fa93923a6a10bfc038494e4341835065bcfd54cdb5bf37c0a68aacf028e3ae7
basic_math_51|V,basic_math_51,basic_math,hard,V,D,A,D,A,A,-5.266227855347097,-0.014910564757883549,-5.822426795959473,-6.268881797790527,-5.2811384201049805,ec96488428c453ccac846a421d3b78666305a07c03da5fda37b3ff2848e53afb
basic_math_51|R1,basic_math_51,basic_math,hard,R1,D,A,D,D,D,3.389705613255501,-3.4399147033691406,-6.321264266967773,-4.957948684692383,-0.05020909011363983,449d96c871429cbfb1566cf6b909b4ab709c92cbdda5c3ba9514f854dd16f744
basic_math_51|R2,basic_math_51,basic_math,hard,R2,D,A,D,D,D,2.7913933396339417,-2.870157241821289,-6.149408340454102,-4.651695251464844,-0.07876390218734741,00ae7a3e4906403368a5fd0deac43ce357441ab40eb501aefbef070f8fb2b73a
scientific_facts_44|B,scientific_facts_44,scientific_facts,medium,B,C,A,,A,A,-0.5041103363037109,-0.652755618095398,-2.5094661712646484,-1.1568659543991089,-2.542989730834961,1ef20d7c23a2b6e5a3e294a412cbee30792e19c875d3add38114032ef28eb21a
scientific_facts_44|R3,scientific_facts_44,scientific_facts,medium,R3,C,A,A,A,A,-1.6464309394359589,-0.2693844139575958,-2.8921873569488525,-1.9158153533935547,-3.4543590545654297,4cd4ee5e173eb4f029cd093dff929c8cbf6797645849a00cbaaade7bf505428f
scientific_facts_44|R2,scientific_facts_44,scientific_facts,medium,R2,C,A,A,A,A,-2.585573084652424,-0.10336386412382126,-4.536526679992676,-2.688936948776245,-4.667433738708496,39fccc55a0f692362585f67c3020b40782fddcc8fc39237ecf5694e8a9a37eea
scientific_facts_44|V,scientific_facts_44,scientific_facts,medium,V,C,A,A,A,A,-5.969101011753082,-0.0300406813621521,-6.046161651611328,-5.999141693115234,-8.572517395019531,503433bce4ec12602159b99bdc239d20d9b90a58c13a16c80d8fb47576426c89
scientific_facts_44|F,scientific_facts_44,scientific_facts,medium,F,C,A,A,A,A,-2.8363226801156998,-0.19291506707668304,-5.016363143920898,-3.029237747192383,-5.091897964477539,aba12d9eb553fb6ae99bd38b1f57df822375579d57991afb77d9d79a65e9c275
scientific_facts_44|R1,scientific_facts_44,scientific_facts,medium,R1,C,A,A,A,A,-2.465591497719288,-0.10067146271467209,-4.964231014251709,-2.56626296043396,-4.84798002243042,f6f19821a4dd69ac587e55b7f9c354e65d89101bc22f382a05729c6d1323c7ce
scientific_facts_44|P,scientific_facts_44,scientific_facts,medium,P,C,A,A,A,A,-2.8163241520524025,-0.11175592988729477,-5.031269550323486,-2.9280800819396973,-4.5680012702941895,aa20dbd12d1d0e9b9fa8743ddb5d59c93ed5caa8b8a285c54b6d9ba17619579b
scientific_facts_44|R0,scientific_facts_44,scientific_facts,medium,R0,C,A,A,A,A,-2.178064242005348,-0.14074669778347015,-4.62752103805542,-2.3188109397888184,-5.129964351654053,f7323e06c4f15e7962018b3672aa8361ff2fed4671453fa98aaa1781d9fae110
reading_comprehension_2|B,reading_comprehension_2,reading_comprehension,easy,B,A,D,,A,A,7.94462382979691,-0.0212093573063612,-11.011219024658203,-8.46499252319336,-7.9658331871032715,9b5364f5800184f45647a6584cc9612cd17717564f654a21cef3e1416fbf5f82
reading_comprehension_2|P,reading_comprehension_2,reading_comprehension,easy,P,A,D,A,A,A,7.344766650348902,-0.02285715565085411,-8.515758514404297,-7.367623805999756,-7.472573757171631,b0758893248cba5305e197783dc4cd5fb11883357cb9c5990366c94df1b60a94
reading_comprehension_2|R1,reading_comprehension_2,reading_comprehension,easy,R1,A,D,A,A,A,7.918294984847307,-0.004991929978132248,-9.18069839477539,-7.9232869148254395,-8.164360046386719,edfca1340cbcbbb2e41057110f8743e61406ec7b645c52b8acf332357c0f302f
reading_comprehension_2|V,reading_comprehension_2,reading_comprehension,easy,V,A,D,A,D,D,-4.015363851562142,-4.040879726409912,-6.9624552726745605,-6.1063361167907715,-0.025515874847769737,3bfa4c61b681c3daed8fbff2cffec616449986fa96d36ca81dc5d78af12b152b
reading_comprehension_2|R2,reading_comprehension_2,reading_comprehension,easy,R2,A,D,A,A,A,7.124565181322396,-0.001924457959830761,-8.730489730834961,-7.376163482666016,-7.126489639282227,888e9c9759f2f92db1a7074b6578204efc32ba9ccade30ba189b5fbf84afabab
reading_comprehension_2|R3,reading_comprehension_2,reading_comprehension,easy,R3,A,D,A,A,A,5.386522069573402,-0.011719927191734314,-6.153061866760254,-5.398241996765137,-5.410809516906738,202ce30dd414a179ce7993601ca902c80db0214ef87c4f447a3ac072d94aab2c
reading_comprehension_2|F,reading_comprehension_2,reading_comprehension,easy,F,A,D,A,A,A,7.107854642439634,-0.005479059647768736,-8.203400611877441,-7.129166603088379,-7.113333702087402,d7b62b6fd90c82852f0cb2de7c16962783554bbad7e5bd51282205bcd0e91012
reading_comprehension_2|R0,reading_comprehension_2,reading_comprehension,easy,R0,A,D,A,A,A,7.511530062183738,-0.012734750285744667,-8.622998237609863,-7.524264812469482,-7.566314220428467,0498b7bfe6557a74c90b6bb0237f8c5b8d27b3f155f2c213be856675299e3026
analogies_29|B,analogies_29,analogies,medium,B,A,D,,A,A,1.0299797058105469,-0.7654545307159424,-2.6694118976593018,-1.7954342365264893,-2.2152645587921143,babef4df806dc1466f70feab4ba36d151b0136b193884f92a895a1b52f91f3bd
analogies_29|R0,analogies_29,analogies,medium,R0,A,D,A,A,A,3.043060339987278,-0.10280557721853256,-4.394639492034912,-3.1458659172058105,-4.174880504608154,a37470cfb09b01406bfad45fc8622e9671dbc9d789b1d7efc8f4860b7a9b7945
analogies_29|F,analogies_29,analogies,medium,F,A,D,A,A,A,3.689117379486561,-0.08414559811353683,-4.904175758361816,-3.7732629776000977,-4.334000587463379,122f51a2582313f25f59dc0afcb13f8ba03d22dc0f775e0e253e926e39aa61b8
analogies_29|R1,analogies_29,analogies,medium,R1,A,D,A,A,A,3.5652884542942047,-0.08147606253623962,-4.67924690246582,-3.6467645168304443,-4.35954475402832,814a76e310890bc6ea9b62b840b70f09c7d4925b3d50c4d9c7b0accee970aced
analogies_29|P,analogies_29,analogies,medium,P,A,D,A,A,A,2.7911223620176315,-0.1861160546541214,-4.493332862854004,-2.977238416671753,-3.494530439376831,8b11b14c88a7e08f16146cfdc4759b309a256e0af4348869c16af44a3a7a92b9
analogies_29|R3,analogies_29,analogies,medium,R3,A,D,A,A,A,3.3569680601358414,-0.08699379861354828,-3.4439618587493896,-3.5769457817077637,-3.795123815536499,808df0e527fd213cff7df6637ac2715824a64a5ab11f4e37347cf24bb482e6e1
analogies_29|R2,analogies_29,analogies,medium,R2,A,D,A,A,A,4.280076755210757,-0.023047195747494698,-5.567355155944824,-4.303123950958252,-5.783775806427002,0b0625ec2e91dd507943c36fb0defbd1788887be4ba87434bd786e9a6d249899
analogies_29|V,analogies_29,analogies,medium,V,A,D,A,D,D,-5.5930975349619985,-5.60402774810791,-7.093411445617676,-6.591391563415527,-0.010930213145911694,d110605cfe8b6dad517ee32d90dfa8bf62e636a636a5547800d9a5455a376e18
analogies_41|B,analogies_41,analogies,medium,B,B,A,,B,B,8.340481100603938,-8.356634140014648,-0.016153039410710335,-10.012186050415039,-10.529457092285156,90199224248ae0fc277e39a0108db6f4145ce2aa4ffabb8d1162aeec342cc272
analogies_41|P,analogies_41,analogies,medium,P,B,A,B,B,B,6.53658683039248,-6.564793586730957,-0.028206756338477135,-7.264950752258301,-8.872937202453613,748a066bdc16638b3b08b62faa1b56e854534d9704536c0446c5c528c8e09623
analogies_41|R0,analogies_41,analogies,medium,R0,B,A,B,B,B,6.569238629192114,-6.58875846862793,-0.01951983943581581,-7.273906707763672,-9.279973983764648,d374fa5af3d4666fc8fc43119ee6224749333c3c7656d28d3a00d1c311ff3952
analogies_41|R3,analogies_41,analogies,medium,R3,B,A,B,B,B,5.264137306250632,-5.271823883056641,-0.007686576806008816,-6.502277374267578,-7.513988494873047,cc0ff02a6b4be950809fe9ee6ed18a553b82dab9fc2a9478a72a85ac87d4e288
analogies_41|V,analogies_41,analogies,medium,V,B,A,B,A,A,-4.193735292181373,-0.018683740869164467,-4.212419033050537,-7.180514812469482,-9.313220024108887,7a54b49369d8f841d3317c61c3774e1b36a1951d1b6b8becf9061e3dc1e34c1d
analogies_41|F,analogies_41,analogies,medium,F,B,A,B,B,B,6.820897867437452,-6.826855659484863,-0.005957792047411203,-7.419759273529053,-8.833638191223145,ba98d996820ed1d76db96e2e1f403edf0bc5cabc12861b3cd74fc17ce24add14
analogies_41|R1,analogies_41,analogies,medium,R1,B,A,B,B,B,7.375459818169475,-7.405453205108643,-0.029993386939167976,-8.524206161499023,-10.652732849121094,66f34f3e1e5659547091621b4468c34e327f0545891da94939c1196051c34b08
analogies_41|R2,analogies_41,analogies,medium,R2,B,A,B,B,B,6.811210670508444,-6.813849449157715,-0.0026387786492705345,-7.486128807067871,-9.285338401794434,c9bc0c14c8d6c36ae2a86930c2af8304f82aa9f54aab6acae7fa36355a1550a1
basic_math_41|B,basic_math_41,basic_math,medium,B,C,D,,C,C,5.334064648952335,-5.34165620803833,-6.8182759284973145,-0.007591559085994959,-6.794973850250244,2e399a83102f121b744449a732484115ec65fac95a3eb96f5160168382f94ce6
basic_math_41|R2,basic_math_41,basic_math,medium,R2,C,D,C,C,C,4.755621060729027,-4.772531032562256,-7.184556484222412,-0.016909971833229065,-7.396562099456787,072824f7984b576ff37b46512795615ab26b286e7d3a2b2b3380da63be35204a
basic_math_41|R1,basic_math_41,basic_math,medium,R1,C,D,C,C,C,5.8258455414325,-5.830682754516602,-8.033931732177734,-0.004837213084101677,-8.060140609741211,83160500828b09306bd9a78e131ede8ca901642f72f8480a79142730aaf6297e
basic_math_41|V,basic_math_41,basic_math,medium,V,C,D,C,D,D,-3.591440051794052,-5.141613960266113,-6.299141883850098,-3.6424052715301514,-0.05096521973609924,7438926636191511883474fe890a28b19aa9b163492dd676e8a3aaace5b28e2f
basic_math_41|R0,basic_math_41,basic_math,medium,R0,C,D,C,C,C,5.547071576118469,-5.5555195808410645,-7.58659029006958,-0.008448004722595215,-7.637533664703369,cb2c484a45d8e73e0f22899f84bfb32b4221a302199df6db98cd4f61bc057a57
basic_math_41|P,basic_math_41,basic_math,medium,P,C,D,C,C,C,5.364254016429186,-5.395780563354492,-7.532907485961914,-0.03152654692530632,-6.963949203491211,d261fe877c80691edbdbe8112d103be6ec89e551f6a57f88f45996763fc9083b
basic_math_41|F,basic_math_41,basic_math,medium,F,C,D,C,C,C,5.695251628756523,-5.7577805519104,-8.192572593688965,-0.06252892315387726,-7.693817615509033,92e7787627a5183083992a49895b8de93916bc6e59ff55d800db40cb26d6cc9c
basic_math_41|R3,basic_math_41,basic_math,medium,R3,C,D,C,C,C,4.422721955925226,-4.441949367523193,-6.008504390716553,-0.019227411597967148,-5.593446254730225,98e0abbeaa254ef7d813a02794f37f53a6c1aa766be6502b00a3e2b61b0812b4
basic_math_56|B,basic_math_56,basic_math,hard,B,C,A,,C,C,5.91331304050982,-5.919897079467773,-6.603759765625,-0.006584038957953453,-8.092409133911133,8c7b6ecea60534e3da637538d16b3ceb2179d479595ab7b96f737103e0b3bb99
basic_math_56|V,basic_math_56,basic_math,hard,V,C,A,C,A,A,-2.9517725706100464,-0.07264387607574463,-5.20951509475708,-3.024416446685791,-8.294678688049316,23983b089f05afb458d57f2e012134ead52d8812251e1cd6862c87edf5fb855a
basic_math_56|F,basic_math_56,basic_math,hard,F,C,A,C,C,C,6.144329108297825,-6.190439224243164,-7.701634407043457,-0.0461101159453392,-8.104450225830078,209549849415bac061393ae89986f13707fe05aaae648c48c473498fea5773b1
basic_math_56|R0,basic_math_56,basic_math,hard,R0,C,A,C,C,C,6.289256825111806,-6.301164627075195,-7.85328483581543,-0.01190780196338892,-8.608250617980957,c721db5e4965563055f2b8fbeb5c02f70954dd01f4275601d23cdbe9ef48b456
basic_math_56|R2,basic_math_56,basic_math,hard,R2,C,A,C,C,C,5.58529838360846,-5.596569061279297,-7.6607818603515625,-0.011270677670836449,-8.44759750366211,ef193222d168d0a3c02e25d84d08a97cfc43a610d36cf662a409398e2162dead
basic_math_56|R1,basic_math_56,basic_math,hard,R1,C,A,C,C,C,6.462852346245199,-6.470388412475586,-8.170570373535156,-0.007536066230386496,-8.878988265991211,c998921392fd0ef66881065820cee945e2f7c541ca400729654a63f0401d7ab7
basic_math_56|R3,basic_math_56,basic_math,hard,R3,C,A,C,C,C,5.2213498540222645,-5.232465744018555,-6.129117965698242,-0.011115889996290207,-6.546075820922852,8cb7c00f9c963635f832112bfd5f839d3ccddbb23cd33dbdab4ca106dd7cfd90
basic_math_56|P,basic_math_56,basic_math,hard,P,C,A,C,C,C,6.004539631307125,-6.077934741973877,-7.437008380889893,-0.07339511066675186,-7.681917667388916,992523135ecbf718070d695f9ae3f601b99fe897f974b5e2977953a400415772
analogies_3|B,analogies_3,analogies,easy,B,C,A,,C,C,4.1689222157001495,-4.21079158782959,-6.646254539489746,-0.04186937212944031,-4.8127946853637695,06812c527c0d1df5dc4e777a8dd47a6b8d4aa3b34502e4951d6caf613c921886
analogies_3|F,analogies_3,analogies,easy,F,C,A,C,C,C,5.878789909183979,-5.922485828399658,-7.817715167999268,-0.04369591921567917,-7.068884372711182,19acea55c6194828c38466947df49fa0f81fe58e37d3c8581bada8b70dbb5fa0
analogies_3|R2,analogies_3,analogies,easy,R2,C,A,C,C,C,6.239975136239082,-6.24681282043457,-8.164438247680664,-0.006837684195488691,-8.189569473266602,6e389a77ed5a14db2e6784778fcc7139bcbbe8c4582b278a506467fa1517ef92
analogies_3|V,analogies_3,analogies,easy,V,C,A,C,A,A,-5.471880096010864,-0.012405735440552235,-6.901327610015869,-5.484285831451416,-8.80079460144043,fcb49c31f4d36fe5abf0648e1dc41f2285ad13f85c1485feeb3a5d84a9c11c07
analogies_3|R1,analogies_3,analogies,easy,R1,C,A,C,C,C,6.197839714586735,-6.2667083740234375,-8.415010452270508,-0.06886865943670273,-8.256917953491211,c904c1de44ada2399337e7ce9980a668dce1c25802255e470af6ee71b34b2e2f
analogies_3|R3,analogies_3,analogies,easy,R3,C,A,C,C,C,4.910415532067418,-4.924685001373291,-6.459095478057861,-0.014269469305872917,-5.386110782623291,53466408f603f8b899532809a7f6b2f16824cc5b13b5550068bfca87dda4e3a6
analogies_3|P,analogies_3,analogies,easy,P,C,A,C,C,C,5.868847079575062,-5.921288967132568,-7.9703803062438965,-0.05244188755750656,-7.393142223358154,08244258b812b218438ea3a73cff4e00307ad38afb55e2859a307bc5f44332b8
analogies_3|R0,analogies_3,analogies,easy,R0,C,A,C,C,C,5.679207026958466,-5.9313645362854,-8.080083847045898,-0.2521575093269348,-7.971608638763428,f3bfd0790777e683cc178b6df62a76bb6679efddb9769eed9c4a3d82b97764ed
word_problems_29|B,word_problems_29,word_problems,medium,B,D,C,,A,A,-1.5958480834960938,-0.2950305938720703,-3.837770462036133,-2.708292007446289,-1.890878677368164,26492b3a0a5381fe84ba77251028d75ffc5d4bda7775033efa019cafad31db8c
word_problems_29|F,word_problems_29,word_problems,medium,F,D,C,A,A,A,-4.628333888947964,-0.06875769048929214,-6.6890692710876465,-5.906346797943115,-4.697091579437256,6753f8e1ef8c09c6c9beba9834ba19f0c03cd6a783b9c9844d6495e11c5c5b42
word_problems_29|P,word_problems_29,word_problems,medium,P,D,C,A,A,A,-3.798938676714897,-0.18691618740558624,-5.879762649536133,-4.899927139282227,-3.9858548641204834,d8a35e26090349415cde07ba4101b33281924488fd76026f390c1912f7cb5375
word_problems_29|R3,word_problems_29,word_problems,medium,R3,D,C,A,A,A,-3.500595185905695,-0.06181016191840172,-4.381031513214111,-4.0031208992004395,-3.5624053478240967,156efc10cba1c4c280f5c41972af4af476bf5424dab58b718958965c7f09e505
word_problems_29|R2,word_problems_29,word_problems,medium,R2,D,C,A,A,A,-5.908471861854196,-0.009666642174124718,-6.901098251342773,-5.358739852905273,-5.91813850402832,58153e93eb8a8718d1211623342946751d498898fc4ceb7f2e2f6e4431711e92
word_problems_29|V,word_problems_29,word_problems,medium,V,D,C,A,C,C,-6.375869555398822,-3.7241857051849365,-6.772519588470459,-0.03123636730015278,-6.407105922698975,c8db146a88439496fd9c6983ac763a1abf5765523e3bb97459c3432642ddb41b
word_problems_29|R0,word_problems_29,word_problems,medium,R0,D,C,A,A,A,-3.7119216807186604,-0.04514099285006523,-5.224475860595703,-4.251174449920654,-3.7570626735687256,c6424dcc001728c8c2a10fb07555a51d38c81124a40d035aff97ca497a47c571
word_problems_29|R1,word_problems_29,word_problems,medium,R1,D,C,A,A,A,-5.053589011542499,-0.012327526696026325,-7.175718784332275,-5.784977436065674,-5.065916538238525,1a659dbb86aaf4a7f0acd4010b248d5dd109dc543a92480866d6c307a860f75b
word_problems_70|B,word_problems_70,word_problems,hard,B,D,B,,B,B,-2.0576418042182922,-3.417208194732666,-0.6901974081993103,-1.1769031286239624,-2.7478392124176025,ac539ed7113c955883cbda9e26ade13eb9f6868586ad9bb664256a8a28775228
word_problems_70|P,word_problems_70,word_problems,hard,P,D,B,B,B,B,-5.105247229337692,-3.701011896133423,-0.2877829372882843,-2.5550577640533447,-5.393030166625977,454e661a865f69e8813cfa7d85ce7029516a5bd2fe56ad1eb219f88c61a9ade1
word_problems_70|F,word_problems_70,word_problems,hard,F,D,B,B,B,B,-6.467115521430969,-4.8626556396484375,-0.4141119718551636,-4.113170623779297,-6.881227493286133,53fd04dc0313f11e752b22e08c7e89fe251cc3d15c6c7cf4fb3e3d8a397406b6
word_problems_70|V,word_problems_70,word_problems,hard,V,D,B,B,B,B,-7.701252147555351,-4.710254192352295,-0.06979306042194366,-5.613917350769043,-7.771045207977295,93be84cc043ae6edfe8aca4910e98c7dc9ce0858a7483deadacee07b68813912
word_problems_70|R2,word_problems_70,word_problems,hard,R2,D,B,B,B,B,-5.7777727246284485,-3.958974599838257,-0.14737480878829956,-2.590116262435913,-5.925147533416748,8888163bee80d14f9db065e6c22b4dbcaee3524620d8440d296bf600d2d7950d
word_problems_70|R0,word_problems_70,word_problems,hard,R0,D,B,B,B,B,-5.100772798061371,-3.7131505012512207,-0.32833153009414673,-2.0097813606262207,-5.429104328155518,1893435bb6a16633be12781e08b4b698827524c3e65e747af3df26fd16422eba
word_problems_70|R3,word_problems_70,word_problems,hard,R3,D,B,B,B,B,-4.538087904453278,-3.3017425537109375,-0.16294091939926147,-2.2773799896240234,-4.701028823852539,8b45e4e2889cc50beb58f3720da57b0a9bf9da68e1a8d5df4145a0c01332ab03
word_problems_70|R1,word_problems_70,word_problems,hard,R1,D,B,B,B,B,-6.07500833272934,-4.331996440887451,-0.21696430444717407,-2.7333579063415527,-6.291972637176514,08dc3d0d3852111ee278097f3ef7dd3be81ce98ac34089d69519a4287346e662
scientific_facts_21|B,scientific_facts_21,scientific_facts,medium,B,D,C,,B,B,-1.3563518524169922,-4.42449951171875,-0.2903554439544678,-3.0943448543548584,-1.64670729637146,c2d76bde4e6b16169b64cf8f49968b2c43cfe4579b86ce670e0ae3dcdab53af5
scientific_facts_21|R0,scientific_facts_21,scientific_facts,medium,R0,D,C,B,B,B,-4.3377513363957405,-3.696225643157959,-0.11224894970655441,-3.2770533561706543,-4.450000286102295,d9bca41c5c1576618f14fd7e2449a0b8a730ca7d344f10f98b9f1239862e551a
scientific_facts_21|R3,scientific_facts_21,scientific_facts,medium,R3,D,C,B,B,B,-3.884855233132839,-3.369547128677368,-0.0775473490357399,-4.022369861602783,-3.962402582168579,a4aaa4cddffd2eb1cb591e6b049cb74f15ce94e21c5530e640de74411512d05d
scientific_facts_21|P,scientific_facts_21,scientific_facts,medium,P,D,C,B,B,B,-4.492861017584801,-4.348416805267334,-0.06475235521793365,-4.295400619506836,-4.557613372802734,fb3a853de1399e41dc5846481cb2fba4a57cfdb45cd17134dc6e4802c7c5ffb9
scientific_facts_21|F,scientific_facts_21,scientific_facts,medium,F,D,C,B,B,B,-5.34438493847847,-5.049114227294922,-0.04062291979789734,-5.250932693481445,-5.385007858276367,25fa5005159d6fbd8b2d766038cd93896318d15b079e98d04998c592caa60ed7
scientific_facts_21|R1,scientific_facts_21,scientific_facts,medium,R1,D,C,B,B,B,-5.271990101784468,-4.438753128051758,-0.03422756865620613,-4.330671310424805,-5.306217670440674,66a6a80874ec6647bfb36a124a029c77e14183f841dba564311b9eae1d452c79
scientific_facts_21|R2,scientific_facts_21,scientific_facts,medium,R2,D,C,B,B,B,-4.980447933077812,-4.060669898986816,-0.043701961636543274,-4.301287651062012,-5.0241498947143555,dff43754b44933468467b81f8699887db092b6ede9750b289a81d21b2e31dc34
scientific_facts_21|V,scientific_facts_21,scientific_facts,medium,V,D,C,B,C,C,-6.261320112273097,-5.159082889556885,-4.413156986236572,-0.030613424256443977,-6.291933536529541,93b373f5b0e41c56c62f725ea60f1a5a96e484eb64407c9f07ee77e039a91758
reading_comprehension_38|B,reading_comprehension_38,reading_comprehension,medium,B,B,C,,B,B,6.659324578940868,-6.6815714836120605,-0.02224690467119217,-7.9916911125183105,-7.358764171600342,69a22671117a17f4d718f9f22d17ef7a218d1a02299ec604776f969006525887
reading_comprehension_38|R1,reading_comprehension_38,reading_comprehension,medium,R1,B,C,B,B,B,6.290681706741452,-6.308935642242432,-0.018253935500979424,-7.570005893707275,-8.81779956817627,8312c85eee1693d2063a35bec91d221b66c21849d08cccbaca8250942871efa7
reading_comprehension_38|R2,reading_comprehension_38,reading_comprehension,medium,R2,B,C,B,B,B,6.571374913910404,-6.574109077453613,-0.0027341635432094336,-7.887007713317871,-8.614533424377441,8cd969654962689a7aa3a5683a380fd4dc85386f7796e6f9250cf413118bc0d7
reading_comprehension_38|P,reading_comprehension_38,reading_comprehension,medium,P,B,C,B,B,B,5.777919664978981,-5.7923970222473145,-0.014477357268333435,-6.750565052032471,-7.286350727081299,4d951a9a73ef05a81d16764d3f52105e855bec7474f6b2faed3c501e26cd0d35
reading_comprehension_38|R3,reading_comprehension_38,reading_comprehension,medium,R3,B,C,B,B,B,4.559074437245727,-4.576172351837158,-0.017097914591431618,-5.798050403594971,-5.9704976081848145,777cad6dc835e5f7a495ca2dd2dfe85223bec3a99080af30c11eedcc562e4513
reading_comprehension_38|V,reading_comprehension_38,reading_comprehension,medium,V,B,C,B,C,C,-5.200572928413749,-6.044678211212158,-5.211607456207275,-0.01103452779352665,-7.422632694244385,ad9035529b85839344c2a9252eddc83a11010e02d9d12851ab3c5c14d6d5eba0
reading_comprehension_38|F,reading_comprehension_38,reading_comprehension,medium,F,B,C,B,B,B,6.308534452691674,-6.316729545593262,-0.008195092901587486,-6.988461494445801,-7.539654731750488,9663174c362e9bed2af3109fe7257facde5083b0a9b0ea1a9e7e0beb00f1a99c
reading_comprehension_38|R0,reading_comprehension_38,reading_comprehension,medium,R0,B,C,B,B,B,5.66040778812021,-5.675891876220703,-0.015484088100492954,-6.831701755523682,-7.850759983062744,337c64a96f3aa16401a77241c1e34a986460f9d7a7b11682bc56638be04c240a
basic_math_9|B,basic_math_9,basic_math,easy,B,D,B,,A,A,-2.036918580532074,-0.7636416554450989,-0.937374472618103,-2.5407068729400635,-2.800560235977173,06dcebe6a1aa311a53cbaee870aebe3d78a9ea8434ae4c7a0ca29177050e8e65
basic_math_9|R2,basic_math_9,basic_math,easy,R2,D,B,A,A,A,-5.914033683016896,-0.023205487057566643,-4.561913013458252,-4.798426151275635,-5.937239170074463,dd5b743e5e3beb63316001e241cb44fae85decd09f6fe21772a2443fd860265c
basic_math_9|F,basic_math_9,basic_math,easy,F,D,B,A,A,A,-5.284658465534449,-0.05261608585715294,-3.584003448486328,-5.514518737792969,-5.337274551391602,8fe52d05c8d021bb01cdc9d759c83017dbe0256dd652ee0975da57eeb14ed6a7
basic_math_9|R0,basic_math_9,basic_math,easy,R0,D,B,A,A,A,-4.058046415448189,-0.20773927867412567,-1.863460898399353,-4.353912830352783,-4.2657856941223145,734376b91bb4f0eee552f8fa04c63117c88be6b8f4808df4af81622e181a9c0e
basic_math_9|R1,basic_math_9,basic_math,easy,R1,D,B,A,A,A,-5.048946306109428,-0.05674035847187042,-3.2594094276428223,-4.915802478790283,-5.105686664581299,b3a2df3dd4e195c0461f03bc41b8d8a7113bfbda4ad7ae81712dd77f579ae922
basic_math_9|V,basic_math_9,basic_math,easy,V,D,B,A,B,B,-6.906910132616758,-4.361937522888184,-0.028771210461854935,-7.045525550842285,-6.935681343078613,023f0d75c9a2f0db64213f079824ebde376d6e5a1f6bb32801cae956312a62b7
basic_math_9|R3,basic_math_9,basic_math,easy,R3,D,B,A,A,A,-3.3226660788059235,-0.2525392472743988,-1.7948976755142212,-3.7352356910705566,-3.5752053260803223,2f9205e3e13e94a9eb750fb35af6e1b2bbd19e619b187f0b29ca7e4a7597d4ac
basic_math_9|P,basic_math_9,basic_math,easy,P,D,B,A,A,A,-4.394229914993048,-0.05834386125206947,-3.5959930419921875,-4.60151481628418,-4.452573776245117,a1e4633990ccdf357102c15d220a7e2fc87da41a607c6c99370f682cef3f680c
scientific_facts_59|B,scientific_facts_59,scientific_facts,hard,B,C,B,,A,A,-0.0032082200050354004,-0.9280669689178467,-3.5450141429901123,-0.9312751889228821,-1.7378071546554565,107dc1a4b96413a596ef8f05e1c6695db5cf64a80242102c78dcb20215a89d4f
scientific_facts_59|R1,scientific_facts_59,scientific_facts,hard,R1,C,B,A,A,A,-1.525428906083107,-0.2208331674337387,-5.234283924102783,-1.7462620735168457,-4.353235721588135,9aa2db987e00d9c8126f033396c29df0150e142658114e688fa0aeba42026a86
scientific_facts_59|R3,scientific_facts_59,scientific_facts,hard,R3,C,B,A,A,A,-1.486520767211914,-0.294201135635376,-3.647094964981079,-1.78072190284729,-2.838554620742798,3de8f3e00db2061a2fb3ef89375049862f27b746ef8eeb26299e8158705a0fd0
scientific_facts_59|P,scientific_facts_59,scientific_facts,hard,P,C,B,A,A,A,-2.6612415611743927,-0.17883941531181335,-5.926290988922119,-2.840080976486206,-3.8656909465789795,e1b9f490366e800d2cee692cd27f8ea046741f0a53b208e7bf95548944a86f23
scientific_facts_59|R2,scientific_facts_59,scientific_facts,hard,R2,C,B,A,A,A,-2.501420982182026,-0.10054134577512741,-5.7109904289245605,-2.6019623279571533,-4.773879528045654,5a6af1c395dc1adab06b8812a42b439792d82b536d2e7e5fcbd55dc63ec31a1e
scientific_facts_59|V,scientific_facts_59,scientific_facts,hard,V,C,B,A,B,B,-5.412433676421642,-4.274033069610596,-0.03471798449754715,-5.4471516609191895,-6.689301013946533,e237001331068e7d8d5efbc8394fc999353e984a7f516ca3972b5dd86ee0967c
scientific_facts_59|R0,scientific_facts_59,scientific_facts,hard,R0,C,B,A,A,A,-1.5292015075683594,-0.2446742057800293,-5.380696773529053,-1.7738757133483887,-4.852633953094482,b68d675305f72fb50efb6bab2efd0b6d88ecc89c69180ca1ade68cf20691abb9
scientific_facts_59|F,scientific_facts_59,scientific_facts,hard,F,C,B,A,A,A,-3.124313309788704,-0.20940904319286346,-6.4222846031188965,-3.3337223529815674,-4.922309398651123,f8806362fb0c5796edabc95d1b8e0087838fb06ee7455cde8c9c32f93b92dbe7
scientific_facts_64|B,scientific_facts_64,scientific_facts,hard,B,B,C,,B,B,0.49037182331085205,-4.206893444061279,-0.5139843225479126,-1.0043561458587646,-4.208871364593506,33ef376e9383480fcb52c1cfe8c65660a55a76587acab78d8e4fbcb8c02fb02b
scientific_facts_64|P,scientific_facts_64,scientific_facts,hard,P,B,C,B,B,B,3.3417948484420776,-4.962341785430908,-0.39682042598724365,-3.7386152744293213,-7.0177693367004395,2ff7c4895f5f83ed792a6a97dbde9a4cf98798b9ed93972a2e2643166edf09d2
scientific_facts_64|V,scientific_facts_64,scientific_facts,hard,V,B,C,B,C,C,-4.456249412149191,-5.610320091247559,-4.511401176452637,-0.055151764303445816,-7.475190162658691,4418fba54133da94b5140b60de1f6e084b43086be96adbba11df56edb0e7e31a
scientific_facts_64|R1,scientific_facts_64,scientific_facts,hard,R1,B,C,B,B,B,3.6985855512320995,-4.706441402435303,-0.05477305129170418,-3.7533586025238037,-7.25715970993042,da5e9f577e93847a628fc2e514a7d0fd83a8d78d92d4627e52af9ad6c788f335
scientific_facts_64|R3,scientific_facts_64,scientific_facts,hard,R3,B,C,B,B,B,2.904146187007427,-3.4960367679595947,-0.09445024281740189,-2.998596429824829,-5.290462493896484,e2e50c9c3d953f5904f37440129d75b40b308e06960a360be8f2ddce6d35cc3d
scientific_facts_64|R0,scientific_facts_64,scientific_facts,hard,R0,B,C,B,B,B,3.1360435634851456,-4.417329788208008,-0.15926145017147064,-3.295305013656616,-7.001067161560059,b92e56b0b2eb34a39959b2e30964322d176ba7e17f2aad9c975676084ebd081b
scientific_facts_64|F,scientific_facts_64,scientific_facts,hard,F,B,C,B,B,B,3.905410721898079,-5.171142101287842,-0.11520151793956757,-4.0206122398376465,-7.2037577629089355,b4148ff8ba05bc67088cfb14df98dbbdb6c17937d0f8dc20e3f2aa9d9e13ba55
scientific_facts_64|R2,scientific_facts_64,scientific_facts,hard,R2,B,C,B,B,B,3.447780594229698,-4.327060699462891,-0.07304956018924713,-3.5208301544189453,-7.166631698608398,15a290d7b7a8bfeffd8bcfd17f4ee0e629770eb11e8f449493ed1a8e668b90d5
word_problems_19|B,word_problems_19,word_problems,medium,B,A,D,,B,B,-0.8042945265769958,-1.4175021648406982,-0.6132076382637024,-2.1773955821990967,-2.52200984954834,4b7437605bbd7d5b69c31d5be82994b368b016942ca11fe457354b53ed271d58
word_problems_19|F,word_problems_19,word_problems,medium,F,A,D,B,B,B,-2.6458358764648438,-3.244027853012085,-0.5981919765472412,-4.95660400390625,-5.881188869476318,ba87c50efd3a09a583ba7c40df34b663b092e497c2491a1ef0baf33d20f24b17
word_problems_19|R0,word_problems_19,word_problems,medium,R0,A,D,B,B,B,-1.4701785445213318,-1.7487709522247314,-0.27859240770339966,-2.9443981647491455,-4.495219707489014,8b1597bce64ce12045e989f143c7208d09ac9571dfb5f7c9a6a3fd7e501528c3
word_problems_19|R3,word_problems_19,word_problems,medium,R3,A,D,B,B,B,-1.9354230165481567,-2.127534866333008,-0.19211184978485107,-3.3778419494628906,-3.95703125,585de2c45958f920bc3d8a93244d0f6fa9d02e072316c732afcecc57200e4e9a
word_problems_19|P,word_problems_19,word_problems,medium,P,A,D,B,B,B,-1.778766691684723,-2.548985004425049,-0.7702183127403259,-3.8818039894104004,-4.892904758453369,e62b6e9ee53f3262115f447b975dac0f883afa633992753c18e84a1eeec80fd6
word_problems_19|V,word_problems_19,word_problems,medium,V,A,D,B,D,D,-4.981510188430548,-5.029262542724609,-4.184883117675781,-5.290485382080078,-0.04775235429406166,20c8dc52a0b9b30bfb3d8876883ea7086a0017e5dcde7ef435192097c01593ee
word_problems_19|R1,word_problems_19,word_problems,medium,R1,A,D,B,B,B,-2.11882022023201,-2.295814275741577,-0.17699405550956726,-3.5670011043548584,-5.3347086906433105,3a58ab1b75baa092ec1cea711302ee6c737879c12687f0ca2832e476e75564e7
word_problems_19|R2,word_problems_19,word_problems,medium,R2,A,D,B,B,B,-2.411575108766556,-2.5349435806274414,-0.12336847186088562,-3.7210590839385986,-5.52853536605835,84302a067fbe2dd5acc59a5cf5eab4dd450305a69c6af685dae34c1d0e65cd36
logical_reasoning_45|B,logical_reasoning_45,logical_reasoning,hard,B,C,A,,C,C,1.4110164046287537,-3.435001850128174,-6.228213787078857,-0.5439191460609436,-1.9549355506896973,229b703fd2369a29ea70689f41204ed59108c78ca2d82442d2eba435e99a7ef1
logical_reasoning_45|R1,logical_reasoning_45,logical_reasoning,hard,R1,C,A,C,C,C,4.58045756816864,-4.991791725158691,-7.98533821105957,-0.13445770740509033,-4.7149152755737305,f5df558f938f1dc1d03d27eaa1e710461cf6f559d6f1a12b9e2225cbf3974ea9
logical_reasoning_45|R0,logical_reasoning_45,logical_reasoning,hard,R0,C,A,C,C,C,4.718958020210266,-5.234458923339844,-8.30699348449707,-0.2946089506149292,-5.013566970825195,5ec2c82eda4e4133fced441cfdd2ee44f019f3d66722bbb5193121c3e10e98c0
logical_reasoning_45|R2,logical_reasoning_45,logical_reasoning,hard,R2,C,A,C,C,C,4.582111317664385,-4.894608020782471,-7.847419261932373,-0.02645544335246086,-4.608566761016846,0d1d2466985604ea7da5b160485c4cd18302a0e6a5bb33bd58c0b116019f5cca
logical_reasoning_45|F,logical_reasoning_45,logical_reasoning,hard,F,C,A,C,C,C,5.228420168161392,-5.941331386566162,-8.983537673950195,-0.1488109529018402,-5.377231121063232,307934c124bb2fe8df962c73b79c2f218726682d8d4a0b276b8ebc6267fdfd59
logical_reasoning_45|V,logical_reasoning_45,logical_reasoning,hard,V,C,A,C,A,A,-3.2470283322036266,-0.0514235682785511,-7.367562770843506,-3.2984519004821777,-5.579711437225342,a5ca1b8f3dc8b8a391c2cea049d38849f076be8356bfc599a38161f711434fda
logical_reasoning_45|R3,logical_reasoning_45,logical_reasoning,hard,R3,C,A,C,C,C,2.9359741508960724,-3.9980289936065674,-6.405346870422363,-0.07353135943412781,-3.0095055103302,2621c09a56aecf9c60ee8d39a918ea5832f9c781674b959c6bd16bd2bb9c7890
logical_reasoning_45|P,logical_reasoning_45,logical_reasoning,hard,P,C,A,C,C,C,4.583717346191406,-5.228046417236328,-8.443327903747559,-0.14571189880371094,-4.729429244995117,af97f0171759428db5dd980e59461abd8d462aed8f301af6ddd41c8d924707a2
basic_math_15|B,basic_math_15,basic_math,medium,B,C,D,,C,C,1.9266797602176666,-2.0743212699890137,-6.1086859703063965,-0.14764150977134705,-5.152740001678467,1a233de7edd4e933c5733259253ac97551baaa362e22fba4624fbd9c751a68ba
basic_math_15|F,basic_math_15,basic_math,medium,F,C,D,C,C,C,4.705470979213715,-4.734843730926514,-7.812428951263428,-0.029372751712799072,-7.497334957122803,d81bbae9b0ce0a711b340e60f1e959a9a0b11f382ff6ab08b971617c64b740ad
basic_math_15|P,basic_math_15,basic_math,medium,P,C,D,C,C,C,3.760894753038883,-3.8131537437438965,-6.943101406097412,-0.052258990705013275,-6.313313961029053,ac1574518bea943efc9e9103ea8bc7b8c0fc5fec184792a212fc6e80f31bd13d
basic_math_15|R0,basic_math_15,basic_math,medium,R0,C,D,C,C,C,4.185504850000143,-4.212932109832764,-7.7474284172058105,-0.02742725983262062,-7.542138576507568,cc6e21015af9c8f2ae6c4c61444a6c71905ac19b50afe9fa2f71ba3b2600c347
basic_math_15|R3,basic_math_15,basic_math,medium,R3,C,D,C,C,C,3.756460189819336,-3.7875113487243652,-5.9488139152526855,-0.031051158905029297,-5.536544322967529,d772a5971c9f3635645428bc87dbb0f6d00ccbd16e1a1e6391d08f6c664889dc
basic_math_15|R2,basic_math_15,basic_math,medium,R2,C,D,C,C,C,4.0419044233858585,-4.062272071838379,-7.6391801834106445,-0.02036764845252037,-7.7584638595581055,ab18105ae9c9e61bdc3bc1c5f5234b38cb90ccef93b55a8924e49a579137047d
basic_math_15|R1,basic_math_15,basic_math,medium,R1,C,D,C,C,C,4.436760040000081,-4.457151412963867,-8.033073425292969,-0.020391372963786125,-7.779579162597656,a2f0889621c37094aeb549dcbd1cf1d08b0bcd26b8bd2a034e2366f05457b8b3
basic_math_15|V,basic_math_15,basic_math,medium,V,C,D,C,D,D,-3.1899795681238174,-4.338005065917969,-5.516910552978516,-3.278858184814453,-0.08887861669063568,aeeb3424a11acbff19ccd673b7da43aff7f2c942cf4ce788de19a0811cd5d4f9
basic_math_43|B,basic_math_43,basic_math,medium,B,A,D,,A,A,1.1158772110939026,-0.6408397555351257,-1.8403236865997314,-2.58024525642395,-1.7567169666290283,29730a9421361b7d6ff3add4f60ecb316588f179c952078df089c8fd14a0e046
basic_math_43|V,basic_math_43,basic_math,medium,V,A,D,A,D,D,-3.80459401011467,-3.846843957901001,-5.997683048248291,-5.819729328155518,-0.04224994778633118,76fef5c83a5a2de08b6229c3f983b6ae82ddc2aee0220dec80a9577ab455e496
basic_math_43|R2,basic_math_43,basic_math,medium,R2,A,D,A,A,A,3.7481841072440147,-0.05653081089258194,-4.288758277893066,-4.103913307189941,-3.8047149181365967,77af7dd0de56c58a4d87005f9bae16325c8c521414133e83a79975b449a3c24b
basic_math_43|R0,basic_math_43,basic_math,medium,R0,A,D,A,A,A,2.0343665778636932,-0.3380110561847687,-2.372377634048462,-2.4364092350006104,-2.3818209171295166,b715e546b532267eee734d57bd23b9a782c40a7682adc9ebc156c1b6b431c44a
basic_math_43|F,basic_math_43,basic_math,medium,F,A,D,A,A,A,2.0004424452781677,-0.5781639218330383,-3.284680128097534,-3.563572645187378,-2.578606367111206,a9d2ae90340341e0bf7df20655247c2897a38df54735d8f196b75cfd16135140
basic_math_43|R1,basic_math_43,basic_math,medium,R1,A,D,A,A,A,2.4253235459327698,-0.1681806445121765,-3.4718799591064453,-3.1284735202789307,-2.5935041904449463,33c1fe43912c59f8ae1bc900af3bce266035ea2cc65437237eb8af062cebcfce
basic_math_43|R3,basic_math_43,basic_math,medium,R3,A,D,A,A,A,2.100288435816765,-0.2387666255235672,-2.512700080871582,-3.40499210357666,-2.339055061340332,489f8988f04926a052908a008f8932db57841344d8a858227b0c0dca3ffb584c
basic_math_43|P,basic_math_43,basic_math,medium,P,A,D,A,A,A,2.0929642021656036,-0.40693995356559753,-2.960172176361084,-3.20833158493042,-2.499904155731201,6d0ece82d410f923e1cb4c2684596b66376d40be9b556784ce994819170891e2
scientific_facts_49|B,scientific_facts_49,scientific_facts,hard,B,A,B,,A,A,2.1321257799863815,-0.1962002068758011,-2.868941068649292,-4.145604133605957,-2.3283259868621826,ee8a84a7a00bffd698128b11e3d4da21bf8f8e2150e7edfef0b22cc080de6eb6
scientific_facts_49|R1,scientific_facts_49,scientific_facts,hard,R1,A,B,A,A,A,4.596281103789806,-0.03164047747850418,-4.981505870819092,-5.0204081535339355,-4.6279215812683105,3318a6b4a5b2b2431fcfbf0b3b1782bc09cff7a068bc1b2e93b94f3b15dc305e
scientific_facts_49|R3,scientific_facts_49,scientific_facts,hard,R3,A,B,A,A,A,2.487098664045334,-0.13123777508735657,-2.6183364391326904,-4.471055030822754,-3.3042819499969482,6543bf0af9cbea23bda07ae60b9c981572a210310ff0f5ee26ef5b15db1adaa7
scientific_facts_49|V,scientific_facts_49,scientific_facts,hard,V,A,B,A,B,B,-3.687271134927869,-3.718261241912842,-0.030990106984972954,-6.950599193572998,-6.875010967254639,f0ec6961565fabb356d8233c1f72e4daf8b733b23160fe35f4cc45b9725f385e
scientific_facts_49|P,scientific_facts_49,scientific_facts,hard,P,A,B,A,A,A,5.746791698038578,-0.03651728481054306,-5.783308982849121,-7.003388404846191,-6.056824684143066,0e4a69a238c887184b543a445f7f56f15dd7cf2a80886b42ef401e234189cfa8
scientific_facts_49|R0,scientific_facts_49,scientific_facts,hard,R0,A,B,A,A,A,4.56731802970171,-0.10632508248090744,-4.673643112182617,-4.871242523193359,-4.925252914428711,cde7dabc2eb3a67651ff17682fba62bcd469bd3469b14b2b7b9f7b6873f6b569
scientific_facts_49|R2,scientific_facts_49,scientific_facts,hard,R2,A,B,A,A,A,4.91467303968966,-0.01862793229520321,-4.933300971984863,-5.87674617767334,-5.498404502868652,67142982786ad1c4fa124e2ef84681f18a69af24050831845e20d20c9c8e5753
scientific_facts_49|F,scientific_facts_49,scientific_facts,hard,F,A,B,A,A,A,5.198726609349251,-0.06452517211437225,-5.263251781463623,-6.228761196136475,-5.807977199554443,b8e74a4efd2ad92207dd5317fb9f9e606a63d65d340a7d847de3e497be0d5b40
word_problems_38|B,word_problems_38,word_problems,medium,B,D,B,,D,D,0.21613502502441406,-1.0807665586471558,-1.7586973905563354,-2.8305587768554688,-0.8646315336227417,5595956dc9b85ad4cc952dde1a72e1933f7b6a2d8f420f4693137111468380d5
word_problems_38|R3,word_problems_38,word_problems,medium,R3,D,B,D,D,D,1.872642531991005,-2.1015512943267822,-2.7960093021392822,-4.022941589355469,-0.22890876233577728,92439b457752c9af53b72e27d0041993e0413560e3338a29bb447f9f30f7aebb
word_problems_38|R1,word_problems_38,word_problems,medium,R1,D,B,D,D,D,1.807188019156456,-2.0518131256103516,-2.852602005004883,-3.5624027252197266,-0.24462510645389557,f31a798b2b4ccb51afdbb7b65c604490c30a933486bab0032d5a3a2b4ebc9d36
word_problems_38|P,word_problems_38,word_problems,medium,P,D,B,D,D,D,1.9370557069778442,-2.349015235900879,-3.736309766769409,-4.470488548278809,-0.41195952892303467,4a6b6e3188760f7fc5787d5a8d85e74244c674503f14fca1de792ef8a6330c9e
word_problems_38|R0,word_problems_38,word_problems,medium,R0,D,B,D,D,D,1.392494261264801,-1.7532414197921753,-2.5233829021453857,-3.2432048320770264,-0.36074715852737427,28fb6fc698447e9b240d51dccf833b5834a6bd9155385ec270ca759a9e174ac0
word_problems_38|F,word_problems_38,word_problems,medium,F,D,B,D,D,D,2.2110538482666016,-2.578059434890747,-3.960219621658325,-4.7849555015563965,-0.3670055866241455,0a87cf3d3da969d66823d99b672d9b5e45eb266ac6fd1bcd0d872be501c0da8d
word_problems_38|V,word_problems_38,word_problems,medium,V,D,B,D,B,B,-5.293380932882428,-4.771188735961914,-0.023531241342425346,-6.822409152984619,-5.3169121742248535,29571d8635b2d574f0b7347e60915d00db7bf964bad8ec0e7a78fc20e8d171a7
word_problems_38|R2,word_problems_38,word_problems,medium,R2,D,B,D,D,D,1.512990951538086,-1.785357117652893,-3.2666001319885254,-3.5969109535217285,-0.27236616611480713,34a1df54b115fdefc765cb9db8dd50522502f3b05cfa5f9596fcf4acb413596d
analogies_17|B,analogies_17,analogies,medium,B,C,D,,C,C,4.2790758684277534,-4.343601226806641,-5.855571269989014,-0.06452535837888718,-6.326768398284912,265e0041dfeeb33ca1057ac164c1214e6e8eab4388d05a067b3ff4761f475346
analogies_17|R3,analogies_17,analogies,medium,R3,C,D,C,C,C,4.7895050486549735,-4.802186012268066,-5.9682512283325195,-0.0126809636130929,-6.877232551574707,adb5bf0625b86175ec69c26fcf79e81907830f4867fbc34f530da0217af94ed6
analogies_17|R0,analogies_17,analogies,medium,R0,C,D,C,C,C,4.698909610509872,-4.7637505531311035,-6.641592502593994,-0.06484094262123108,-7.632889270782471,7bd56ca88c1e437e1776f288e736ff4ebebd172910cdb31362f5a32ac223775a
analogies_17|F,analogies_17,analogies,medium,F,C,D,C,C,C,5.918088825419545,-5.944829940795898,-7.155559539794922,-0.026741115376353264,-7.835878372192383,0944fc7901421d29492c396f040fc1a5edd360b588e20c56cfe47d9de9d71f82
analogies_17|P,analogies_17,analogies,medium,P,C,D,C,C,C,5.412971571087837,-5.484484672546387,-7.171820640563965,-0.0715131014585495,-7.601144790649414,e90c0d2cebf470214c009aaa65212a2c923e1c062fe7cb642cad02fb6958edfc
analogies_17|R2,analogies_17,analogies,medium,R2,C,D,C,C,C,5.886919054668397,-5.892839431762695,-7.971410751342773,-0.005920377094298601,-8.733102798461914,7f3a185be86719f067ff21bab42ec281a51d46326c115e55fa414abb09aa6ddb
analogies_17|V,analogies_17,analogies,medium,V,C,D,C,D,D,-4.868129953742027,-4.847569942474365,-4.898862361907959,-4.899240016937256,-0.031110063195228577,c4d1793922a56a7dfc3ccdacb1ccb75649f90d4aa4b87057feaf8bc8d97091c6
analogies_17|R1,analogies_17,analogies,medium,R1,C,D,C,C,C,5.503128279000521,-5.523771286010742,-7.5973663330078125,-0.02064300701022148,-7.910648345947266,638d8779be1e980f41facff9195dd5e03108a9ca44eae5222b61289254d4c00a
reading_comprehension_53|B,reading_comprehension_53,reading_comprehension,hard,B,C,A,,C,C,8.092958642169833,-8.11740779876709,-8.69714641571045,-0.02444915659725666,-8.69189167022705,fdd971370345501f9c1a6870ed2fa740c0c873dbc00fd3a58ec29729d64b9678
reading_comprehension_53|R0,reading_comprehension_53,reading_comprehension,hard,R0,C,A,C,C,C,6.888999937102199,-6.903286457061768,-7.282349109649658,-0.014286519959568977,-7.979008197784424,5906e063f6f4a6e0921396b0dc7196f4509ebe4ce9c75a7e523fdb119270a87d
reading_comprehension_53|R1,reading_comprehension_53,reading_comprehension,hard,R1,C,A,C,C,C,7.259166504256427,-7.269591808319092,-7.884002208709717,-0.010425304062664509,-8.863761901855469,cd3dc2f60fa532649b79d3eb3f927dea7b8143af8a7656500d8456ef9446c49a
reading_comprehension_53|R3,reading_comprehension_53,reading_comprehension,hard,R3,C,A,C,C,C,5.631611029617488,-5.6420578956604,-5.770294666290283,-0.010446866042912006,-5.789957523345947,0113d7a5a71a4940dc98c62e40b93210072c412e02b9e0afaab789d6fcdaa7c2
reading_comprehension_53|F,reading_comprehension_53,reading_comprehension,hard,F,C,A,C,C,C,6.65428146161139,-6.661545753479004,-6.946480751037598,-0.007264291867613792,-7.26223087310791,d3757f28ad897dd4bf9144325d8fd9279a0d6f50ea0c1ec07e00b60eee44d031
reading_comprehension_53|P,reading_comprehension_53,reading_comprehension,hard,P,C,A,C,C,C,6.828531336039305,-6.840514659881592,-7.20541524887085,-0.011983323842287064,-7.583775997161865,183df38c8976b9adf03a751f214e25f1cf95d4064345f7e060988ec70858b756
reading_comprehension_53|R2,reading_comprehension_53,reading_comprehension,hard,R2,C,A,C,C,C,7.564552063588053,-7.56638240814209,-8.154654502868652,-0.0018303445540368557,-8.581286430358887,137baef67e150840b3210d15eb3085cadd2c875ab83178a8569981f17a8d82a9
reading_comprehension_53|V,reading_comprehension_53,reading_comprehension,hard,V,C,A,C,A,A,-3.697301760315895,-0.03199945390224457,-6.046089172363281,-3.7293012142181396,-6.514116287231445,4f3c7a2fa561d4e6697fab5860ba996388263357b6df0363a733f695483f1f17
basic_math_28|B,basic_math_28,basic_math,medium,B,B,D,,C,C,-0.8335875868797302,-1.7634155750274658,-1.5627644062042236,-0.7291768193244934,-2.75420880317688,43011bab6571ee8c33f82f37198d52d4956fe141fbfe15bd8c5fb6b93f14bcd0
basic_math_28|P,basic_math_28,basic_math,medium,P,B,D,C,C,C,-2.4927234053611755,-2.212489128112793,-3.0502195358276367,-0.5574961304664612,-4.17147159576416,546e47f205f8bb3952d8063c30f91251af8755d8136b969924ffc6fd19e0beb9
basic_math_28|F,basic_math_28,basic_math,medium,F,B,D,C,C,C,-2.3233107924461365,-1.8771181106567383,-2.9211530685424805,-0.597842276096344,-4.2257585525512695,e30c6551e26463225cd2edb045487962c8bb9248085b77500a40ec44760e35b7
basic_math_28|R3,basic_math_28,basic_math,medium,R3,B,D,C,C,C,-2.1302376687526703,-1.9035879373550415,-2.44661021232605,-0.3163725435733795,-3.387760877609253,07d7f1965b294e17c054da66a20a34f1ca7cbb5ddb9514d2c119770064e76108
basic_math_28|R2,basic_math_28,basic_math,medium,R2,B,D,C,C,C,-3.11555677652359,-1.9131505489349365,-3.364234685897827,-0.24867790937423706,-4.599833965301514,f68680414c3ab394f5028c6a7ea3df7569e68f75d8f8211efd6369016e9566f3
basic_math_28|V,basic_math_28,basic_math,medium,V,B,D,C,D,D,-5.533098425716162,-4.959115028381348,-5.566970348358154,-4.600022792816162,-0.03387192264199257,1369118cfb34083ec7fe8f2024bdf4017734a121958a9194baa63e74802c880d
basic_math_28|R1,basic_math_28,basic_math,medium,R1,B,D,C,C,C,-2.1067810654640198,-1.7381374835968018,-2.5427143573760986,-0.43593329191207886,-3.8742306232452393,bffffea34cf0b722ed59b7723c629ef5ca9b38595855a6d109d53b48a2485450
basic_math_28|R0,basic_math_28,basic_math,medium,R0,B,D,C,C,C,-1.8516350090503693,-1.7159316539764404,-2.2605063915252686,-0.4088713824748993,-4.064232349395752,c9bbbd5126df375eba3ac3398e0f97aae38a6f38f471adb448d367ce31f74985
word_problems_21|B,word_problems_21,word_problems,medium,B,D,B,,D,D,4.717891972512007,-4.76379919052124,-6.1405348777771,-5.227047920227051,-0.045907218009233475,a5ecf62981f47c89dcd64b655d51e1017949d0ae61be757c87e267369cf8fb0b
word_problems_21|V,word_problems_21,word_problems,medium,V,D,B,D,B,B,-2.944747895002365,-4.923568248748779,-0.06957367062568665,-5.394829750061035,-3.0143215656280518,6c8b3a8f09563ba7f1ab68e4d70a17d27b62d2fa318df398e9ebb3c1ddc79516
word_problems_21|R0,word_problems_21,word_problems,medium,R0,D,B,D,D,D,5.182312071323395,-6.141441822052002,-7.723521709442139,-5.3916707038879395,-0.20935863256454468,e4c293b19dd152f6231e4992a643cb7cf56ce4754af9e2702c831737ac65a283
word_problems_21|P,word_problems_21,word_problems,medium,P,D,B,D,D,D,6.123300790786743,-6.50389289855957,-8.259543418884277,-6.4093475341796875,-0.28604674339294434,1fd54a42f25142eb5ee2889a0926add3ad83943074d2ea298bfa657fddd32ae4
word_problems_21|F,word_problems_21,word_problems,medium,F,D,B,D,D,D,6.3013113886117935,-6.46738862991333,-8.583748817443848,-6.601208209991455,-0.16607724130153656,d7e4e26ab481b7cc2603af8605cb2d9df408d85e40182d2c0312028f88a73e95
word_problems_21|R3,word_problems_21,word_problems,medium,R3,D,B,D,D,D,4.231838341802359,-4.265962600708008,-5.51104736328125,-4.306970596313477,-0.034124258905649185,347b0c8e65514cd218058adcac11712f5673cd97ebda52b629f55d459bfe4da3
word_problems_21|R2,word_problems_21,word_problems,medium,R2,D,B,D,D,D,5.079670164734125,-5.351661205291748,-7.190767288208008,-5.098546981811523,-0.0188768170773983,d91874bedc0bb1c98c45a43d01bc927e655603b98f25224e2f1332c4803ebb95
word_problems_21|R1,word_problems_21,word_problems,medium,R1,D,B,D,D,D,5.790863171219826,-5.914774417877197,-7.782299518585205,-5.845003604888916,-0.05414043366909027,516a55b0d9034c438be139c65deb2cdf4977373d76b20e8f2665e7f6439e90ad
basic_math_16|B,basic_math_16,basic_math,medium,B,C,D,,C,C,5.34324851538986,-5.351686000823975,-6.1726298332214355,-0.008437485434114933,-6.8066534996032715,cbef08a64ec74a47c62324ef283d056a9bf1a0a7128b60fac65d1d43f01a02ee
basic_math_16|P,basic_math_16,basic_math,medium,P,C,D,C,C,C,5.83880802243948,-5.887459754943848,-7.263522148132324,-0.04865173250436783,-7.538054466247559,7c69467f3cf26062a93c8c0cb16f4edd0f030cddb354c33dca8fa7f6d9cd4c79
basic_math_16|F,basic_math_16,basic_math,medium,F,C,D,C,C,C,6.112106550484896,-6.1743011474609375,-7.6848063468933105,-0.062194596976041794,-8.324503898620605,78e6d722e0b283eb62723006793c3bf970a0934481fc9192176db31adba8ff92
basic_math_16|V,basic_math_16,basic_math,medium,V,C,D,C,D,D,-3.1915246471762657,-5.270246505737305,-5.504055023193359,-3.267099618911743,-0.07557497173547745,71df778508e29a98df75439db561f071767a026b66ef05855e14f1ebaacaf027
basic_math_16|R2,basic_math_16,basic_math,medium,R2,C,D,C,C,C,4.802887046709657,-4.819612503051758,-6.4601593017578125,-0.016725456342101097,-7.422956466674805,c820225bc582de5e849544d497e4d88456e7f5ad552cee27516774f3cdc5a769
basic_math_16|R3,basic_math_16,basic_math,medium,R3,C,D,C,C,C,4.792039988562465,-4.807934284210205,-5.672804355621338,-0.015894295647740364,-6.190636157989502,831fd0c83f85ed65a1f31127cae76ebb95615a931313b6ea052192b5b38fe17e
basic_math_16|R1,basic_math_16,basic_math,medium,R1,C,D,C,C,C,5.805988219100982,-5.812049388885498,-7.226071834564209,-0.006061169784516096,-8.301334381103516,abad8760ac3d8b010ff7cfffd8123f2e93d859888ec2ebca8b857f1ab7d16f1d
basic_math_16|R0,basic_math_16,basic_math,medium,R0,C,D,C,C,C,6.084188344888389,-6.090282917022705,-7.474575519561768,-0.0060945721343159676,-8.362212181091309,5642d1759655210cdf18c5bd6d74b85f2e3dcbdc4c10062c328872804140e628
word_problems_9|B,word_problems_9,word_problems,easy,B,B,D,,C,C,-1.3111761808395386,-1.3592686653137207,-2.3336262702941895,-1.0224500894546509,-1.686867356300354,dc24fc1a904f91aac40155b52ba1442062a2bfbfd29305ac9453c47b5079c84e
word_problems_9|P,word_problems_9,word_problems,easy,P,B,D,C,C,C,-2.567371428012848,-1.9755473136901855,-3.4664454460144043,-0.8990740180015564,-2.638793468475342,4df6239dce23d3b4cd4f1837ea4f27f07b6363ee9bc0f767e9fb573efb636f83
word_problems_9|R2,word_problems_9,word_problems,easy,R2,B,D,C,C,C,-3.334884464740753,-1.958552598953247,-3.6240034103393555,-0.2891189455986023,-2.698573350906372,0fa7d6f91151c2a4a404fe96a1d9d9805af2d0049741629e5cfbafb0cadb57d1
word_problems_9|R1,word_problems_9,word_problems,easy,R1,B,D,C,C,C,-2.604791760444641,-1.7731903791427612,-3.0298585891723633,-0.42506682872772217,-2.207249402999878,782544458ab02dd049d08a666c1d66975b552b8f11e2a0b1b44a53979bb5ec44
word_problems_9|F,word_problems_9,word_problems,easy,F,B,D,C,C,C,-2.929439663887024,-2.0547537803649902,-3.8920342922210693,-0.9625946283340454,-2.631680965423584,ba8da97c14d3dfb0f9d43401ab201dcff3f817f54a1a3eeabe3ade1a848af005
word_problems_9|R0,word_problems_9,word_problems,easy,R0,B,D,C,C,C,-2.0410213470458984,-1.6010756492614746,-2.5909571647644043,-0.5499358177185059,-1.9681334495544434,ce808d1292b3cdae4ec59613869d675c0c0be16d90b0330de3e056ed1d92a607
word_problems_9|V,word_problems_9,word_problems,easy,V,B,D,C,D,D,-5.519296515733004,-4.276383399963379,-5.558718681335449,-4.475441932678223,-0.0394221656024456,4ffd7256aed9bb01c94bbbe59ac57b5f5d44c2936fa845f628833f6d99b35c4d
word_problems_9|R3,word_problems_9,word_problems,easy,R3,B,D,C,C,C,-1.8434200882911682,-1.7637215852737427,-2.383941888809204,-0.5405218005180359,-1.893841028213501,be3959bc355524dea93403c943ffe9a5b95c381d66e2c313b515fda714a329ff
basic_math_27|B,basic_math_27,basic_math,medium,B,D,A,,D,D,1.6511020064353943,-2.0193607807159424,-2.777362108230591,-2.196040391921997,-0.3682587742805481,9336af967640a77bef0ec5bc6993a21bf64d019ac425a68101a76b934b0ddc06
basic_math_27|F,basic_math_27,basic_math,medium,F,D,A,D,D,D,4.488233678042889,-4.546982765197754,-6.2595624923706055,-5.475966453552246,-0.058749087154865265,93302b7495176803c6353fc877c7f377ea6177e2f460bf442c88a7733eeee618
basic_math_27|R3,basic_math_27,basic_math,medium,R3,D,A,D,D,D,2.912895157933235,-3.0171403884887695,-3.9363298416137695,-3.598198890686035,-0.10424523055553436,e558e226d2c289d0c7770d8629a19acbe1288ddea5af9fb718c4d77be3933e4a
basic_math_27|R1,basic_math_27,basic_math,medium,R1,D,A,D,D,D,3.34234619140625,-3.4235846996307373,-5.073080539703369,-3.481978178024292,-0.0812385082244873,b862097b58f482d3c87246ff7560c9c08493b6d506eb2fa8d334de1cea3f811c
basic_math_27|R2,basic_math_27,basic_math,medium,R2,D,A,D,D,D,2.785137176513672,-2.895012617111206,-4.883232593536377,-3.493431806564331,-0.10987544059753418,7dc9a68537fecb76f92aba792cff19400f14166a4f9946df742942f5136a8a4a
basic_math_27|R0,basic_math_27,basic_math,medium,R0,D,A,D,D,D,2.4137534350156784,-2.6066176891326904,-4.122374534606934,-2.7828357219696045,-0.19286425411701202,b26426f8f527ffa3a11a4246611d11929e7c40f3ba2f3d9cf8b4831a75337a44
basic_math_27|P,basic_math_27,basic_math,medium,P,D,A,D,D,D,3.3082617968320847,-3.4996368885040283,-5.226191997528076,-4.065411567687988,-0.19137509167194366,0d6611f02079d102be1e8eb65f08e63cd0eda837e576c9c293b9b5d9424a632b
basic_math_27|V,basic_math_27,basic_math,medium,V,D,A,D,A,A,-5.310737857595086,-0.020894279703497887,-5.136352062225342,-6.489087104797363,-5.331632137298584,62de0b48e72c01375d0844a8e4de1a8aea4e60dae992abe6bc5b299a16ebf2d6
word_problems_35|B,word_problems_35,word_problems,medium,B,B,A,,B,B,4.081565827131271,-4.475052833557129,-0.39348700642585754,-5.717164039611816,-5.978960037231445,e69f4afcd958d2cd22881a63ddb264023682e4f98fe14cbb26d48d2e2f6add36
word_problems_35|R2,word_problems_35,word_problems,medium,R2,B,A,B,B,B,5.012153757736087,-5.038338661193848,-0.02618490345776081,-6.987580299377441,-8.69699764251709,d1758a6130aa7ae6ea4f840b764740347aa3ebdf59ec45b19cb4e237be5da963
word_problems_35|R1,word_problems_35,word_problems,medium,R1,B,A,B,B,B,5.152065183967352,-5.186862468719482,-0.03479728475213051,-6.803504467010498,-8.60721206665039,9fd9835f4bdba699b2ffb9cbdc0b32ea6a35dd64ee4b476e0e5ab5b53c17add1
word_problems_35|R0,word_problems_35,word_problems,medium,R0,B,A,B,B,B,4.637986987829208,-4.813313007354736,-0.17532601952552795,-6.286125659942627,-7.997605800628662,354a1cdc55569a448b2220ff4a81a3bf563ee285a0b0476d04050d381739b3fb
word_problems_35|P,word_problems_35,word_problems,medium,P,B,A,B,B,B,4.426073297858238,-4.58643102645874,-0.16035772860050201,-5.803260326385498,-7.3442559242248535,6e6392064478c2f4dfb05695898211d0863b65fa58fc588138e619bc837a3b2d
word_problems_35|R3,word_problems_35,word_problems,medium,R3,B,A,B,B,B,3.944038487970829,-3.9711785316467285,-0.027140043675899506,-5.357426166534424,-6.282339572906494,89e96a2d4e0aeb83a94b658e689403f382487a4d47dba553bb25b39333a42edb
word_problems_35|F,word_problems_35,word_problems,medium,F,B,A,B,B,B,4.940544173121452,-5.072601795196533,-0.13205762207508087,-6.250227451324463,-7.790478229522705,879ba7ddedd2d0affbc811a2c570bb8a30bfc2e4cb0834a123618ddbfcf32361
word_problems_35|V,word_problems_35,word_problems,medium,V,B,A,B,A,A,-4.380647540092468,-0.03470909595489502,-4.415356636047363,-6.094712257385254,-8.937270164489746,a843a05ca34da6e035f94b6cf6fa4fa725f085b2abeb8dd7345856ba5ab4356e
reading_comprehension_50|B,reading_comprehension_50,reading_comprehension,hard,B,D,C,,D,D,7.163049727678299,-7.18234920501709,-8.20582103729248,-7.6017351150512695,-0.019299477338790894,b9dfe3ea5a34aeca9cbee82a45cfdd51f749e2979d16ac46f0fe00757485aad7
reading_comprehension_50|R2,reading_comprehension_50,reading_comprehension,hard,R2,D,C,D,D,D,5.71574020665139,-5.721635341644287,-7.1944899559021,-6.536771297454834,-0.0058951349928975105,a43ace3c02e5439c8578e3a1bfe90c46b1dda893f54cf9f3c622990b4891b6c4
reading_comprehension_50|R1,reading_comprehension_50,reading_comprehension,hard,R1,D,C,D,D,D,6.463859680574387,-6.471369743347168,-7.548623085021973,-6.5152082443237305,-0.007510062772780657,f27d011c42e94eaff5d30190a0d782d2db9d1151dca325c42744a4c4333f2d23
reading_comprehension_50|F,reading_comprehension_50,reading_comprehension,hard,F,D,C,D,D,D,6.0973894954659045,-6.104409217834473,-7.174164295196533,-6.426037788391113,-0.007019722368568182,2be223822c383f8915f4da7bc08ca7de36ad50abc2a24aab2d25d0ebbd17ccbc
reading_comprehension_50|P,reading_comprehension_50,reading_comprehension,hard,P,D,C,D,D,D,5.879964797757566,-5.889400482177734,-6.936161041259766,-6.257228851318359,-0.0094356844201684,dbd9e3bbf50d4376397fd7ee6ab76f6637c89459a4eb925e96d928738ed6ee35
reading_comprehension_50|R0,reading_comprehension_50,reading_comprehension,hard,R0,D,C,D,D,D,5.991758443415165,-6.0009684562683105,-7.023335933685303,-6.070458889007568,-0.0092100128531456,2e329ee967f8c1c5c395252a921bb8e7bfed42a9f23731a9d09edcf4d5d6705b
reading_comprehension_50|V,reading_comprehension_50,reading_comprehension,hard,V,D,C,D,C,C,-4.613287054002285,-6.176551342010498,-7.06782865524292,-0.01392308622598648,-4.6272101402282715,133d09d2251f3194c14ca3a9393898e82fa2b6b8fefdcc1fcfda16cd236e6a11
reading_comprehension_50|R3,reading_comprehension_50,reading_comprehension,hard,R3,D,C,D,D,D,4.378484658896923,-4.402902603149414,-5.456888198852539,-4.970432281494141,-0.024417944252490997,83c3b9c7bd645b99f041222dbb9b88cbd6f3363500c4615a75da130c48c7eb0a
word_problems_67|B,word_problems_67,word_problems,hard,B,A,D,,A,A,5.5991021245718,-0.06022299826145172,-7.063038349151611,-5.659325122833252,-5.978102207183838,e502e03bdf7233686b452fc33a3dc66f78e710f3140cf4de4f986f5750560256
word_problems_67|R1,word_problems_67,word_problems,hard,R1,A,D,A,A,A,7.70493499096483,-0.01272877398878336,-8.912158012390137,-7.717663764953613,-8.687651634216309,9c69310219374a9431b0f6a18677d05ee3a05540f211087ba9df389df005c932
word_problems_67|P,word_problems_67,word_problems,hard,P,A,D,A,A,A,7.748542636632919,-0.18678298592567444,-9.336278915405273,-7.935325622558594,-8.662504196166992,e9560807aa515491525d8bf1494926459d28d84674cf1907de8b8c9959b32330
word_problems_67|F,word_problems_67,word_problems,hard,F,A,D,A,A,A,7.532057523727417,-0.2644784450531006,-8.758902549743652,-7.796535968780518,-8.518783569335938,5dc68851280e735f8ece4b20549d5636e0fd29c5c4754a29adfa8268f9f515bb
word_problems_67|R3,word_problems_67,word_problems,hard,R3,A,D,A,A,A,5.736986289732158,-0.008573402650654316,-6.279216766357422,-5.7455596923828125,-5.974876403808594,0e443ec619311cf60a21e8ceb52eaaa86ce9d4daee12fa336333f20219865aeb
word_problems_67|R2,word_problems_67,word_problems,hard,R2,A,D,A,A,A,7.123023986816406,-0.007660388946533203,-8.590592384338379,-7.1306843757629395,-8.243578910827637,03a1d6e0b750076b4de0cc068c4e7b7284a7bb6ec8c2da51d734f21fd4543ebb
word_problems_67|R0,word_problems_67,word_problems,hard,R0,A,D,A,A,A,7.0682753920555115,-0.06339699029922485,-8.432950019836426,-7.131672382354736,-8.336977005004883,2aa33cf68eaac8199cfafda911ff988df1e30bc77be79f31585f1a52d9ed1ea8
word_problems_67|V,word_problems_67,word_problems,hard,V,A,D,A,D,D,-3.5742874816060066,-3.6154420375823975,-6.302373886108398,-6.097747325897217,-0.04115455597639084,d7ce1fcb0795fd87b2123bb6e9ed8cbbe2e8bb5ffbd4b69df3f52f121575eb6d
logical_reasoning_49|B,logical_reasoning_49,logical_reasoning,hard,B,C,B,,C,C,6.722116665914655,-6.7467427253723145,-9.040458679199219,-0.02462605945765972,-7.830845355987549,ef12bae4be6257a84a0e22ddf2756c089f9d2b50e4a7a197f17eee003cde2ef7
logical_reasoning_49|P,logical_reasoning_49,logical_reasoning,hard,P,C,B,C,C,C,6.135080382227898,-6.270174980163574,-8.08371639251709,-0.13509459793567657,-7.809996604919434,7f4ae6e945154818de4f04c6f5b74a304a985fc8f9b7471cddbe39398db91dd8
logical_reasoning_49|V,logical_reasoning_49,logical_reasoning,hard,V,C,B,C,B,B,-3.30068401619792,-4.455224990844727,-0.05009647086262703,-3.350780487060547,-7.322116851806641,9b52411511aa16ae5ece2cd8811e2eb0abd7b9abbd64f9e42810f95e32344488
logical_reasoning_49|R0,logical_reasoning_49,logical_reasoning,hard,R0,C,B,C,C,C,5.7678487952798605,-5.7959160804748535,-7.513558387756348,-0.02806728519499302,-7.636080265045166,e0a18a86439a78354f2bfa53ef4faef82cb8604020fe8ada33934a80d3493649
logical_reasoning_49|F,logical_reasoning_49,logical_reasoning,hard,F,C,B,C,C,C,6.228809325024486,-6.246461391448975,-8.164459228515625,-0.01765206642448902,-8.000995635986328,51ecf58e9452df80414ec352d81b7eb4b63be485a928cd384c165a6b0dabf3e1
logical_reasoning_49|R3,logical_reasoning_49,logical_reasoning,hard,R3,C,B,C,C,C,4.982061271555722,-4.993766784667969,-6.262235641479492,-0.01170551311224699,-6.127264022827148,0ede4fe04001f839ea103e2ff2d21d9d5d5df689c8d5d32a4274c7f18cdde727
logical_reasoning_49|R2,logical_reasoning_49,logical_reasoning,hard,R2,C,B,C,C,C,5.955465073697269,-5.960763454437256,-7.480617046356201,-0.0052983807399868965,-7.114627361297607,fd6535044d1bde6c53eb2954bd73efc58d37157b32b670e168b0acc946e60270
logical_reasoning_49|R1,logical_reasoning_49,logical_reasoning,hard,R1,C,B,C,C,C,6.075214303098619,-6.080737113952637,-8.171380043029785,-0.0055228108540177345,-8.100348472595215,d7a65beef593f901d983fd1997740e3548eb12a10db032563b4c515aca6a2716
scientific_facts_14|B,scientific_facts_14,scientific_facts,easy,B,B,A,,B,B,2.695404075086117,-3.719641923904419,-0.1142418161034584,-4.263289451599121,-2.809645891189575,491880edfad9646f657ac0fb02b352f52b704863cb9b2b3a44df3763b84bf7af
scientific_facts_14|F,scientific_facts_14,scientific_facts,easy,F,B,A,B,B,B,4.7144738882780075,-4.9403977394104,-0.22592385113239288,-6.14123010635376,-6.605139255523682,1a537bec12df0a60ce28f50857adb9c5c296e23edd757f150061ed02af434257
scientific_facts_14|R0,scientific_facts_14,scientific_facts,easy,R0,B,A,B,B,B,3.941431164741516,-4.10727071762085,-0.1658395528793335,-4.519412517547607,-5.86183500289917,6ca4780cf8db92914d15cb903b7e7da7ff3995ba91290a7eaca6a8e5df155278
scientific_facts_14|R2,scientific_facts_14,scientific_facts,easy,R2,B,A,B,B,B,3.9274140186607838,-3.9747209548950195,-0.047306936234235764,-4.703072547912598,-5.8424272537231445,02f72576fb44ca3e08d93a0fa33bedd9065eb6ace43c6797cc953d41324e8ed0
scientific_facts_14|R3,scientific_facts_14,scientific_facts,easy,R3,B,A,B,B,B,3.119556427001953,-3.1940200328826904,-0.0744636058807373,-4.3098859786987305,-4.328492164611816,6617c4af5f61674ee838d4baf6804254808a54fb6d72533813a39d8a39bad4fa
scientific_facts_14|V,scientific_facts_14,scientific_facts,easy,V,B,A,B,A,A,-3.20650115609169,-0.14660367369651794,-3.353104829788208,-5.973114967346191,-6.832959175109863,984107605eb5cfe49a3248e659cebe521160760660bfa3e6ee2ae6f1690975be
scientific_facts_14|R1,scientific_facts_14,scientific_facts,easy,R1,B,A,B,B,B,4.098968684673309,-4.170910835266113,-0.07194215059280396,-4.513487815856934,-5.837861061096191,6ac088166c140f96802031ce34b93c6718d60c5d81f1701e4bdc73aa9102c912
scientific_facts_14|P,scientific_facts_14,scientific_facts,easy,P,B,A,B,B,B,4.139347046613693,-4.327823638916016,-0.1884765923023224,-5.106472015380859,-5.651998519897461,9fe34ae66b2b9550da284415c5e47d6feb836bae70083760284c92991a94b499
scientific_facts_4|B,scientific_facts_4,scientific_facts,easy,B,A,B,,A,A,1.6440010070800781,-0.31142497062683105,-4.529505252838135,-2.270054578781128,-1.9554259777069092,b11d2806fd3811d413d3c4bda3e88dfb66baedc483ecfec758413a262aa63af9
scientific_facts_4|R3,scientific_facts_4,scientific_facts,easy,R3,A,B,A,A,A,2.8261203914880753,-0.09433220326900482,-4.666935443878174,-3.6908421516418457,-2.92045259475708,d0a86b946fc7de99d8857047bae1a1ea44013f7e8f63eed3f9fb5d66933ad996
scientific_facts_4|P,scientific_facts_4,scientific_facts,easy,P,A,B,A,A,A,4.380460873246193,-0.08612619340419769,-7.9593353271484375,-5.611173629760742,-4.466587066650391,4b8d87ddb0f5d1284ae8faea9995e3dcb536d36c3d87269b81bc97841b2e7a4a
scientific_facts_4|R1,scientific_facts_4,scientific_facts,easy,R1,A,B,A,A,A,4.461294036358595,-0.03965916112065315,-6.93762731552124,-4.500953197479248,-5.084897518157959,9096e357bc6b092c32845c0ec9124f585c656e57caf0daec6eb805bb2bd466ca
scientific_facts_4|F,scientific_facts_4,scientific_facts,easy,F,A,B,A,A,A,5.097114399075508,-0.13343922793865204,-7.793490409851074,-5.792635917663574,-5.23055362701416,5ff9c65da8d6c689d42c3117002b20cc75a00e85a43553700236f4695f443c22
scientific_facts_4|R0,scientific_facts_4,scientific_facts,easy,R0,A,B,A,A,A,4.4492872431874275,-0.05980413407087326,-6.47476863861084,-4.509091377258301,-5.0461530685424805,423a02f078cae0969fe7dcaeccd8969683f353d4bf0952f87a3edcd024032bad
scientific_facts_4|V,scientific_facts_4,scientific_facts,easy,V,A,B,A,B,B,-4.0235880091786385,-4.067276954650879,-0.04368894547224045,-5.175267219543457,-7.093329429626465,95707ddfe0aab61536da6f52460ca07d426587e157571331314ecf9dfea79295
scientific_facts_4|R2,scientific_facts_4,scientific_facts,easy,R2,A,B,A,A,A,4.979543520137668,-0.016270803287625313,-7.011458396911621,-4.995814323425293,-5.090815544128418,ec025621635d6ca6e14f2ae7b8323860592d11babc6f615f9cbd7e9c0ceeb97b
basic_math_73|B,basic_math_73,basic_math,hard,B,B,D,,C,C,-1.5768510103225708,-1.8026065826416016,-2.1813831329345703,-0.6045321226119995,-2.309682846069336,6ee97d6b24a725be8887a91fd83716340b1e6d840e39ba01603638ffa54b7b7e
basic_math_73|F,basic_math_73,basic_math,hard,F,B,D,C,C,C,-4.088613390922546,-3.2238965034484863,-4.601200580596924,-0.5125871896743774,-4.000076770782471,d2ab24e9bc72e281b0523a6607bdebcb40768c8190ee8bd8b3ca997a55eb2e29
basic_math_73|P,basic_math_73,basic_math,hard,P,B,D,C,C,C,-3.0156993865966797,-2.8733067512512207,-3.808523654937744,-0.7928242683410645,-3.6246933937072754,1a7f505c5dad0095c77b1d2b8d6b4a82e0e1fa0184d1294f15802b608d718ebb
basic_math_73|R0,basic_math_73,basic_math,hard,R0,B,D,C,C,C,-2.676759749650955,-2.1852617263793945,-2.924698829650879,-0.2479390799999237,-3.418065071105957,2d3145e169c471a447235b4e3f73b12f72b3ed32aecca7021fd674845c273fa2
basic_math_73|V,basic_math_73,basic_math,hard,V,B,D,C,D,D,-5.6888922937214375,-4.578925132751465,-5.74045467376709,-3.966052293777466,-0.05156238004565239,db663d89a3bdb4585b17520655878deaeeb202bf877a32039ff1184aa1446cde
basic_math_73|R1,basic_math_73,basic_math,hard,R1,B,D,C,C,C,-2.791801393032074,-2.2573294639587402,-3.076566219329834,-0.28476482629776,-3.587979793548584,bd9b75365be11e2c1077e848dd0555801d3f6c9cf277a13f931bdc7035709a0a
basic_math_73|R3,basic_math_73,basic_math,hard,R3,B,D,C,C,C,-3.3392525017261505,-2.788128137588501,-3.4956858158111572,-0.1564333140850067,-2.9655306339263916,ae6b681fc981680eea1cce03c5a33d78f25abb970db1beb7b657da248ae1a7ef
basic_math_73|R2,basic_math_73,basic_math,hard,R2,B,D,C,C,C,-4.608926549553871,-3.070836305618286,-4.696188926696777,-0.08726237714290619,-4.239621162414551,4b1f4b7f73a923bfbb452ff5a5331559bb5f688d370bf06c0d2ae1c43d557a31
basic_math_32|B,basic_math_32,basic_math,medium,B,D,B,,D,D,0.9159450531005859,-1.5157184600830078,-2.8527889251708984,-1.763711929321289,-0.5997734069824219,ad55257eb1506c0d637c34e7d1e5363e893da61716caaebd16efd29d5c0be973
basic_math_32|R0,basic_math_32,basic_math,medium,R0,D,B,D,D,D,1.1725081503391266,-1.506575584411621,-4.099940299987793,-3.1479673385620117,-0.3340674340724945,95b944f934f106f6d6242752be91e55825388ac30f6372834eddf2b61ee428dd
basic_math_32|R3,basic_math_32,basic_math,medium,R3,D,B,D,D,D,1.9057427197694778,-2.1096465587615967,-3.6631667613983154,-3.3662497997283936,-0.20390383899211884,1125a5f2bb170aa2b5803474160978cc533a74839815adb54df141430b1f78aa
basic_math_32|R1,basic_math_32,basic_math,medium,R1,D,B,D,D,D,2.0199395269155502,-2.1760270595550537,-4.917527675628662,-3.8371520042419434,-0.15608753263950348,af3c5acf0ada78953e8a0bb05e608231d377aaa0731fcc28a3f9a302fc85ff4d
basic_math_32|V,basic_math_32,basic_math,medium,V,D,B,D,B,B,-4.7127266470342875,-4.492404460906982,-0.02741188369691372,-6.668605327606201,-4.740138530731201,9da32b41f2c62ef0b98730d4b054a270570773bab97a662a0134c4c2a1e949f9
basic_math_32|R2,basic_math_32,basic_math,medium,R2,D,B,D,D,D,2.3139668405056,-2.4379465579986572,-5.109182357788086,-3.9087276458740234,-0.12397971749305725,42c7ce2501f44b098385309000fa46b0a6919ccd1016112096d16f4bc3adc16c
basic_math_32|P,basic_math_32,basic_math,medium,P,D,B,D,D,D,2.4102916419506073,-2.5303163528442383,-5.148467063903809,-4.041583061218262,-0.12002471089363098,af0cb09dbc355be4b812c2995ad86ca0a5d55e624822c2a2f59abfbe5a1de61e
basic_math_32|F,basic_math_32,basic_math,medium,F,D,B,D,D,D,3.1037903651595116,-3.16935658454895,-5.726742744445801,-5.262587547302246,-0.06556621938943863,001b790eb99eef28591ecd33da092f39327e9c043bfb47209cfb2740e53312c9
word_problems_30|B,word_problems_30,word_problems,medium,B,C,A,,C,C,3.9099199175834656,-4.605472564697266,-6.785562515258789,-0.6955526471138,-6.276432037353516,2073a62ef23d9ad1cf6ac543e2a8a3151bb0771ada5d64d61ac957d8a7beb464
word_problems_30|F,word_problems_30,word_problems,medium,F,C,A,C,C,C,5.154971927404404,-5.3552961349487305,-7.767197608947754,-0.20032420754432678,-7.9121599197387695,c465b0d60830f0f152e974b84f9dcf84f75f7edee0bffc7c181630203f459377
word_problems_30|R2,word_problems_30,word_problems,medium,R2,C,A,C,C,C,5.4480552934110165,-5.4761433601379395,-8.147586822509766,-0.02808806672692299,-8.429737091064453,3d37b86d369a83dc7c86271df5dd29249ac7de9f09ce4fc6c72689dab9895097
word_problems_30|V,word_problems_30,word_problems,medium,V,C,A,C,A,A,-3.4871769584715366,-0.0471612773835659,-6.885374069213867,-3.5343382358551025,-9.076251983642578,14f4d25184d0d0354bc0a3a84e6d2a8cbf816cc5c69fff30a4bc2991a1f59287
word_problems_30|P,word_problems_30,word_problems,medium,P,C,A,C,C,C,4.584173291921616,-4.758183479309082,-7.182867050170898,-0.17401018738746643,-7.254677772521973,6d63b97c0c9b759c377f479028ac5f740da1b2bd240e060de11b4a446e280fce
word_problems_30|R0,word_problems_30,word_problems,medium,R0,C,A,C,C,C,5.0343130975961685,-5.176640033721924,-7.9093194007873535,-0.1423269361257553,-8.23808765411377,7288061a74c234859ea652f51fb6bc84afd650f01a67ba7759fc05ba2f28556a
word_problems_30|R3,word_problems_30,word_problems,medium,R3,C,A,C,C,C,4.377748625352979,-4.3952507972717285,-6.241856098175049,-0.01750217191874981,-6.255774021148682,3291981cce9fb8bcc2c1e1c408d04bca692e4a951145879fe966e6ff8ed564a0
word_problems_30|R1,word_problems_30,word_problems,medium,R1,C,A,C,C,C,5.563898019492626,-5.621252059936523,-8.520410537719727,-0.05735404044389725,-8.68657112121582,53f9a14757ee452921b15284dd1483328a39ff118937d115a480a128785f49c3
scientific_facts_6|B,scientific_facts_6,scientific_facts,easy,B,B,A,,D,D,-1.126411497592926,-1.9397172927856445,-1.796452522277832,-1.7393159866333008,-0.670041024684906,af0514ed691ce3136a791098164d376f82d9ee6cc5e8aff885867f94f876f3e1
scientific_facts_6|V,scientific_facts_6,scientific_facts,easy,V,B,A,D,A,A,-5.0963859632611275,-0.02586030215024948,-5.122246265411377,-5.463064670562744,-5.178381443023682,31eb3ed53e7c1506cf0bb92200988e778f9537191c811bc6f76dbb5d6129d895
scientific_facts_6|F,scientific_facts_6,scientific_facts,easy,F,B,A,D,D,D,-3.4088688492774963,-2.803797483444214,-3.6880691051483154,-3.4489314556121826,-0.2792002558708191,cc58d7397e3f7da38c04a0ca5d747173ec3f92b17f199e1fe69ed50d8bd4940d
scientific_facts_6|R3,scientific_facts_6,scientific_facts,easy,R3,B,A,D,D,D,-1.7144375443458557,-1.8726030588150024,-2.138746976852417,-2.639092206954956,-0.4243094325065613,5bfa17a1b685042d861d2c3dff8171d685655ddbe1d4f95c9bb37bf6c7026373
scientific_facts_6|P,scientific_facts_6,scientific_facts,easy,P,B,A,D,D,D,-3.2707634568214417,-2.2304863929748535,-3.5923733711242676,-3.4441685676574707,-0.3216099143028259,2ccb0289090cab27663095483bb4d16511a97a41402f969979419eabb223a13e
scientific_facts_6|R1,scientific_facts_6,scientific_facts,easy,R1,B,A,D,D,D,-3.0321883857250214,-2.2126336097717285,-3.2824177742004395,-2.6888585090637207,-0.2502293884754181,4e7ce7a42d947530d935cc0564d59151bfc79d879f29c0bdbec6bf0ec8e2e035
scientific_facts_6|R2,scientific_facts_6,scientific_facts,easy,R2,B,A,D,D,D,-2.824418991804123,-1.5702738761901855,-3.2042765617370605,-2.987514019012451,-0.3798575699329376,e78070289f8b806f66705650e455856e818e9f2c0ffa6bd5a01bae382cc5d6f5
scientific_facts_6|R0,scientific_facts_6,scientific_facts,easy,R0,B,A,D,D,D,-2.270061492919922,-1.714003324508667,-2.7805755138397217,-2.0913779735565186,-0.5105140209197998,5b0d6f916c22493c46002e3c1eb753ce79aac5107ca778415965c366c39f3bbb
word_problems_74|B,word_problems_74,word_problems,hard,B,B,C,,C,C,-1.382383406162262,-2.2840006351470947,-1.8484232425689697,-0.46603983640670776,-3.5684893131256104,1d1e5c5bd6bb7f3248987a321ff37ad0580358713b6a427cb1cacf3564aafdc1
word_problems_74|F,word_problems_74,word_problems,hard,F,B,C,C,C,C,-4.514217287302017,-3.7579855918884277,-4.702586650848389,-0.18836936354637146,-6.519042491912842,267cb53ba4870d67a17b8e7cfe4022b3aa883b49b151efb7fb5095841c402e66
word_problems_74|R0,word_problems_74,word_problems,hard,R0,B,C,C,C,C,-2.4967421889305115,-2.463425397872925,-2.681347608566284,-0.1846054196357727,-4.960694313049316,a8a32a8abae82394f68ac668e014e59fd5f63073ebfe1834326639356e7f0dd2
word_problems_74|P,word_problems_74,word_problems,hard,P,B,C,C,C,C,-3.1390801072120667,-3.4816396236419678,-3.861762762069702,-0.7226826548576355,-5.566049098968506,a98d10a961043becc05ce3b8824d0953a58a116fe6a50bbaf3982f7f68fe63f6
word_problems_74|R2,word_problems_74,word_problems,hard,R2,B,C,C,C,C,-4.396627224981785,-3.1213319301605225,-4.462264537811279,-0.06563731282949448,-6.0727667808532715,461258033073330f91d31b6a320f1f3450df80877915e302a3cc76c0db7cdfff
word_problems_74|R1,word_problems_74,word_problems,hard,R1,B,C,C,C,C,-3.565416283905506,-3.02938175201416,-3.664557456970215,-0.09914117306470871,-5.527321815490723,5eb126e56303d9e8f12de87d40f3fd0ab043efcd54b24a0f26bbce826826ee96
word_problems_74|R3,word_problems_74,word_problems,hard,R3,B,C,C,C,C,-2.349699005484581,-2.9679784774780273,-2.511885643005371,-0.1621866375207901,-4.145760536193848,f9ab5807ef748d6a58e4efbf80d202f9dec782ca70094e7921bfc5676cb5dea3
word_problems_74|V,word_problems_74,word_problems,hard,V,B,C,C,C,C,-5.171297173947096,-4.290802955627441,-5.227097511291504,-0.055800337344408035,-6.837695121765137,c4bf2306d7cc90f522311999b394461460d210326e87bbd65c07f8d49e9bb5af
logical_reasoning_62|B,logical_reasoning_62,logical_reasoning,hard,B,A,C,,A,A,8.030823066830635,-0.06303183734416962,-9.909200668334961,-8.093854904174805,-10.62247371673584,ce23ca3a249c4de8e0e05b9a38cc9d64b85529465321e0762666277b46b9c477
logical_reasoning_62|R2,logical_reasoning_62,logical_reasoning,hard,R2,A,C,A,A,A,7.361541568534449,-0.0017949945759028196,-8.841863632202148,-7.363336563110352,-10.158561706542969,0f593c3198857a5723a4009885b74703fc0294422195838f6e99f144914cc2e2
logical_reasoning_62|R0,logical_reasoning_62,logical_reasoning,hard,R0,A,C,A,A,A,7.699653772171587,-0.005120130721479654,-9.506779670715332,-7.704773902893066,-10.877129554748535,b35f829fd0a015a7b48421d40955b5747243e8b368bbbe231e1a5ef09a6e15a4
logical_reasoning_62|V,logical_reasoning_62,logical_reasoning,hard,V,A,C,A,C,C,-1.734905257821083,-1.903921365737915,-6.642685413360596,-0.16901610791683197,-7.552937984466553,70177b2626fbef85ef8416f752b19843ada7ff8bc906339c07f1cc11d13f1389
logical_reasoning_62|R1,logical_reasoning_62,logical_reasoning,hard,R1,A,C,A,A,A,7.614953957963735,-0.0039182077161967754,-9.221783638000488,-7.618872165679932,-10.659123420715332,ea5fb2c915cdf3c516e91c7979aedefa0b05ea8595cb658b082a7db0604e4b34
logical_reasoning_62|P,logical_reasoning_62,logical_reasoning,hard,P,A,C,A,A,A,7.966514240950346,-0.042639125138521194,-9.508512496948242,-8.009153366088867,-10.659893989562988,a28904b3be88324c599da4787bc9136dcda0ff0c763f827f1bd37213120e52a0
logical_reasoning_62|R3,logical_reasoning_62,logical_reasoning,hard,R3,A,C,A,A,A,5.705928689800203,-0.006548040546476841,-6.079797744750977,-5.71247673034668,-7.794794082641602,da8763b8e9b8d5c533de9413b447f358660956beff33ae25a346eaf9afda3c48
logical_reasoning_62|F,logical_reasoning_62,logical_reasoning,hard,F,A,C,A,A,A,7.683342061936855,-0.06322375684976578,-9.181676864624023,-7.746565818786621,-10.104686737060547,d43d3eac9d165fff2b73e62aa3c5eae1b7917432d37a9d59e9a311388f9a6467
word_problems_6|B,word_problems_6,word_problems,easy,B,B,D,,B,B,1.9606342315673828,-3.2723119258880615,-0.3460385799407959,-3.7246854305267334,-2.3066728115081787,1375e615de855867be256f3d1ace3af75c48dce1f820c2a25206ed1110970ec8
word_problems_6|P,word_problems_6,word_problems,easy,P,B,D,B,B,B,4.223953306674957,-5.098165512084961,-0.587638795375824,-4.811592102050781,-5.011051177978516,7f9a50f0943f6368eb644de22bb8315cec894ea737e158a26bfbbe47df59fa06
word_problems_6|R1,word_problems_6,word_problems,easy,R1,B,D,B,B,B,4.257820196449757,-4.567614555358887,-0.08937924355268478,-4.347199440002441,-5.631054878234863,b2ef49a4e2ec87007ac880bd67bc29abe9b48d36656f33011dda195a84a669dc
word_problems_6|F,word_problems_6,word_problems,easy,F,B,D,B,B,B,5.655650928616524,-5.8858513832092285,-0.23020045459270477,-6.098812580108643,-6.219679832458496,96224d226f2d95cce1e78eea9b837514016d6e6a3b9b1441eb8df044b9ff3177
word_problems_6|R3,word_problems_6,word_problems,easy,R3,B,D,B,B,B,3.2015877813100815,-3.297633647918701,-0.09604586660861969,-3.5358939170837402,-3.760598659515381,db5dac138d156b9dc01e114c1f1e0d37eb3114bf6250beb6341f8841f06bf5c3
word_problems_6|V,word_problems_6,word_problems,easy,V,B,D,B,D,D,-3.8734798654913902,-4.1860432624816895,-3.937481164932251,-5.4055938720703125,-0.06400129944086075,982c2e658e06ba5585d70928d5fcc53dd2b8f1808f6e6909ed801a8afca32dcb
word_problems_6|R2,word_problems_6,word_problems,easy,R2,B,D,B,B,B,4.642700240015984,-4.738465785980225,-0.03527970612049103,-4.677979946136475,-5.618340969085693,cd31d091f24acb8e77465cd1b6f2cff5806071c63e7615ffab384dcff861d4d1
word_problems_6|R0,word_problems_6,word_problems,easy,R0,B,D,B,B,B,4.129879012703896,-4.873210430145264,-0.2393030971288681,-4.369182109832764,-5.761115550994873,7db7b0cfcbdfab461c3880adfacfe2f4a483fd4ef201ee1cb9246b90925fc27c
basic_math_18|B,basic_math_18,basic_math,medium,B,A,D,,C,C,-1.2700347900390625,-1.7402980327606201,-3.3310534954071045,-0.4702632427215576,-2.7224032878875732,7ae84cc383c6862b5e671eafcdf3f2722421afeaab0ec9b2cd521f891dbb5480
basic_math_18|F,basic_math_18,basic_math,medium,F,A,D,C,C,C,-1.8164691925048828,-2.2902672290802,-4.771621227264404,-0.4737980365753174,-4.275174617767334,b117c544bf38ff1f1d58536cd2559893b717d71473d3783592a2e214a6bc2d10
basic_math_18|R0,basic_math_18,basic_math,medium,R0,A,D,C,C,C,-1.477588713169098,-1.8077983856201172,-3.707387924194336,-0.3302096724510193,-3.9641265869140625,984db8efd89618c72974ad93e2aad78210e668fae0f2963782a76b441e9e2b7b
basic_math_18|V,basic_math_18,basic_math,medium,V,A,D,C,D,D,-5.072971444576979,-5.113489151000977,-5.557256698608398,-4.586162567138672,-0.04051770642399788,f2f26b8befa1d03542a45a21ab5a4496c8b60673970aec104a28cfa2e405e233
basic_math_18|R2,basic_math_18,basic_math,medium,R2,A,D,C,C,C,-2.090656280517578,-2.233779191970825,-5.249339580535889,-0.14312291145324707,-4.824870586395264,4db1b6d0203178dcfbbff3eea4b0a2422fc6a410507e51aed94c435dd8634e20
basic_math_18|P,basic_math_18,basic_math,medium,P,A,D,C,C,C,-1.6598873734474182,-2.251279592514038,-4.165072917938232,-0.5913922190666199,-4.036195278167725,5e832020509111774322e8522eb8e0af37f0e7c617d5770b3168655ca6f9663c
basic_math_18|R1,basic_math_18,basic_math,medium,R1,A,D,C,C,C,-1.5443343818187714,-1.8148452043533325,-3.9616289138793945,-0.27051082253456116,-4.0465803146362305,659683c60fa211bca941272a6c78a605aa277316da18e9167a11c6a0dac9c55a
basic_math_18|R3,basic_math_18,basic_math,medium,R3,A,D,C,C,C,-1.6576060950756073,-1.9126842021942139,-3.5047214031219482,-0.25507810711860657,-3.0877597332000732,0e0ffff0fa2cd977b4616c2595c1397d461ec9ad0b126763be8ee4690f386970
word_problems_40|B,word_problems_40,word_problems,medium,B,A,C,,B,B,-0.12687861919403076,-1.3111531734466553,-1.1842745542526245,-3.691526174545288,-2.885904312133789,79a90ca838572d68a1c18e5c644c39c04caf09ad5dae1da735d436e3ea126761
word_problems_40|P,word_problems_40,word_problems,medium,P,A,C,B,B,B,-1.7002906203269958,-2.277754306793213,-0.577463686466217,-4.5318474769592285,-5.127087116241455,2f83a5aa9082ec32c9bd24492f22343e80552498742f0700ad899e5fd9700e17
word_problems_40|R3,word_problems_40,word_problems,medium,R3,A,C,B,B,B,-1.6968917101621628,-1.9053690433502197,-0.20847733318805695,-4.081434726715088,-3.875927209854126,9ed4a55b7768a7af5774d829ce744f6d35861d746cb5b0db12e6299fa89a6cbc
word_problems_40|F,word_problems_40,word_problems,medium,F,A,C,B,B,B,-2.5030766129493713,-2.857590675354004,-0.35451406240463257,-5.1272687911987305,-5.776310920715332,4e9dce06ccb94d710c85e159c92bd1f1c7166b714afd732f670310b98cf82fab
word_problems_40|V,word_problems_40,word_problems,medium,V,A,C,B,C,C,-4.174581794068217,-4.205639839172363,-4.626081943511963,-0.031058045104146004,-6.231595039367676,c9e3d16df27fb0d521f28db5312408a41a5406e8dcebb89fb70eea282d1f12dc
word_problems_40|R0,word_problems_40,word_problems,medium,R0,A,C,B,B,B,-1.1459236145019531,-1.5718492269515991,-0.425925612449646,-3.8101935386657715,-4.605824947357178,8e7036abaae2645b7f8ba813ecb2f31eded010fac0b444c7d5946c9872456ab3
word_problems_40|R2,word_problems_40,word_problems,medium,R2,A,C,B,B,B,-2.1121864318847656,-2.2838637828826904,-0.1716773509979248,-4.749936103820801,-5.355206489562988,91055a3827bf51305f5e98c6a138994c31e2691476dbd65b63b56fbc8a5f2611
word_problems_40|R1,word_problems_40,word_problems,medium,R1,A,C,B,B,B,-1.7161521017551422,-1.9645367860794067,-0.24838468432426453,-4.3626556396484375,-5.132457733154297,51aa7c00a9c5f869f14bc6a00ee44e209faaaacac8e0c86d946b38de12ea779d
basic_math_3|B,basic_math_3,basic_math,easy,B,B,A,,C,C,-1.6933287382125854,-2.113166570663452,-2.1702229976654053,-0.4768942594528198,-2.6971166133880615,c66e6a3cbf787daf581886ce80a9775d7df9c8a7f39e41e9d69e3cc7e584b38d
basic_math_3|R2,basic_math_3,basic_math,easy,R2,B,A,C,C,C,-4.984514445066452,-3.6688501834869385,-5.026646137237549,-0.0421316921710968,-5.811201572418213,f8c655944f86aa7ca09a2b8dbbcc040f9dbf9ebd31cf8e28db9499adef8d08e1
basic_math_3|F,basic_math_3,basic_math,easy,F,B,A,C,C,C,-4.50850310921669,-3.8657031059265137,-4.925960063934326,-0.4174569547176361,-5.520291805267334,2bcc6a3503e40c71b5b0467e37ac1da992a62a64e1d468f4103556772092363f
basic_math_3|V,basic_math_3,basic_math,easy,V,B,A,C,A,A,-5.759218426421285,-0.01918676309287548,-5.77840518951416,-4.890989780426025,-7.581564426422119,f6d1e8fe59d5acfeee36cabbe92b4a193807456cc781b9f9f89da3b00e294b9a
basic_math_3|R1,basic_math_3,basic_math,easy,R1,B,A,C,C,C,-3.3379898220300674,-2.6755495071411133,-3.5527544021606445,-0.2147645801305771,-4.7735490798950195,283aa6c8be68ce08dfb084424f968c144af0387bd359ffdeddaa4450703b61f1
basic_math_3|R0,basic_math_3,basic_math,easy,R0,B,A,C,C,C,-3.317564159631729,-2.7506937980651855,-3.474252462387085,-0.15668830275535583,-4.901940822601318,fab3d3903cc0f9a5f3f294e89ff9eb6ac90711255ba47d4453fc900cec5ae189
basic_math_3|R3,basic_math_3,basic_math,easy,R3,B,A,C,C,C,-3.305713675916195,-3.1639935970306396,-3.413816213607788,-0.10810253769159317,-3.6733453273773193,4143e7de5a2dd92c3298b360398fd44fae3ba5e5ef25cfb63d1923384d67062e
basic_math_3|P,basic_math_3,basic_math,easy,P,B,A,C,C,C,-3.385318696498871,-3.309086322784424,-4.135517597198486,-0.7501989006996155,-4.499908924102783,8ddcaeed2c7f9e7c04108c072dbcdea12839c1ed9d8a01f919a315e7d8893951
scientific_facts_51|B,scientific_facts_51,scientific_facts,hard,B,A,B,,A,A,1.2539043724536896,-0.4347709119319916,-2.0942671298980713,-3.1480066776275635,-1.6886752843856812,a6c493d7216833f6665735f612457415d6341f50fd82f10500cb452d28d86ebd
scientific_facts_51|R3,scientific_facts_51,scientific_facts,hard,R3,A,B,A,A,A,2.3871821761131287,-0.1826983094215393,-2.569880485534668,-4.301718711853027,-2.584559440612793,3dcc26327bd42aee342cb7c8b005b6eb30dce96fa8a2b333aeaa32f6755dcd3a
scientific_facts_51|V,scientific_facts_51,scientific_facts,hard,V,A,B,A,B,B,-4.857580365613103,-4.870838165283203,-0.013257799670100212,-6.413814544677734,-7.012975692749023,43fa2bb9e8a77b90ae0a363ea255f48a4dd41987d54ff2cfb92e0ba5ce2f9c69
scientific_facts_51|P,scientific_facts_51,scientific_facts,hard,P,A,B,A,A,A,3.868427388370037,-0.04442775994539261,-5.011407852172852,-6.057168960571289,-3.9128551483154297,e2be2b545f51bd59795053fa6a43fe4ff4f12f719e04f9b663279b04d62b340b
scientific_facts_51|R2,scientific_facts_51,scientific_facts,hard,R2,A,B,A,A,A,4.358345128595829,-0.029373548924922943,-4.695417881011963,-5.175192356109619,-4.387718677520752,7925d016e83ebc9208bf7ec30894b6be8b0d65a89621901680c681346d9908ac
scientific_facts_51|R0,scientific_facts_51,scientific_facts,hard,R0,A,B,A,A,A,3.0711669474840164,-0.07595162093639374,-4.071816444396973,-4.537413597106934,-3.14711856842041,f28d7adaddbea5cf260182eff7900c6fb7706f9f215e9af1800a623b31bd2996
scientific_facts_51|R1,scientific_facts_51,scientific_facts,hard,R1,A,B,A,A,A,3.2244205325841904,-0.059909120202064514,-4.671828746795654,-4.6449384689331055,-3.284329652786255,edfbc77e2ae6bc0a5c416ab994c27ab08a5dbe9dc63e2d6904e5d790d9e3fd53
scientific_facts_51|F,scientific_facts_51,scientific_facts,hard,F,A,B,A,A,A,4.150857876986265,-0.040921736508607864,-4.913249492645264,-5.813647747039795,-4.191779613494873,9826fd57942d3ab70ab4392d41528bd2e4aca1dc0dd76bf885c20b900080da03
basic_math_63|B,basic_math_63,basic_math,hard,B,A,C,,A,A,0.877708375453949,-0.5080321431159973,-3.281423807144165,-3.1991159915924072,-1.3857405185699463,540f6f6b19a271085d53b91000845c0276810566f72b289ee15654055a4207a9
basic_math_63|F,basic_math_63,basic_math,hard,F,A,C,A,A,A,1.3757914900779724,-0.671687662601471,-4.234572887420654,-4.401517391204834,-2.0474791526794434,0832295c1219e9b035be0c8eec204ce3c454db7ec30c0bcd4e8bd024c0ade77d
basic_math_63|R2,basic_math_63,basic_math,hard,R2,A,C,A,A,A,3.229591481387615,-0.05623234063386917,-4.773067474365234,-5.074090957641602,-3.2858238220214844,92db3df403101d61850ebe22ecf04af70e5d31086cca0cfd0ec66d7b7ec3dbeb
basic_math_63|R3,basic_math_63,basic_math,hard,R3,A,C,A,A,A,1.5170078426599503,-0.243062362074852,-3.4924213886260986,-4.457728862762451,-1.7600702047348022,fab58f72f6428fd8db01c631f9f37b1fbfd67f31caa8054a37dd7ca5a43f717e
basic_math_63|R0,basic_math_63,basic_math,hard,R0,A,C,A,A,A,1.2383918464183807,-0.35038867592811584,-3.2554218769073486,-3.1982147693634033,-1.5887805223464966,e42d68c4936073f09403293514580667549697bbaede845c0cbda8540d363c85
basic_math_63|P,basic_math_63,basic_math,hard,P,A,C,A,A,A,1.5506134033203125,-0.46256041526794434,-3.9009549617767334,-4.0055060386657715,-2.013173818588257,ac667f682ba002241a1bd1dc7362169b88ba006e07c5a88d4979aadd0b9b0309
basic_math_63|V,basic_math_63,basic_math,hard,V,A,C,A,C,C,-4.039400340989232,-4.065530300140381,-6.103638648986816,-0.026129959151148796,-5.3720927238464355,e2a74a431efc410b91d3c6b21579c81a77788d25b42ba6340cba493aa02cecc1
basic_math_63|R1,basic_math_63,basic_math,hard,R1,A,C,A,A,A,1.4996433556079865,-0.2583927810192108,-3.6591153144836426,-3.6687703132629395,-1.7580361366271973,d251838f9b6b50996fe4a2be2da1e470b3bd14ce2a91d5dae9a33bf5400cda65
word_problems_25|B,word_problems_25,word_problems,medium,B,D,C,,D,D,1.6701775789260864,-3.615729808807373,-2.2689130306243896,-6.154609203338623,-0.5987354516983032,0f10c84d6c2d276c84f7de98fdbdec60edce18270fd532a2298253334bc6fdf6
word_problems_25|R1,word_problems_25,word_problems,medium,R1,D,C,D,D,D,4.301290720701218,-4.386895179748535,-4.56528377532959,-6.246060371398926,-0.0856044590473175,e624d8304007ec7dc039c57a4e690ab8f1717012a2c7dc25c0b765e277ecef0e
word_problems_25|P,word_problems_25,word_problems,medium,P,D,C,D,D,D,4.092983216047287,-4.322373867034912,-4.474935054779053,-6.382134914398193,-0.22939065098762512,34d1daaf9f62d9021f155a4e9356201c85e9986e3d0d82b50796c6e9fad693fd
word_problems_25|R3,word_problems_25,word_problems,medium,R3,D,C,D,D,D,3.3348731324076653,-3.7714521884918213,-3.398094415664673,-5.918978214263916,-0.0632212832570076,cd27360972a7abee9fb939b463344e96a3cc7eb7d5c6faf61d327512c97bfa7f
word_problems_25|V,word_problems_25,word_problems,medium,V,D,C,D,C,C,-3.8899324759840965,-4.7586588859558105,-5.3489508628845215,-0.03655592352151871,-3.9264883995056152,27fb1de05b5b9e37594c75af2d6c4192a6876f967c2f658c71aabf667ae13f10
word_problems_25|F,word_problems_25,word_problems,medium,F,D,C,D,D,D,4.770132198929787,-5.036515712738037,-4.960364818572998,-6.85106897354126,-0.19023261964321136,b16eda5080ae27366c92e1e8c7851230114de2cdd4319afe858660c5c28031bb
word_problems_25|R0,word_problems_25,word_problems,medium,R0,D,C,D,D,D,4.1072502583265305,-4.265396595001221,-4.333004474639893,-6.062103748321533,-0.15814633667469025,4a68cda80d7036e089b2f955fe97e56d442fe88af4d3e003e525cee8ad1c39e1
word_problems_25|R2,word_problems_25,word_problems,medium,R2,D,C,D,D,D,3.515956796705723,-3.5857367515563965,-4.068517208099365,-5.897700786590576,-0.06977995485067368,fc60cce051cd4f3a242f62f4b25bcd5506072c89d5a28a1b4ed358ecc1fe2078
word_problems_28|B,word_problems_28,word_problems,medium,B,B,C,,D,D,-0.8659439086914062,-1.247339129447937,-1.9537409543991089,-1.4639872312545776,-1.0877970457077026,5ae3c5f757696737730c777e5c7a4b2a8e87c4787fa017307c70ee76ff5d4d72
word_problems_28|R0,word_problems_28,word_problems,medium,R0,B,C,D,D,D,-1.7817842364311218,-1.8481262922286987,-2.5103960037231445,-1.3564289808273315,-0.7286117672920227,e54d0817ccd9ab50476891ad5362ec772f695ddcb3e779f22322b1cb4f89b05d
word_problems_28|P,word_problems_28,word_problems,medium,P,B,C,D,D,D,-3.3259506821632385,-2.4346747398376465,-3.834054470062256,-2.3914198875427246,-0.5081037878990173,6f27d726847d102cc1516f03384ea14f16851e8e59770f48cdf9dfe81ca441d4
word_problems_28|R1,word_problems_28,word_problems,medium,R1,B,C,D,D,D,-2.7489317655563354,-2.3349521160125732,-3.1159920692443848,-1.8241794109344482,-0.3670603036880493,5f308b64390145c39be08ad32babd3788d4aa12fa88fa0d6078502792a043b78
word_problems_28|F,word_problems_28,word_problems,medium,F,B,C,D,D,D,-3.7099419236183167,-3.3302950859069824,-4.343860149383545,-2.820003032684326,-0.6339182257652283,b9bd18a094f4a97caf2b30272f1342d8e74a03c32e4fa854e649e0c730d40044
word_problems_28|R2,word_problems_28,word_problems,medium,R2,B,C,D,D,D,-2.8759002685546875,-2.0759425163269043,-3.2493109703063965,-1.9439786672592163,-0.373410701751709,90b4e0b4f04bfe38d3e5580d1bbf895e57fa68fa2ba73222131aec198dd29169
word_problems_28|V,word_problems_28,word_problems,medium,V,B,C,D,C,C,-4.227089174091816,-5.201900005340576,-4.260194301605225,-0.03310512751340866,-5.113175868988037,6853deb74ecb9514ab9aa50c07a78d1b0cc90dc2ba9e4c47189c39a1cbb605b6
word_problems_28|R3,word_problems_28,word_problems,medium,R3,B,C,D,D,D,-2.444106936454773,-2.074370861053467,-2.793433666229248,-2.252429485321045,-0.3493267297744751,f4d2601340beb1e276d11471494155d7a37666bd6cc1f05660c445048cc92709
basic_math_60|B,basic_math_60,basic_math,hard,B,D,A,,A,A,-2.9151247665286064,-0.08463776856660843,-5.2739973068237305,-3.8398277759552,-2.999762535095215,2934b2bcd2bfd40a0c1482521bc3c34a58afb14727807f2a0b5c228d1e338442
basic_math_60|R0,basic_math_60,basic_math,hard,R0,D,A,A,A,A,-5.178504724055529,-0.01621125265955925,-6.303215503692627,-5.137314796447754,-5.194715976715088,0f08583a0001698295752950de5a8f148920e2699266458f2a8c46e31e4d80b1
basic_math_60|V,basic_math_60,basic_math,hard,V,D,A,A,A,A,-7.367488792166114,-0.016312668099999428,-6.132342338562012,-6.008721351623535,-7.383801460266113,8329b9f3e8416e9b1a67737defbc143eb57f4da75776424a73c565837a1e776f
basic_math_60|P,basic_math_60,basic_math,hard,P,D,A,A,A,A,-4.888196812942624,-0.02349151484668255,-6.2913594245910645,-5.228287220001221,-4.911688327789307,6610a4987cc03ff02bbf1c95bd9cc2701b29a15549c364c4ee93a38147956bcc
basic_math_60|F,basic_math_60,basic_math,hard,F,D,A,A,A,A,-6.253101298585534,-0.016248753294348717,-7.247097015380859,-6.313362121582031,-6.269350051879883,e7e30ecb5e0977d5a749fb271bb4b25d9e45ab9604e3ae506a5c0ec70e301856
basic_math_60|R2,basic_math_60,basic_math,hard,R2,D,A,A,A,A,-6.2634428213350475,-0.007517509628087282,-6.8861260414123535,-5.643446445465088,-6.270960330963135,c9e6e9a3f36d2d6b13d48ddabd2da5e088f4d73b2417bdb65629233a93f53e31
basic_math_60|R1,basic_math_60,basic_math,hard,R1,D,A,A,A,A,-6.727783277630806,-0.005821630358695984,-7.5663628578186035,-6.3677144050598145,-6.733604907989502,fb05a94a31a7d665aa592a81cacdfc23e39566df5cb078456088d34cc611e416
basic_math_60|R3,basic_math_60,basic_math,hard,R3,D,A,A,A,A,-4.101301189512014,-0.04203701391816139,-4.700331687927246,-4.172131538391113,-4.143338203430176,016c1b452b1a6bed3b024e888ff89609eaa0b5ad8895cb309c07c9df3a26e426
basic_math_62|B,basic_math_62,basic_math,hard,B,C,D,,C,C,1.596933275461197,-4.176672458648682,-2.2190005779266357,-0.31867286562919617,-1.915606141090393,7ddea758241baa7a7b490ac992c67fceea83118d77a2b5f85c8d7d3f68407855
basic_math_62|R1,basic_math_62,basic_math,hard,R1,C,D,C,C,C,4.734173070639372,-5.29374885559082,-5.463247776031494,-0.018478620797395706,-4.752651691436768,d7b0556fe08a039f0280c1d56dbcf0250588cc24e47648483b1b7dcb0903d938
basic_math_62|P,basic_math_62,basic_math,hard,P,C,D,C,C,C,4.50600253790617,-5.534420967102051,-5.463845252990723,-0.043322451412677765,-4.549324989318848,bb0fb0dcd7fcd4e6246bed2682e442b26af28429af4286944de9109c7035e121
basic_math_62|R3,basic_math_62,basic_math,hard,R3,C,D,C,C,C,3.2380065992474556,-4.2156758308410645,-3.757662296295166,-0.07930421084165573,-3.3173108100891113,dfc97c59f8149c6d66889d771b0838dd1dd3d2d0a67bd02fd99b0349f147d56c
basic_math_62|R0,basic_math_62,basic_math,hard,R0,C,D,C,C,C,3.800315700471401,-5.078243255615234,-4.799896240234375,-0.03745666891336441,-3.8377723693847656,8fef2be8eb57a478578e8ec60bda53c9372caded041660cdc4c11aa964efb259
basic_math_62|F,basic_math_62,basic_math,hard,F,C,D,C,C,C,5.374481055885553,-6.276586055755615,-6.048062801361084,-0.01605382189154625,-5.3905348777771,aa5a86c0684d03b72593f7ea278b1047c650e31b2460a408dd6d20f31cf280fa
basic_math_62|V,basic_math_62,basic_math,hard,V,C,D,C,D,D,-3.9134635478258133,-4.713048458099365,-4.786035060882568,-3.9783644676208496,-0.06490091979503632,5522f608367c9a1a3e37b73a3e77104cd31637263aad9fc4537070e298039d9a
basic_math_62|R2,basic_math_62,basic_math,hard,R2,C,D,C,C,C,4.795226974412799,-5.202131748199463,-6.194944858551025,-0.016842441633343697,-4.812069416046143,0aa89d33dbdee4a28fb723867a6f4e6515177843b5750a54f64e959bde8d4c9e
basic_math_25|B,basic_math_25,basic_math,medium,B,C,B,,C,C,0.5072898864746094,-3.792496681213379,-1.0689724683761597,-0.5616825819015503,-2.9685678482055664,9079183d490a5902de4ff880101f225fb28bf28a35c1d89284cbeb80ae750238
basic_math_25|R1,basic_math_25,basic_math,medium,R1,C,B,C,C,C,3.451318856328726,-5.209140777587891,-3.4997787475585938,-0.048459891229867935,-6.099191665649414,9acca3be35cddd8eb243634787e2db8bdfe2abdf18f1bff58f853bcf766b9a83
basic_math_25|R0,basic_math_25,basic_math,medium,R0,C,B,C,C,C,3.2860125824809074,-5.345704078674316,-3.336571455001831,-0.050558872520923615,-5.9461259841918945,07246a5df8c71d1f53638660fcdf30d9649cc939b11f83d970b81c9bf9a4cf8c
basic_math_25|V,basic_math_25,basic_math,medium,V,C,B,C,B,B,-4.491609508171678,-5.224997520446777,-0.029027050361037254,-4.520636558532715,-6.848233222961426,26b008ee4b71c1b7210b681a6235b87fcefe87e4164afef8669739b0fb3f82ff
basic_math_25|P,basic_math_25,basic_math,medium,P,C,B,C,C,C,3.2737808376550674,-5.189187526702881,-3.342986583709717,-0.06920574605464935,-5.170480251312256,61c09ed24c2cae16e3db1dc26a5c604b67b6e2d7b38e555f9b068a504018cfa1
basic_math_25|R3,basic_math_25,basic_math,medium,R3,C,B,C,C,C,2.497756890952587,-4.461414813995361,-2.605205774307251,-0.10744888335466385,-4.302212238311768,1e8ce8990056e23e269121fde0703d1cd25c12599950beafd1fcf4f22fa10e5d
basic_math_25|R2,basic_math_25,basic_math,medium,R2,C,B,C,C,C,4.340333705767989,-4.711688041687012,-4.370466709136963,-0.030133003368973732,-5.9832024574279785,182b8d9f2ae1ab925f162883487d66e3760575f4343151bc8b6694278e6d581f
basic_math_25|F,basic_math_25,basic_math,medium,F,C,B,C,C,C,3.368562862277031,-6.0508809089660645,-3.4320647716522217,-0.06350190937519073,-6.056013584136963,f73406f996b598121e75e99dcf95b7f1e951c6a147db08b2a3df4c59545de1b6
logical_reasoning_22|B,logical_reasoning_22,logical_reasoning,medium,B,A,C,,A,A,4.336370438337326,-0.3219967186450958,-7.865878105163574,-4.658367156982422,-8.220174789428711,44623c953b7868218802015ff2d4fd84eda2aafdaefe925a7b2e0743556eb02a
logical_reasoning_22|P,logical_reasoning_22,logical_reasoning,medium,P,A,C,A,A,A,4.9353162087500095,-0.0505598746240139,-8.383134841918945,-4.985876083374023,-9.592044830322266,a84002b2b232c862199a3527425020637f7d6aa81a918bf2c96d914424705100
logical_reasoning_22|R0,logical_reasoning_22,logical_reasoning,medium,R0,A,C,A,A,A,4.283998340368271,-0.02290216088294983,-8.41211986541748,-4.306900501251221,-10.018954277038574,faaff1aaa70a46a991ed612e1c363d4295ac2460a72668d6f845f35344622eea
logical_reasoning_22|R3,logical_reasoning_22,logical_reasoning,medium,R3,A,C,A,A,A,3.3738937117159367,-0.0415058396756649,-5.116125106811523,-3.4153995513916016,-6.909685134887695,0da768cbd35fd366b56f310eaa8fa184575f1f62d8e2c5d31a8dd31b37fd7eda
logical_reasoning_22|R2,logical_reasoning_22,logical_reasoning,medium,R2,A,C,A,A,A,5.326293965335935,-0.007039050105959177,-8.455832481384277,-5.3333330154418945,-9.537056922912598,afaed67808a65ce91e75edae7d19c8f7fab41ec0739f84c52227665108a846cf
logical_reasoning_22|V,logical_reasoning_22,logical_reasoning,medium,V,A,C,A,C,C,-2.5349350571632385,-2.6147894859313965,-6.913333415985107,-0.07985442876815796,-7.9438300132751465,60e16e09816cf345e008d83c87849620b8d1e3ebf86cc943e56e368db29b4cc4
logical_reasoning_22|R1,logical_reasoning_22,logical_reasoning,medium,R1,A,C,A,A,A,5.3181115463376045,-0.008814685046672821,-8.820622444152832,-5.326926231384277,-10.374015808105469,dc8a4753e4505d4cf0732746b03f3e03fa533826ebed3c3219000b98e931fff3
logical_reasoning_22|F,logical_reasoning_22,logical_reasoning,medium,F,A,C,A,A,A,5.075660556554794,-0.03557124733924866,-8.262293815612793,-5.111231803894043,-9.619206428527832,57e78a45dd0b74be147230acd88e000a65ddabfca1d4ae43135c320630b79967
logical_reasoning_9|B,logical_reasoning_9,logical_reasoning,easy,B,C,A,,C,C,2.2631378918886185,-2.508798122406006,-5.242249965667725,-0.2456602305173874,-5.384418964385986,4eced1a9c6b15d90d6a6e91c8526fdd6cfa861423bd5192be159abcd9f459c36
logical_reasoning_9|R0,logical_reasoning_9,logical_reasoning,easy,R0,C,A,C,C,C,3.3111667335033417,-3.629791736602783,-6.146740436553955,-0.31862500309944153,-7.573330402374268,769cfbbb9ecc6e9b5c20edbe19a7a7765dae1a16e7eb618e5d673854817187d5
logical_reasoning_9|R3,logical_reasoning_9,logical_reasoning,easy,R3,C,A,C,C,C,2.828834541141987,-2.8990187644958496,-5.058629512786865,-0.07018422335386276,-5.46704626083374,db42158d6e91b311ba1a5f3177534aaa1373525861cb4527585104231e1d484d
logical_reasoning_9|F,logical_reasoning_9,logical_reasoning,easy,F,C,A,C,C,C,4.539495505392551,-4.612995624542236,-7.363783359527588,-0.0735001191496849,-7.651234149932861,d6d2f5caea872c85699f54e77c11b95ba8228a006ea3766186c5ee96f62f0740
logical_reasoning_9|P,logical_reasoning_9,logical_reasoning,easy,P,C,A,C,C,C,3.9864843003451824,-4.047662258148193,-6.671716213226318,-0.06117795780301094,-7.11871862411499,cfc82bef913f6085349800f7c8f2b5ac97a02b388ab4ac6d4c2d6b91f1e3ad71
logical_reasoning_9|V,logical_reasoning_9,logical_reasoning,easy,V,C,A,C,A,A,-4.576808847486973,-0.012939058244228363,-7.596683025360107,-4.589747905731201,-8.753036499023438,a3e2c6ada37968bd34261c72c6dcf03b4242f46e7f8a98b5d3bb3eb8e0ae0043
logical_reasoning_9|R1,logical_reasoning_9,logical_reasoning,easy,R1,C,A,C,C,C,3.173818476498127,-3.2521166801452637,-5.8368144035339355,-0.07829820364713669,-6.955113887786865,ceb11b3b9d91fcb2eb4c78f0ec5e60194a007bcab3b85e9ab6667b5ed672d66d
logical_reasoning_9|R2,logical_reasoning_9,logical_reasoning,easy,R2,C,A,C,C,C,4.060692107304931,-4.086746692657471,-6.627756118774414,-0.026054585352540016,-7.442942142486572,cade5cef6df729e2f23ee919969165a070d107e89188f457ce3288b81c43d829
analogies_39|B,analogies_39,analogies,medium,B,D,B,,D,D,4.526519551873207,-4.695012092590332,-7.840928077697754,-7.153201103210449,-0.16849254071712494,a060d91f2d120871dea5f230ca0c0cf087275587d19fe68eaca7499ed04390a7
analogies_39|P,analogies_39,analogies,medium,P,D,B,D,D,D,6.0917454063892365,-6.116541862487793,-8.388993263244629,-7.067870140075684,-0.02479645609855652,1a483ce120db5404324b27fa83fd3ffff03b2a86960fd78fb867b9df0f5a941b
analogies_39|F,analogies_39,analogies,medium,F,D,B,D,D,D,6.449302515015006,-6.467955589294434,-8.84719181060791,-7.763701438903809,-0.01865307427942753,bdddfe9a74b67d5845b1fcffcf09cd79ae33660154bdf33d6ae940211a085327
analogies_39|V,analogies_39,analogies,medium,V,D,B,D,B,B,-5.411830870434642,-5.859776973724365,-0.009574444964528084,-6.959592342376709,-5.42140531539917,9168d39a349335f7d4657daa3158ffe0bed83b53a22dba9eab7dd8414babace8
analogies_39|R2,analogies_39,analogies,medium,R2,D,B,D,D,D,5.907173042651266,-5.914682865142822,-8.550215721130371,-6.944174289703369,-0.007509822491556406,4af20b0e4e594c7c0605f252278a6118b22d91e244a6aae23ea84053cd21336b
analogies_39|R1,analogies_39,analogies,medium,R1,D,B,D,D,D,5.8801670633256435,-5.937560558319092,-8.541586875915527,-7.097987651824951,-0.05739349499344826,d670634759699098ac89fcfca4e45eaf1077b2c1d316d6ce7ab8aa9432c6141d
analogies_39|R0,analogies_39,analogies,medium,R0,D,B,D,D,D,5.366901375353336,-5.431831359863281,-7.879299163818359,-6.693763732910156,-0.06492998450994492,132056e61b07719f622684fa05c2bcab4f269cdabc6dfdb901897f0de810c3f4
analogies_39|R3,analogies_39,analogies,medium,R3,D,B,D,D,D,5.247827270068228,-5.2560553550720215,-7.346908092498779,-6.6222381591796875,-0.00822808500379324,17437b05193b30075ccaf2d438fc67e38b3df19fddeca5560701190d747729c4
basic_math_58|B,basic_math_58,basic_math,hard,B,C,D,,C,C,2.456739455461502,-2.6716325283050537,-5.205977916717529,-0.21489307284355164,-4.272824764251709,a62bdb1a1bf1714e8a762cc4f0bf7f90450dfc457f09c741b5479526705f52ee
basic_math_58|P,basic_math_58,basic_math,hard,P,C,D,C,C,C,3.0272102653980255,-3.3991663455963135,-5.861476898193359,-0.37195608019828796,-5.570818901062012,6bd5db36834aeed20e22b762552d5bbf7e871a74509719f692d618c621b2d2c7
basic_math_58|F,basic_math_58,basic_math,hard,F,C,D,C,C,C,3.722938597202301,-3.849008560180664,-6.916418075561523,-0.12606996297836304,-6.220457077026367,61584ab5cf97206ef6f37c5e8805b251fd9f70a685e68ba38c0ba9b4f9d8d801
basic_math_58|R1,basic_math_58,basic_math,hard,R1,C,D,C,C,C,2.991756446659565,-3.1100189685821533,-6.274217128753662,-0.11826252192258835,-6.148711681365967,2d3d5c8ee2a0beeff2a95e3d9dec1b4eef675aa9d29847d4cd16d7090f602ab9
basic_math_58|R3,basic_math_58,basic_math,hard,R3,C,D,C,C,C,3.1463012769818306,-3.20491623878479,-5.222944259643555,-0.05861496180295944,-4.588045597076416,2a5db0d514e047c28bba72813eeb864a234dab8a4fec0b5da8e2da24dc1089cb
basic_math_58|R0,basic_math_58,basic_math,hard,R0,C,D,C,C,C,2.516607388854027,-2.65107798576355,-5.73198938369751,-0.134470596909523,-5.5724263191223145,4868bb8c2cb1d67c7dae2a36093e8b9d92796d57e4f02185dfe01a225de7e0a2
basic_math_58|V,basic_math_58,basic_math,hard,V,C,D,C,D,D,-3.6691455133259296,-4.802963733673096,-6.3394951820373535,-3.7141404151916504,-0.04499490186572075,305208c7071487a778eda0a8d7dfb66bd3d4f6c7001e6a954a4b629f1598b260
basic_math_58|R2,basic_math_58,basic_math,hard,R2,C,D,C,C,C,3.826536148786545,-3.858125686645508,-7.030208587646484,-0.03158953785896301,-7.071170806884766,b86277285e25b24559287d10f29b553107642040328bfb94cedba3dfabd7afda
word_problems_58|B,word_problems_58,word_problems,hard,B,C,A,,D,D,-0.08077812194824219,-2.4895401000976562,-3.3508036136627197,-0.8687364459037781,-0.7879583239555359,bc584339ab4176134342ef6d46a44e0ae7e88b941d941e004b857b600dd013ac
word_problems_58|V,word_problems_58,word_problems,hard,V,C,A,D,A,A,-4.74167425185442,-0.051450423896312714,-4.909743785858154,-4.793124675750732,-4.759461879730225,3232fcf7361135bdd863f84158453167668ca9d7492013c6c4d65641eef47ab3
word_problems_58|F,word_problems_58,word_problems,hard,F,C,A,D,D,D,-1.4511566758155823,-3.720048666000366,-5.200166702270508,-2.051778793334961,-0.6006221175193787,ecaca64ee6e7f82d1ba5516b13f4488c806ac98693e42aefdea8c8d69b0ddc47
word_problems_58|P,word_problems_58,word_problems,hard,P,C,A,D,D,D,-1.1829910278320312,-3.1517107486724854,-4.778419494628906,-1.7556383609771729,-0.5726473331451416,601d100272a42ff015e69cc5190c01413da10db87b8329d0a78f3acd43595b13
word_problems_58|R1,word_problems_58,word_problems,hard,R1,C,A,D,D,D,-1.328868806362152,-3.130208969116211,-4.494565963745117,-1.6269245147705078,-0.2980557084083557,831613d2397866206981cde0745c2d765f39a86da519db43fab9cfb51ffc3718
word_problems_58|R2,word_problems_58,word_problems,hard,R2,C,A,D,D,D,-0.9001674652099609,-2.4802401065826416,-4.107912540435791,-1.3599227666854858,-0.4597553014755249,9a974808cdc133c875f08ef7f6b20b8be0be88f449e71c310e18159a2a69a6fa
word_problems_58|R0,word_problems_58,word_problems,hard,R0,C,A,D,D,D,-0.6114882826805115,-2.4656331539154053,-3.8340773582458496,-1.1868454217910767,-0.5753571391105652,18fb49d32d20b07aa27ad12c07b357a848120a77d3bb94ab8b6a767a689fa212
word_problems_58|R3,word_problems_58,word_problems,hard,R3,C,A,D,D,D,-1.5710506737232208,-2.7893354892730713,-4.0235443115234375,-1.8458998203277588,-0.27484914660453796,d918a8d5fce7109b63dc25426d480d15e6a9c408059794ab9de25b48e2e47432
basic_math_66|B,basic_math_66,basic_math,hard,B,A,D,,A,A,6.077503123320639,-0.004767498932778835,-6.570216178894043,-6.082270622253418,-7.672369956970215,eff588b13020c98f3373f28ed2dd76d116a6684a2374fe3c06db6004309ae9de
basic_math_66|P,basic_math_66,basic_math,hard,P,A,D,A,A,A,7.1559775192290545,-0.011522499844431877,-8.07371711730957,-7.167500019073486,-8.174888610839844,40d651251efd5b0d2febb5588276cef75cd007c59204f5beef0a95d9f3ab69a3
basic_math_66|R0,basic_math_66,basic_math,hard,R0,A,D,A,A,A,7.261751057347283,-0.0017601235304027796,-8.112907409667969,-7.2635111808776855,-9.17753791809082,9b348f435b40bfd2da47c01bf38d14bb92ca250ca42ee1f8aca6a53fc2e73cc9
basic_math_66|R2,basic_math_66,basic_math,hard,R2,A,D,A,A,A,7.396549523342401,-0.0015823240391910076,-8.298949241638184,-7.398131847381592,-9.079194068908691,509cfc4ba7d2d9b82046d864e8a333d9449924a5004c44fa9aa580d57e709093
basic_math_66|F,basic_math_66,basic_math,hard,F,A,D,A,A,A,7.443529207259417,-0.02736465260386467,-8.376348495483398,-7.470893859863281,-8.742073059082031,aee17533527d5ea8c078bee3318dd8dbe2f00b934677bc35c019a21286c9991b
basic_math_66|R1,basic_math_66,basic_math,hard,R1,A,D,A,A,A,7.163450238178484,-0.0018291502492502332,-8.294897079467773,-7.165279388427734,-9.329986572265625,d4bf112b2afb75467b244b445e0da8e9bf7bdf205c5801ea506d237f7548e5bb
basic_math_66|R3,basic_math_66,basic_math,hard,R3,A,D,A,A,A,5.7655527330935,-0.007377412170171738,-5.989124298095703,-5.772930145263672,-6.905948638916016,7516ad73cc0be6c2aefe2235822e5c99c67f9033fd66f63989db683d0e6eb744
basic_math_66|V,basic_math_66,basic_math,hard,V,A,D,A,D,D,-3.23570254445076,-3.306091070175171,-5.995487213134766,-5.306934356689453,-0.07038852572441101,1874f3c7bedfcbb8b76188198945d27be863cf0f0b8d6f0ba54ae78e0fad428e
scientific_facts_31|B,scientific_facts_31,scientific_facts,medium,B,C,D,,C,C,1.3121412992477417,-1.5873358249664307,-5.307825565338135,-0.27519452571868896,-3.5521414279937744,5c0ff784846d7f3e4f9ad7a63a0d411abe2b8fb7dd52e52bac8bf360f5edbd3e
scientific_facts_31|V,scientific_facts_31,scientific_facts,medium,V,C,D,C,D,D,-3.602884266525507,-5.295287132263184,-5.8106279373168945,-3.6589324474334717,-0.056048180907964706,3f480ad6a692ece13624690cb68e956471af51acce2db93857b5641eead90ee7
scientific_facts_31|P,scientific_facts_31,scientific_facts,medium,P,C,D,C,C,C,2.6525763869285583,-2.79634690284729,-6.505280017852783,-0.1437705159187317,-5.1475701332092285,f9f9f4ff3bb1a67f890aecede88d86f529e73d9354a41f9ea3cbadfd56042a3d
scientific_facts_31|R1,scientific_facts_31,scientific_facts,medium,R1,C,D,C,C,C,2.483205758035183,-2.5785562992095947,-6.34952974319458,-0.09535054117441177,-5.11807107925415,36e399f9a7fdcd236723651c050a9a6c8f4ea2cb53cd1b1009639a95a7ccbc32
scientific_facts_31|R2,scientific_facts_31,scientific_facts,medium,R2,C,D,C,C,C,2.550672695040703,-2.647489547729492,-6.449596405029297,-0.09681685268878937,-5.577535152435303,ce38f79795a5ee4db0839e9d96528bd524c7aaa3c71eebb0e118d91e0629070e
scientific_facts_31|F,scientific_facts_31,scientific_facts,medium,F,C,D,C,C,C,2.9190426021814346,-3.0885708332061768,-6.6721696853637695,-0.16952823102474213,-5.285434246063232,f13fa4373ab6b6153e8c94db6c46115d04b3700afdee939c91bf0b56acfbb869
scientific_facts_31|R0,scientific_facts_31,scientific_facts,medium,R0,C,D,C,C,C,2.0562973767518997,-2.272603988647461,-5.7686309814453125,-0.21630661189556122,-4.996423721313477,e862d00b51c26f833193313a84afbc8e4cbfe7d9f0cd6b648fa272a2a111f87d
scientific_facts_31|R3,scientific_facts_31,scientific_facts,medium,R3,C,D,C,C,C,1.6380710452795029,-1.8702675104141235,-4.206271648406982,-0.23219646513462067,-3.3515546321868896,9b65b8477b9a0a980fd3e1debe47738f34513659401ec18447c8c01ab5d61475
scientific_facts_23|B,scientific_facts_23,scientific_facts,medium,B,D,A,,A,A,-0.289955198764801,-0.589411735534668,-5.839224815368652,-3.7083559036254883,-0.879366934299469,6ea3a1faa6baac5811e498f29f5beb5e6509b90819248fd113eea8283661958c
scientific_facts_23|P,scientific_facts_23,scientific_facts,medium,P,D,A,A,A,A,-1.4974288046360016,-0.2538239657878876,-5.777646541595459,-4.087291240692139,-1.7512527704238892,26272a0691ba501991ddbb318dfe3da22adcd3916008cc92e8e4a7f701654dc8
scientific_facts_23|R2,scientific_facts_23,scientific_facts,medium,R2,D,A,A,A,A,-0.4273109436035156,-0.5426501631736755,-4.817949295043945,-3.615123748779297,-0.9699611067771912,005759e1372c13240d6a800cb0fd1be5c4e72e2c556f8a62f6dd384060786e39
scientific_facts_23|R0,scientific_facts_23,scientific_facts,medium,R0,D,A,A,A,A,-0.2965393662452698,-0.5975583791732788,-4.827001094818115,-3.6665587425231934,-0.8940977454185486,eda1edb8a8a28c3089a6fcfc2e20d2773298e2d45a20ae122140350ca3aee284
scientific_facts_23|F,scientific_facts_23,scientific_facts,medium,F,D,A,A,A,A,-1.487356185913086,-0.3769122362136841,-6.781006813049316,-5.315033912658691,-1.86426842212677,7ca8269ea9d103c5d08a18feda39ece5d1406a4b5ff84c64fe8527d13ba74392
scientific_facts_23|V,scientific_facts_23,scientific_facts,medium,V,D,A,A,A,A,-6.069331869482994,-0.06502081453800201,-6.25229549407959,-5.626961708068848,-6.134352684020996,44701a1ce3d53e5d84820ab0d9c80a846cdc2775d5588d8c0d90ced6b7060101
scientific_facts_23|R3,scientific_facts_23,scientific_facts,medium,R3,D,A,A,A,A,-1.243766725063324,-0.2946884036064148,-4.416134834289551,-3.679734468460083,-1.5384551286697388,db1b14f0493cf03209142e5605d66c7bad3e2ebfee492ba08da0acd2b0edc9f4
scientific_facts_23|R1,scientific_facts_23,scientific_facts,medium,R1,D,A,A,A,A,-0.4854736328125,-0.5028771758079529,-5.554375648498535,-4.049901008605957,-0.9883508086204529,64649c7a9e29228c9cd4767a38917d725041f734719de121e1a54ef689cd0d75
reading_comprehension_23|B,reading_comprehension_23,reading_comprehension,medium,B,A,D,,A,A,4.994134780019522,-0.04307139292359352,-7.03524923324585,-6.930074214935303,-5.037206172943115,0fb2dc0b76b90bf57c4cca0aa7970a439c96d8af227a301d9da64506cd7dfd8a
reading_comprehension_23|F,reading_comprehension_23,reading_comprehension,medium,F,A,D,A,A,A,6.232795693911612,-0.006432554684579372,-6.76503849029541,-6.612778663635254,-6.239228248596191,35a2f159c3fad2eb1ec7e84d82b426a1c0d79cc00d29726e4d5be9309a84394b
reading_comprehension_23|R3,reading_comprehension_23,reading_comprehension,medium,R3,A,D,A,A,A,4.37610618583858,-0.023861007764935493,-5.059305191040039,-5.556623458862305,-4.399967193603516,45795a21207a66f7d257557da392e7708a7e2ab4635b349e154545369a697c00
reading_comprehension_23|R1,reading_comprehension_23,reading_comprehension,medium,R1,A,D,A,A,A,7.738504391163588,-0.009660262614488602,-7.9042067527771,-7.776025295257568,-7.748164653778076,bb700962d1575c9358247225e4a8709938ca897e1dea92ee6b0abafdd05adaeb
reading_comprehension_23|R0,reading_comprehension_23,reading_comprehension,medium,R0,A,D,A,A,A,7.102899447083473,-0.016783341765403748,-7.4347405433654785,-7.3261284828186035,-7.119682788848877,b78429fdc311964605da6a23b4d18709defbcebf5515fdadf004c29900b852b0
reading_comprehension_23|P,reading_comprehension_23,reading_comprehension,medium,P,A,D,A,A,A,6.851755237672478,-0.007756614591926336,-7.403895854949951,-7.32460355758667,-6.859511852264404,5e183c0201e6b6217a1d817e9180181a8ea9329dc9b819cd9ced5c8ad8d338f7
reading_comprehension_23|V,reading_comprehension_23,reading_comprehension,medium,V,A,D,A,D,D,-3.268423117697239,-3.3232052326202393,-4.8560686111450195,-4.961602210998535,-0.054782114923000336,c6086b09aa7243f165ac87b6b2d8a5bdd3369576d325e0f65c031ff954bc3753
reading_comprehension_23|R2,reading_comprehension_23,reading_comprehension,medium,R2,A,D,A,A,A,6.808416326763108,-0.002434293506667018,-7.676083087921143,-7.535084247589111,-6.810850620269775,ea985dbc4d6baefdb376518288f115a81768d183f11c12adb37741fcc31c3217
word_problems_27|B,word_problems_27,word_problems,medium,B,D,B,,D,D,1.7999286353588104,-2.0551223754882812,-4.2395782470703125,-3.0377731323242188,-0.2551937401294708,d6d14e580363a83acc6914aa6b17fe3770cd0f03e0348e77544f22d1a2421b60
word_problems_27|R2,word_problems_27,word_problems,medium,R2,D,B,D,D,D,3.665273644030094,-3.7310056686401367,-6.32620906829834,-4.539496421813965,-0.06573202461004257,6c77e14a4a33b71514664ceea60d0e7d6eec7f7e27246aa68a54fadd1bcf211e
word_problems_27|R1,word_problems_27,word_problems,medium,R1,D,B,D,D,D,4.23894901573658,-4.3911356925964355,-6.944525718688965,-4.8888444900512695,-0.15218667685985565,b18aea81c1bc61435d167a5ac47dfadff2e2aff04f0d78edb8fc1fda81f31557
word_problems_27|P,word_problems_27,word_problems,medium,P,D,B,D,D,D,4.166227221488953,-4.669254302978516,-7.378324508666992,-5.555839538574219,-0.503027081489563,cd1b08aef874e8125d5ac02b790a6ffe017a59f73c69661974e7390c9ba87159
word_problems_27|R0,word_problems_27,word_problems,medium,R0,D,B,D,D,D,2.966455399990082,-3.509162425994873,-6.166444301605225,-3.962378978729248,-0.5427070260047913,94ec1bc9bd95ed902285806f7e3b9a6ce861b2046eec8efe03e21fad62b9eebb
word_problems_27|F,word_problems_27,word_problems,medium,F,D,B,D,D,D,4.393625229597092,-4.747177600860596,-7.298689365386963,-5.655786991119385,-0.35355237126350403,ec14e4c6798d059c1fd48b2702837f6c85dd10cf4243088b407b7af147c08aa3
word_problems_27|V,word_problems_27,word_problems,medium,V,D,B,D,B,B,-5.000566283240914,-4.585996150970459,-0.026128491386771202,-5.567306041717529,-5.0266947746276855,aa0487fcbd0fac2f3ee99ad1a4babc656bcb950e3354c9fcde687270a4295d01
word_problems_27|R3,word_problems_27,word_problems,medium,R3,D,B,D,D,D,3.3153514713048935,-3.3797836303710938,-5.200901031494141,-3.926271438598633,-0.06443215906620026,1d866879917f505458bc55f2243817bf59f3da18ca668f3991d0ab5c3ade3884
basic_math_1|B,basic_math_1,basic_math,easy,B,B,A,,B,B,4.673111071810126,-4.688239097595215,-0.015128025785088539,-6.0806989669799805,-7.135556221008301,9597d951254a622fdd70d85e8b5dd1e2b9d4d21c3c0a1c935b1e11a85a6d8e4e
basic_math_1|R0,basic_math_1,basic_math,easy,R0,B,A,B,B,B,5.851705553010106,-5.8589067459106445,-0.0072011929005384445,-7.510037422180176,-8.920578956604004,fcd41d9d475fe2e0e31cb419009aadbb995a38c52bdf7bca4a8e1d1abc16fd75
basic_math_1|R3,basic_math_1,basic_math,easy,R3,B,A,B,B,B,4.127586456015706,-4.150076866149902,-0.02249041013419628,-5.735569953918457,-6.465653419494629,aeafc64d2525b68d8ac8090f2164fabe24969b66c06fce6c48a75c4ac436997c
basic_math_1|P,basic_math_1,basic_math,easy,P,B,A,B,B,B,4.924490064382553,-4.990928649902344,-0.06643858551979065,-6.559108734130859,-7.688145637512207,4b3ac45df5461ef99f07d618521058e4763a0e5cf5319250561c80783d7ffeae
basic_math_1|V,basic_math_1,basic_math,easy,V,B,A,B,A,A,-3.635559130460024,-0.035776566714048386,-3.6713356971740723,-6.348831653594971,-8.72579574584961,fb01b06b5e1aa39718e72da4d2f736cc68d24cbaf5c0bfe807c69eb96c338c1e
basic_math_1|F,basic_math_1,basic_math,easy,F,B,A,B,B,B,5.223770163953304,-5.26338529586792,-0.03961513191461563,-6.960151195526123,-8.110916137695312,930bbff6c84659cbeabc065989e1b193dc5b2efae6f54ec702d18a8ba62642c4
basic_math_1|R1,basic_math_1,basic_math,easy,R1,B,A,B,B,B,5.468673624098301,-5.476643085479736,-0.007969461381435394,-7.371971607208252,-9.177888870239258,02283ff122cef6abb1e9c9cf157e6ecf52958aff0357f3f3de9333540622b720
basic_math_1|R2,basic_math_1,basic_math,easy,R2,B,A,B,B,B,4.997268479317427,-5.009299278259277,-0.012030798941850662,-6.742476463317871,-8.572535514831543,dc2704af2d45af14079cdede072c74d13ca2ddf020ec34c319faa7fb1218d2c4
basic_math_46|B,basic_math_46,basic_math,hard,B,B,A,,B,B,4.642686741426587,-4.658771514892578,-0.01608477346599102,-5.784643173217773,-7.334081649780273,50080f76de997c213f70c08394c17474bf4fbf26704a17e58edbf9f3db080a85
basic_math_46|R2,basic_math_46,basic_math,hard,R2,B,A,B,B,B,5.076332093216479,-5.087668418884277,-0.01133632566779852,-6.617642402648926,-8.579987525939941,ef59755de6bf0b56f007a91aeb4a5280f5c3bfec64d734b040f68a6f76f563db
basic_math_46|R3,basic_math_46,basic_math,hard,R3,B,A,B,B,B,4.271694405004382,-4.292468547821045,-0.02077414281666279,-5.680032253265381,-6.58235502243042,e5dc2d89a3c3cb0b5128afaf7bbc294007d1648623b88aab2c12f31c6e5ef206
basic_math_46|R0,basic_math_46,basic_math,hard,R0,B,A,B,B,B,5.8404084839858115,-5.846718788146973,-0.006310304161161184,-7.391585350036621,-9.052988052368164,b3cb437aa3a70c4b1822d91145a5d315cceb46aad8830236fe3308d2ccb90130
basic_math_46|F,basic_math_46,basic_math,hard,F,B,A,B,B,B,5.360675752162933,-5.3998703956604,-0.03919464349746704,-7.1842122077941895,-8.572675704956055,823b77c1e4767ec916c7789e2a5452d027ffd5683c94dc0aaad8b0d3f8f4e44a
basic_math_46|P,basic_math_46,basic_math,hard,P,B,A,B,B,B,5.186037182807922,-5.219762802124023,-0.033725619316101074,-6.788330078125,-8.069252014160156,78d7a77ef871e1a1dcdd37c98500ce2ab07e1228c8ef18730d0232a38cd9a95e
basic_math_46|V,basic_math_46,basic_math,hard,V,B,A,B,A,A,-3.7666568271815777,-0.03744392469525337,-3.804100751876831,-6.584044456481934,-8.824609756469727,3d63873838e083739ac5ae67dfa4d39d0b9015e326ff08aba98577d5b97ac76c
basic_math_46|R1,basic_math_46,basic_math,hard,R1,B,A,B,B,B,5.570833142846823,-5.579962730407715,-0.009129587560892105,-7.431351661682129,-9.336613655090332,a27499f57a4def51bc533e47fd194c28685b5cb68345c52f174e67e8ac145401
basic_math_55|B,basic_math_55,basic_math,hard,B,B,C,,A,A,-1.3347625136375427,-0.4000958800315857,-1.7348583936691284,-3.8035459518432617,-2.0928354263305664,51ea16892f4ada0a0caf3bc9073f3ed4e9f3aeecbd7bea1a11323649818ba6c7
basic_math_55|P,basic_math_55,basic_math,hard,P,B,C,A,A,A,-4.546722631901503,-0.05841614678502083,-4.605138778686523,-5.344614028930664,-3.792375326156616,71991ac172f02b43a2c11531fe4d8c81a8c73aed984464dc5bb8bd1749569d49
basic_math_55|R1,basic_math_55,basic_math,hard,R1,B,C,A,A,A,-4.142017390578985,-0.04846808686852455,-4.19048547744751,-5.359835147857666,-3.8418679237365723,950472bff238687ae23f06f8c4fcd83caf08032742c9b6669738217e30883086
basic_math_55|R2,basic_math_55,basic_math,hard,R2,B,C,A,A,A,-3.9653033688664436,-0.042158178985118866,-4.0074615478515625,-4.739545822143555,-4.413171768188477,0f6601a6a1274691df91499431c5fca6dba7593804b57c1348e618bbf34abfac
basic_math_55|V,basic_math_55,basic_math,hard,V,B,C,A,C,C,-4.0629444271326065,-2.7579264640808105,-4.1708292961120605,-0.10788486897945404,-4.536424160003662,2aab34733c5c0782c78a95337d3a07a953fe1fd3f6b77e4a5d7c8fe9d5f2cae9
basic_math_55|R3,basic_math_55,basic_math,hard,R3,B,C,A,A,A,-2.796081632375717,-0.09271445870399475,-2.888796091079712,-4.815095901489258,-3.7635576725006104,e3ea72e787daf7bfdd18fd32675478966ee640f09eb6324cbe0635634583bbe6
basic_math_55|R0,basic_math_55,basic_math,hard,R0,B,C,A,A,A,-3.6059035286307335,-0.07024464756250381,-3.6761481761932373,-4.964245796203613,-3.463191032409668,1d608e779845f786f179d21ca74138fc86588956fe9b7322a6d338891386a437
basic_math_55|F,basic_math_55,basic_math,hard,F,B,C,A,A,A,-4.732338164001703,-0.05783679708838463,-4.790174961090088,-6.491142749786377,-4.449537754058838,6b1c7b801e83bb54914857b96df86e224ac8f8947a2ac6fc972efd5da5620807
analogies_53|B,analogies_53,analogies,hard,B,B,A,,B,B,3.9366227239370346,-4.0720720291137695,-0.13544930517673492,-4.731993675231934,-5.146101951599121,dbeec444f52f7593a7d91e96f2cef2575e0ace36bd05f8af4739d8f6cb4746a3
analogies_53|F,analogies_53,analogies,hard,F,B,A,B,B,B,5.197529122233391,-5.222419738769531,-0.024890616536140442,-6.028980255126953,-6.991685390472412,7b0dd7a401e9bf8d2109f2309b378a77a298ecef90972b95e3961b4ce23751e0
analogies_53|R0,analogies_53,analogies,hard,R0,B,A,B,B,B,4.869704980403185,-4.918682098388672,-0.048977117985486984,-5.5036702156066895,-7.25288200378418,e32042bee791dd5291c04cb13ed27ac11ddf188eb3f56b9dd92052a3c6fba4ff
analogies_53|R2,analogies_53,analogies,hard,R2,B,A,B,B,B,4.947418330237269,-4.962454319000244,-0.015035988762974739,-5.57426118850708,-6.841101169586182,6eda95aad12c297185250c4b06337d695c520fb54ac29615159682aecd3c3bda
analogies_53|P,analogies_53,analogies,hard,P,B,A,B,B,B,4.534620475023985,-4.576955795288086,-0.04233532026410103,-5.369482040405273,-6.199464797973633,429339392bce1902d750487d1c5d8e37cb2e7ba71461617c839f4fb548549aab
analogies_53|R1,analogies_53,analogies,hard,R1,B,A,B,B,B,5.346776843070984,-5.4098381996154785,-0.06306135654449463,-5.841465473175049,-7.691256999969482,272596a947315eced057d3ad61a02ae6f62a220c124cc6ecd066736a83919775
analogies_53|R3,analogies_53,analogies,hard,R3,B,A,B,B,B,4.222440786659718,-4.248233318328857,-0.025792531669139862,-4.9543375968933105,-5.6982645988464355,290204b37e4f55060ee2f208f37d60bc6231867caaac64e095c254c21e77dc40
analogies_53|V,analogies_53,analogies,hard,V,B,A,B,A,A,-5.1299267672002316,-0.016281042248010635,-5.146207809448242,-6.467092514038086,-9.229456901550293,84adfa84acd644e698916994ede6347afd1827904bfaee236b9091b4aedf4f54
word_problems_5|B,word_problems_5,word_problems,easy,B,D,A,,D,D,1.106712281703949,-1.8731844425201416,-4.043812274932861,-4.265835285186768,-0.7664721608161926,4ab2566d0f87e9f38890da9b2df492e7ee22e0fa5addcf160b83572315c01de0
word_problems_5|R0,word_problems_5,word_problems,easy,R0,D,A,D,D,D,2.8033294826745987,-3.000800848007202,-5.842517375946045,-5.004499435424805,-0.19747136533260345,41365ef6a2ea5f9dd93f26af81155816576388e6e7b2e9b2546aeec35e2192e1
word_problems_5|R3,word_problems_5,word_problems,easy,R3,D,A,D,D,D,2.3913842365145683,-2.502293109893799,-4.410433292388916,-4.756041049957275,-0.1109088733792305,e86c1445eddf29ff0ed38e1f200cc015e83c97fd173c9620817b7736570ed1ab
word_problems_5|F,word_problems_5,word_problems,easy,F,D,A,D,D,D,3.542343184351921,-3.703368663787842,-6.162597179412842,-5.768016338348389,-0.16102547943592072,49082163826be983f7b799ea4fda3e02e65e425b1d3fdeb994011efef3db86cc
word_problems_5|R2,word_problems_5,word_problems,easy,R2,D,A,D,D,D,2.558855041861534,-2.667463541030884,-5.910663604736328,-5.510349750518799,-0.10860849916934967,4e6e32945d838604565832e72d4a51621f99bbfcf7980f8c368991f328e1fe12
word_problems_5|R1,word_problems_5,word_problems,easy,R1,D,A,D,D,D,3.0040530040860176,-3.105644702911377,-6.192203998565674,-5.384781360626221,-0.10159169882535934,dbd628276a7d760b58751d7db27b46aaf8cc3fa03a5c667bf5318640051584d6
word_problems_5|P,word_problems_5,word_problems,easy,P,D,A,D,D,D,3.1169167160987854,-3.303813934326172,-5.93275260925293,-5.443340301513672,-0.18689721822738647,9da1788ca6695b12efd47e8aa475efb1a9ff75f76a20c7f410524d3afd77a775
word_problems_5|V,word_problems_5,word_problems,easy,V,D,A,D,A,A,-5.2256299667060375,-0.017803985625505447,-5.879698753356934,-6.5196428298950195,-5.243433952331543,3a3cb4719c1fac5e8804b751f6696f223d56aa27b6de37ac8d9463221f1802ed
scientific_facts_18|B,scientific_facts_18,scientific_facts,medium,B,C,A,,C,C,3.1779364570975304,-6.302393436431885,-8.758602142333984,-0.04364810138940811,-3.2215845584869385,4fac52eb168d0fb0472987b55186017a69240a6432164a393bd47fd690fdfe4d
scientific_facts_18|R2,scientific_facts_18,scientific_facts,medium,R2,C,A,C,C,C,5.2696340680122375,-5.589987754821777,-7.980348110198975,-0.025677859783172607,-5.29531192779541,61968332bcf1ec2f761db87a8bc53888d7813ca7aff4edb560713ea1950eb1ea
scientific_facts_18|V,scientific_facts_18,scientific_facts,medium,V,C,A,C,A,A,-1.774925336241722,-0.23931945860385895,-5.824238300323486,-2.014244794845581,-6.706474781036377,01b2abbae77361721559a41d572d05992e995a88305ef60dfe7c2c67c6a0d6fd
scientific_facts_18|R1,scientific_facts_18,scientific_facts,medium,R1,C,A,C,C,C,6.112020270898938,-6.369021415710449,-9.02803897857666,-0.024203522130846977,-6.136223793029785,f22f40f90df128be7b654dd4c7425400f90d557b5e0c758979c42b1bd3770680
scientific_facts_18|R0,scientific_facts_18,scientific_facts,medium,R0,C,A,C,C,C,5.864994078874588,-6.788008689880371,-9.084068298339844,-0.1163778007030487,-5.981371879577637,3792b58c7db4aa4566673f0288f9b7e99cd71bef6b0e67ff9c8a23503307d6d3
scientific_facts_18|P,scientific_facts_18,scientific_facts,medium,P,C,A,C,C,C,4.864984631538391,-7.096433639526367,-9.311046600341797,-0.4598482847213745,-5.324832916259766,5eb39ed858d2d15d4bdf0b69019f7754578a9c93e7b9827c153987e9c60c7202
scientific_facts_18|R3,scientific_facts_18,scientific_facts,medium,R3,C,A,C,C,C,2.8861237540841103,-4.350955486297607,-6.286769390106201,-0.07637157291173935,-2.9624953269958496,d0958d71c35d79fa9dcf428f4840b6cc03d574e940941467c9045920c20c265c
scientific_facts_18|F,scientific_facts_18,scientific_facts,medium,F,C,A,C,C,C,5.465814799070358,-7.12911319732666,-9.431511878967285,-0.2879073917865753,-5.753722190856934,d0865832e71c5096debcfd8f3a627eb1dda734423dfc8d5eaf729c577d37c17d
scientific_facts_1|B,scientific_facts_1,scientific_facts,easy,B,A,C,,C,C,-0.6290797293186188,-1.1083523035049438,-4.105096817016602,-0.4792725741863251,-3.4203813076019287,29b8b6a95a1f20655aaed1fb6b2415847e5a7619aec317dfb8574148f277f448
scientific_facts_1|P,scientific_facts_1,scientific_facts,easy,P,A,C,C,C,C,-2.162898927927017,-2.4520750045776367,-5.611264228820801,-0.2891760766506195,-5.546961784362793,84bd4d2cdd1b740e2b43cac659a5fee465ccac40a8f19321a94ca07aa1a3989f
scientific_facts_1|R1,scientific_facts_1,scientific_facts,easy,R1,A,C,C,C,C,-1.9369697868824005,-2.089704751968384,-5.113104343414307,-0.15273496508598328,-5.156774520874023,5024bc29374e5041ff957325fe6a97149d3f356aa9ea9d012579dc3b73e5176f
scientific_facts_1|R2,scientific_facts_1,scientific_facts,easy,R2,A,C,C,C,C,-2.1310978829860687,-2.2627768516540527,-5.529115200042725,-0.131678968667984,-5.629199504852295,0375b93709418199deda656c1020663f212167929024cca90ee8fc32a26459a7
scientific_facts_1|R3,scientific_facts_1,scientific_facts,easy,R3,A,C,C,C,C,-1.5087051093578339,-1.7642810344696045,-3.5787951946258545,-0.25557592511177063,-3.7346465587615967,58e242499e8f030894c832e8f4392e78ca169ba8763d52b98ff493ccdfdc1d36
scientific_facts_1|V,scientific_facts_1,scientific_facts,easy,V,A,C,C,C,C,-4.186931382864714,-4.240322589874268,-6.442036151885986,-0.05339120700955391,-6.682995319366455,3b2837324bb4cd85e6c1a81f9cb587cc0347f222e8270c40124f02f6f3908b66
scientific_facts_1|R0,scientific_facts_1,scientific_facts,easy,R0,A,C,C,C,C,-1.7378826439380646,-1.9501811265945435,-4.856707572937012,-0.21229848265647888,-5.21396541595459,0ae5c34d626821ab468b8ca1d25be258eec83fe3f3ad2a0f9aa39fa082bb3cbf
scientific_facts_1|F,scientific_facts_1,scientific_facts,easy,F,A,C,C,C,C,-2.6220453828573227,-2.80096435546875,-5.565526962280273,-0.1789189726114273,-5.510524749755859,86defe83fea46550d61b5a4757423e54d237ae10b3e636023f764787e4a224a9
word_problems_60|B,word_problems_60,word_problems,hard,B,C,B,,C,C,0.7589263916015625,-2.509763717651367,-2.0235424041748047,-0.8458806276321411,-1.6048070192337036,0f09ff4e25458922cffcfac496d8a3b3a0fd995749a1fe5597f8a8ea4ec80e04
word_problems_60|R0,word_problems_60,word_problems,hard,R0,C,B,C,C,C,1.7372168898582458,-2.4177184104919434,-2.2865195274353027,-0.5493026375770569,-2.3925492763519287,0b290a0d46ec93da6387b7efb977b7b135206709f15a8fd6c57202feee658cc1
word_problems_60|P,word_problems_60,word_problems,hard,P,C,B,C,C,C,2.4223212003707886,-2.932103157043457,-3.9049484729766846,-0.5097819566726685,-3.3064205646514893,e3a61d3beb4be745b5f593f27325eeb51b4e55eae28a410123f9db967e601f40
word_problems_60|F,word_problems_60,word_problems,hard,F,C,B,C,C,C,3.0522193908691406,-3.7030627727508545,-4.521856784820557,-0.6508433818817139,-3.729384183883667,48c34646039fd2f121d38204eee5d81a169446ae1afcc7e5d5cbbd1371fe4ee0
word_problems_60|R3,word_problems_60,word_problems,hard,R3,C,B,C,C,C,1.9904460608959198,-2.803666591644287,-2.481564998626709,-0.2862296402454376,-2.2766757011413574,62728ae090569686e1d2d737dc67bf91d78fbf9642b33f4275b0681f47031bb1
word_problems_60|R1,word_problems_60,word_problems,hard,R1,C,B,C,C,C,2.386867582798004,-2.6481425762176514,-2.95312762260437,-0.2612749934196472,-2.909954786300659,e841f9e50ce906f73852edebc26ba4bcc0d77f85a62738ce03930f703029363f
word_problems_60|V,word_problems_60,word_problems,hard,V,C,B,C,B,B,-4.648799788206816,-4.935805797576904,-0.03497849777340889,-4.683778285980225,-7.0893874168396,97f619ed4418abc8c29b58dfb800385883ed11dc87d41478b3d00b624a3cf7ec
word_problems_60|R2,word_problems_60,word_problems,hard,R2,C,B,C,C,C,2.792718932032585,-2.966752529144287,-3.436093807220459,-0.17403359711170197,-3.1724066734313965,374d5978b2fed4c00df078256a8d756e7b9779fbf67887f2a550aa54625b541c
word_problems_20|B,word_problems_20,word_problems,medium,B,B,C,,B,B,3.8338488936424255,-5.1996283531188965,-0.3180251717567444,-4.15187406539917,-4.542209148406982,8539aef6667572b394095447eeafd475c10bf029bf75ffd726222fc166c00c5c
word_problems_20|P,word_problems_20,word_problems,medium,P,B,C,B,B,B,5.462850391864777,-5.751953601837158,-0.2626954913139343,-5.725545883178711,-7.228510856628418,5fffbcb4d442bda9c86a288fbda94b8c426e8f39a6e3e539f19e7660fe693661
word_problems_20|R3,word_problems_20,word_problems,medium,R3,B,C,B,B,B,4.699640454724431,-4.72032356262207,-0.020683107897639275,-4.827939987182617,-6.137506484985352,4984493f8173bb07b3df7a57f0989b59de28e73e11dd26a464f607e465e3e56c
word_problems_20|R1,word_problems_20,word_problems,medium,R1,B,C,B,B,B,5.931190602481365,-5.999299049377441,-0.0681084468960762,-6.150984764099121,-8.115067481994629,8d94df3ae65ee381938a2b8b9d48aef4f52a1352ecba8b5e991010705709daf3
word_problems_20|F,word_problems_20,word_problems,medium,F,B,C,B,B,B,5.6841409876942635,-5.791974067687988,-0.10783307999372482,-6.0983171463012695,-7.695969581604004,f402939c949a230999a5faee9a108e6cc6852484e88d23380184264d1407dff1
word_problems_20|R0,word_problems_20,word_problems,medium,R0,B,C,B,B,B,5.676359139382839,-6.148946285247803,-0.03932718187570572,-5.715686321258545,-7.656510829925537,11d19d885af815eb3a85e597851435c9ee1ea6bc695a6b8b4666fd7fc87e06a6
word_problems_20|R2,word_problems_20,word_problems,medium,R2,B,C,B,B,B,5.498321659862995,-5.521742820739746,-0.023421160876750946,-5.996447563171387,-7.919747352600098,f4db43a96457fbcf4ac3b5ee15676380ce553fc5e7485c779f4aa7f640abd28f
word_problems_20|V,word_problems_20,word_problems,medium,V,B,C,B,C,C,-3.7229462042450905,-5.5543670654296875,-3.760112762451172,-0.03716655820608139,-8.219926834106445,7580a63943c79f064d82612b10de97fb4314da5f522df9a91ae1ceb0205d16db
basic_math_33|B,basic_math_33,basic_math,medium,B,D,B,,C,C,-1.0694084167480469,-1.271232008934021,-3.9717133045196533,-0.8049348592758179,-1.8743432760238647,ec0c8cc71baedca30e3fdce72f911732017d79a2cee2ae0d62db3ba1e43afabe
basic_math_33|F,basic_math_33,basic_math,medium,F,D,B,C,C,C,-2.3150596022605896,-2.969278573989868,-5.562889575958252,-0.5650904774665833,-2.880150079727173,4ecbafe0f6bbb6980d33812dd4dc6d057f5c86040639269b1f66d23748f53b5c
basic_math_33|R3,basic_math_33,basic_math,medium,R3,D,B,C,C,C,-2.0755921602249146,-2.47298526763916,-4.076725959777832,-0.22752273082733154,-2.303114891052246,f3f2313bebfba09453df93e86fabe6f827a30118c8614e71bbfabf350605f6a0
basic_math_33|R1,basic_math_33,basic_math,medium,R1,D,B,C,C,C,-2.6076181828975677,-2.0450263023376465,-3.6814684867858887,-0.2750219404697418,-2.8826401233673096,686b61e1bf1dd718adf24103ad0210a2bfd0f47f844a827fc05704dd4e47eccc
basic_math_33|P,basic_math_33,basic_math,medium,P,D,B,C,C,C,-2.4994277358055115,-2.3276052474975586,-4.38547420501709,-0.45640283823013306,-2.9558305740356445,ee4be0939948ace4b3dc759d8241846ba77d38d9f74108ebd4f7ace0406efde5
basic_math_33|R2,basic_math_33,basic_math,medium,R2,D,B,C,C,C,-3.592428185045719,-2.8950235843658447,-4.801407337188721,-0.1080954298377037,-3.700523614883423,f0a8f7fbd6cfbe7213029b3c2810979b5cea419d3c171305630f598448c3396d
basic_math_33|R0,basic_math_33,basic_math,medium,R0,D,B,C,C,C,-2.3909891843795776,-1.8699616193771362,-3.4547622203826904,-0.33581244945526123,-2.726801633834839,dc8539db3c5c470e452e2526ab5c0d9f3f319fabb03b4a7cf93c1f3b005e0a98
basic_math_33|V,basic_math_33,basic_math,medium,V,D,B,C,B,B,-7.428384670987725,-4.813339710235596,-0.022085776552557945,-4.968677997589111,-7.450470447540283,96ed084226c3fcf2060cc63b1ac0f51eae8d426d3a62b841311cd28664c9ddf9
word_problems_17|B,word_problems_17,word_problems,medium,B,C,A,,C,C,5.6432763347402215,-5.658530235290527,-7.895807266235352,-0.015253900550305843,-8.226807594299316,4a201ff6c9485feb05496ad260042a563d6618a3d9784f401380bb6499e41fa4
word_problems_17|R1,word_problems_17,word_problems,medium,R1,C,A,C,C,C,6.482042061164975,-6.507640361785889,-9.199712753295898,-0.025598300620913506,-9.231173515319824,e1fb1c638fca64a9e19ff9fa680de9f94e7cbf2e7ab0c9227535b92a2061f4eb
word_problems_17|R2,word_problems_17,word_problems,medium,R2,C,A,C,C,C,6.059877382591367,-6.066652774810791,-8.311555862426758,-0.006775392219424248,-8.748598098754883,ee34dd2be2f82c58a77187f2b0db8253b555951b0046742af4639e330a421551
word_problems_17|R3,word_problems_17,word_problems,medium,R3,C,A,C,C,C,5.05397808086127,-5.063605785369873,-6.54524564743042,-0.00962770450860262,-6.818065166473389,0a15a1e9ba087a7d714beb208d92eced8f10d4fcb9fca5ec19beb128afae2ef2
word_problems_17|R0,word_problems_17,word_problems,medium,R0,C,A,C,C,C,5.775964669883251,-5.810978412628174,-8.383360862731934,-0.03501374274492264,-8.851033210754395,01b0248cbc7741b7533fac4b6841fcab3bd68196089967677b4b6eea6f7ea5a7
word_problems_17|F,word_problems_17,word_problems,medium,F,C,A,C,C,C,5.979046024382114,-6.061086177825928,-8.204021453857422,-0.08204015344381332,-8.399696350097656,eec2e9efd8df1afed0e78cd9750b644dcfef1542fced370e1667ff73efa3d5e5
word_problems_17|V,word_problems_17,word_problems,medium,V,C,A,C,A,A,-3.859012547880411,-0.030391033738851547,-6.14267110824585,-3.8894035816192627,-9.070882797241211,d7600cce78e5cac544f15303bf2e2c10a6634339b41fb6bec5fde7e5c7179e62
word_problems_17|P,word_problems_17,word_problems,medium,P,C,A,C,C,C,6.1505983248353004,-6.248284816741943,-8.307945251464844,-0.09768649190664291,-8.488813400268555,063b65bf0778caaba1c69685f52effb95e1eedc5704f564419df776602d17a8d
logical_reasoning_48|B,logical_reasoning_48,logical_reasoning,hard,B,B,A,,B,B,5.318195339292288,-5.337682723999023,-0.01948738470673561,-6.718080520629883,-7.405698776245117,e959361beeb0fa442c34d34f2ebd19e51583a315bc8aded53af85f7deb7fc975
logical_reasoning_48|R2,logical_reasoning_48,logical_reasoning,hard,R2,B,A,B,B,B,5.205568485893309,-5.2164082527160645,-0.010839766822755337,-6.52128267288208,-8.862841606140137,a389c25f0666b73dcfe880454fc5e824a10fb64aa240aa5f504ac9b9d19b7b02
logical_reasoning_48|R3,logical_reasoning_48,logical_reasoning,hard,R3,B,A,B,B,B,4.050430102273822,-4.07222318649292,-0.02179308421909809,-5.931914806365967,-6.927577495574951,8c62d4f33fd32a1ff9516c0d1883c172f9f431b454d588ac0279c29cd74a4595
logical_reasoning_48|P,logical_reasoning_48,logical_reasoning,hard,P,B,A,B,B,B,5.370725721120834,-5.476945400238037,-0.10621967911720276,-6.718678951263428,-8.05244255065918,dc4292d0ba340bffb6601cca152970160d38bd9116bf35f474a5d248ff1e0b11
logical_reasoning_48|R0,logical_reasoning_48,logical_reasoning,hard,R0,B,A,B,B,B,4.779527837410569,-4.809103965759277,-0.029576128348708153,-6.327225685119629,-8.33383560180664,2c5f36b039c27493992a23d06fa7fc9e5725fa0aedfc1dbfb811c81651e3cbab
logical_reasoning_48|R1,logical_reasoning_48,logical_reasoning,hard,R1,B,A,B,B,B,5.2345142075791955,-5.24680233001709,-0.012288122437894344,-7.008645057678223,-9.115647315979004,de375dc683638a00c3a372b16af0abcebb6f851e4e93d8fd2b77a4427c8ea77e
logical_reasoning_48|F,logical_reasoning_48,logical_reasoning,hard,F,B,A,B,B,B,5.598066218197346,-5.619719505310059,-0.02165328711271286,-6.959258079528809,-8.31624698638916,a0ef6490df992eb8ab36edbbd61f9921d6b18f1f6c483a8992d259145f4f4a36
logical_reasoning_48|V,logical_reasoning_48,logical_reasoning,hard,V,B,A,B,A,A,-3.3219070360064507,-0.0401616171002388,-3.3620686531066895,-6.2177510261535645,-8.745841026306152,1af033cab62f30287aee123e091c95871604937aea87089429b1add0e463aa97
word_problems_3|B,word_problems_3,word_problems,easy,B,A,D,,B,B,-0.3321572542190552,-1.3578804731369019,-1.0257232189178467,-2.2318294048309326,-1.299574613571167,db3a4f066474beb892007127edaf4011636648962868d4fae41dd64b60e181b5
word_problems_3|F,word_problems_3,word_problems,easy,F,A,D,B,B,B,-2.5545617043972015,-2.8102803230285645,-0.2557186186313629,-5.070187091827393,-4.514551639556885,b661b965b907a04befcb93e7bf782c4de5c93bf4bbb4a7c9dd89d6d474c17ea3
word_problems_3|R1,word_problems_3,word_problems,easy,R1,A,D,B,B,B,-2.0095749497413635,-2.17325758934021,-0.16368263959884644,-4.025231838226318,-4.0805182456970215,39b379c590fcb217ab33cf108127054c1062bd381f529168c31623feba84530e
word_problems_3|R2,word_problems_3,word_problems,easy,R2,A,D,B,B,B,-1.603429764509201,-1.8448326587677002,-0.24140289425849915,-3.7261135578155518,-3.5174953937530518,67b0cfe2430e6e168c3f945fe6d587726f3065f422c1f6338755e55fbe7839fe
word_problems_3|R3,word_problems_3,word_problems,easy,R3,A,D,B,B,B,-1.8404502868652344,-2.047811508178711,-0.20736122131347656,-3.820484161376953,-3.3900814056396484,5bf57f29b9af705d2d54a1bc4fc0bec7aa5e7ca874037781f857e6bb7c753660
word_problems_3|R0,word_problems_3,word_problems,easy,R0,A,D,B,B,B,-1.344306856393814,-1.6539760828018188,-0.30966922640800476,-3.260547399520874,-3.416694402694702,e719e78be242c57b5c7ad07fc205d6f6dbac7f65b97511a9174808b519f16801
word_problems_3|P,word_problems_3,word_problems,easy,P,A,D,B,B,B,-1.9129103422164917,-2.199387788772583,-0.2864774465560913,-4.523614406585693,-4.148980617523193,ebf1b0816008f926f25cab6ce019ef2b6a75b127f198dbad0c037b095f5be459
word_problems_3|V,word_problems_3,word_problems,easy,V,A,D,B,D,D,-4.873037584125996,-4.966676235198975,-4.710038185119629,-4.908156871795654,-0.09363865107297897,80a944c2b49282688e39a1be869cfee50644d77540a762ede6b547a8835002bc
analogies_55|B,analogies_55,analogies,hard,B,A,C,,A,A,0.6629887223243713,-0.6649373173713684,-5.6501641273498535,-5.207072734832764,-1.3279260396957397,bedc5cf5ebe8c7b4f60043e3d7a60b851c8f439f3467a5bf17cb697d4846fd50
analogies_55|F,analogies_55,analogies,hard,F,A,C,A,A,A,2.2166844457387924,-0.18382467329502106,-6.974149703979492,-6.375408172607422,-2.4005091190338135,cc79af75f3c0d1874c0e802b34afd6dfdae61ede0f455d3acc14b36904f843df
analogies_55|R2,analogies_55,analogies,hard,R2,A,C,A,A,A,4.537593729794025,-0.014336220920085907,-7.636515140533447,-7.186655521392822,-4.551929950714111,51c1b8fb5ed69d11e4e86815b3e83d0ba7f3a6564c6a8f8a7a172d8e05aba1aa
analogies_55|R1,analogies_55,analogies,hard,R1,A,C,A,A,A,3.0415248349308968,-0.0722847506403923,-7.356626510620117,-6.650339126586914,-3.113809585571289,76081716563b0e7961834199d6aa4c0a3eb9507e860735ceeb2c8fc3f09e3c4c
analogies_55|R3,analogies_55,analogies,hard,R3,A,C,A,A,A,1.6215134412050247,-0.18719200789928436,-5.720791816711426,-6.000861167907715,-1.808705449104309,7fa3e0f9ced1c3c433f38f10e7a3b79d73aba774a3f83d1de0a95d55fc42429d
analogies_55|V,analogies_55,analogies,hard,V,A,C,A,C,C,-5.610559598077089,-5.617857933044434,-7.055850028991699,-0.007298334967344999,-7.257086753845215,83db0cb96f67a83c398c98689544c2c8d8aaf5bb3ccb6d336dec6d08055df60f
analogies_55|R0,analogies_55,analogies,hard,R0,A,C,A,A,A,2.584356427192688,-0.12013137340545654,-6.913755416870117,-6.521206855773926,-2.7044878005981445,1a23b52fc55b6786580e7034390ca409564c272d7fc9360d759e1648895e3b10
analogies_55|P,analogies_55,analogies,hard,P,A,C,A,A,A,2.0536022037267685,-0.1574571281671524,-6.886869430541992,-6.332942485809326,-2.211059331893921,6a0ccc1dd4c04d72a962af96286ad4777afb824e6c9c7a130aa429637bfa11c2
basic_math_74|B,basic_math_74,basic_math,hard,B,C,D,,C,C,2.887056492269039,-2.9672539234161377,-4.553174018859863,-0.08019743114709854,-4.353428840637207,da16bcdee279bc214a16ba9985cdd1cb7a3637584a1a1de05185bb5637189b37
basic_math_74|P,basic_math_74,basic_math,hard,P,C,D,C,C,C,3.593902699649334,-3.6812117099761963,-5.845844268798828,-0.08730901032686234,-5.609186172485352,8a9b48075b657fddaea034e75c40f27e05813471cd4369518e7285594e6fc1cc
basic_math_74|R3,basic_math_74,basic_math,hard,R3,C,D,C,C,C,3.4103546664118767,-3.467740774154663,-4.6212477684021,-0.05738610774278641,-4.426351070404053,d2cda35ecb6b24e0c504d98b7027b00fb91d413bb626d8ce3dbdbc9e56ee31d4
basic_math_74|V,basic_math_74,basic_math,hard,V,C,D,C,D,D,-3.5841866061091423,-4.735004425048828,-5.155852794647217,-3.6793038845062256,-0.09511727839708328,da33af4c79b5c1328823753bf00860dd1826a082ec29083344dac2dfc3851887
basic_math_74|R1,basic_math_74,basic_math,hard,R1,C,D,C,C,C,3.9919622652232647,-4.016669273376465,-6.5223493576049805,-0.02470700815320015,-6.612704277038574,eb52f4222710a7f2b12d0e9fdf154030eefde07f562a7c84666762a11c8ee3d4
basic_math_74|R0,basic_math_74,basic_math,hard,R0,C,D,C,C,C,3.7799207493662834,-3.818329334259033,-5.9419636726379395,-0.038408584892749786,-5.99760103225708,a034115bbe7f9192d772196b701edfab7d1eedee4bb837c4ffe6e363d06b90ce
basic_math_74|R2,basic_math_74,basic_math,hard,R2,C,D,C,C,C,3.7624207884073257,-3.7943918704986572,-6.251218795776367,-0.03197108209133148,-5.901294708251953,12e6928e2fafe38fad19dd4c1c7c04652c46943b9fb833cddebae314cac82e58
basic_math_74|F,basic_math_74,basic_math,hard,F,C,D,C,C,C,4.30012496188283,-4.362236976623535,-6.539233207702637,-0.06211201474070549,-6.416121482849121,a8e45b47cb29130919c12f26a3c97f4d5f967d501222186da76512249a469c83
basic_math_64|B,basic_math_64,basic_math,hard,B,D,B,,A,A,-1.5856112837791443,-0.2812655568122864,-2.9323084354400635,-3.360405206680298,-1.8668768405914307,aead9b6bcc32c8f11effb1f9b156a78c4082978d4f02f8f4406b2ae00596379c
basic_math_64|F,basic_math_64,basic_math,hard,F,D,B,A,A,A,-4.1511877700686455,-0.0516287162899971,-5.041822910308838,-6.154982089996338,-4.202816486358643,29fb24c077d3a0fe9878dc615b498f782b82720c8efcce66ea84f30efc734673
basic_math_64|R1,basic_math_64,basic_math,hard,R1,D,B,A,A,A,-3.950576778501272,-0.03187871351838112,-4.986403465270996,-5.536235332489014,-3.9824554920196533,4e34406970bee3fe0552dbb0ffce427784d0d92fc26123d9bee6b3b17c5565f6
basic_math_64|P,basic_math_64,basic_math,hard,P,D,B,A,A,A,-3.3952312506735325,-0.05834531411528587,-4.64758825302124,-5.133773326873779,-3.4535765647888184,818d4ec87ee3dac48d31dc442ed3d1f038e6afd30d78ef9b6a530f34344adeee
basic_math_64|R3,basic_math_64,basic_math,hard,R3,D,B,A,A,A,-3.3160572946071625,-0.08832946419715881,-3.2797186374664307,-4.517221450805664,-3.4043867588043213,cb940d6bb4eef0be94f7a305973ca47677ff0b797c8aec35c8011bb57a5c72f2
basic_math_64|V,basic_math_64,basic_math,hard,V,D,B,A,B,B,-7.175252761691809,-3.4872584342956543,-0.04369131103157997,-6.661624431610107,-7.218944072723389,def18ce67cdb37803fdf222dec2ac5ffd245735a0dd9b5e33844ef9ff97daa81
basic_math_64|R0,basic_math_64,basic_math,hard,R0,D,B,A,A,A,-3.2415065616369247,-0.06969930231571198,-4.031548500061035,-4.580780982971191,-3.3112058639526367,7c6d201f4f695d4eb8e687cc3a76dc8f3c25cd1faae09ea7e86e71b566840768
basic_math_64|R2,basic_math_64,basic_math,hard,R2,D,B,A,A,A,-4.334104331210256,-0.02937575988471508,-4.909803867340088,-4.96612024307251,-4.363480091094971,4209ca1af93a76025a48a4599325468cf9f0c6900d4a23330ba2841ebc47f6b2
word_problems_45|B,word_problems_45,word_problems,hard,B,C,D,,A,A,-0.20287322998046875,-0.8433303833007812,-4.046562194824219,-1.04620361328125,-2.400972366333008,04b086d74603896e41618bc023bcff7084faf7d915dcf7b6a3d52c6fdeb42b57
word_problems_45|R2,word_problems_45,word_problems,hard,R2,C,D,A,A,A,-2.1174639612436295,-0.14295373857021332,-5.402715682983398,-2.2604176998138428,-4.207319259643555,0430c2b5b7a7d2fcc93fe1ce625e72404f52187078d4eb2da3a2e631004ef011
word_problems_45|P,word_problems_45,word_problems,hard,P,C,D,A,A,A,-2.2272263765335083,-0.33114874362945557,-5.807478427886963,-2.558375120162964,-4.443871021270752,d1ef7cb6ddc723fb0626156a130cc9abf144f9712cc55c2038a0a109d76499f7
word_problems_45|R1,word_problems_45,word_problems,hard,R1,C,D,A,A,A,-1.5938759595155716,-0.22413890063762665,-5.20678186416626,-1.8180148601531982,-3.7031807899475098,8c159fb52c73285e359a738b2863caf93c5d26e43aab77165fb446dcb70afbe3
word_problems_45|V,word_problems_45,word_problems,hard,V,C,D,A,D,D,-4.3307168409228325,-3.4935882091522217,-6.172013282775879,-4.393141269683838,-0.0624244287610054,2609d0c0035bf0c28b12081709a723d24996a5179edba9fcc2302245861eeaf8
word_problems_45|F,word_problems_45,word_problems,hard,F,C,D,A,A,A,-2.336650788784027,-0.386663019657135,-5.804877758026123,-2.723313808441162,-4.564897060394287,dc1426c837621a247368a4466ca08387045d29f93e4eb6d44b361f599db0fd85
word_problems_45|R0,word_problems_45,word_problems,hard,R0,C,D,A,A,A,-1.5672225952148438,-0.2670050859451294,-4.979796409606934,-1.8342276811599731,-3.729733467102051,6fceea36dd105331b3151708c0114aa543dc50618989cba50382c10c8a910e01
word_problems_45|R3,word_problems_45,word_problems,hard,R3,C,D,A,A,A,-1.867870107293129,-0.19024084508419037,-4.299230575561523,-2.0581109523773193,-3.4991912841796875,b253f46cc6e53b8398dbec575f628c6aa82e5fdd40e3bb4adaecfae9312b05f8
basic_math_45|B,basic_math_45,basic_math,hard,B,C,B,,C,C,2.2564028948545456,-2.405590057373047,-3.4662113189697266,-0.14918716251850128,-4.474727630615234,ead138b1b5c7e1815deba8758da3f5bcce26a07ef083d64b113ed803f1e7fa7e
basic_math_45|P,basic_math_45,basic_math,hard,P,C,B,C,C,C,3.4804819971323013,-3.5470681190490723,-4.75194787979126,-0.06658612191677094,-5.16715669631958,ba6cb8d9a8871a03f8bcf9352cdad6aedb93ae08ea069cb4ac39e32b6a8d99a5
basic_math_45|R0,basic_math_45,basic_math,hard,R0,C,B,C,C,C,3.6544227227568626,-3.7034034729003906,-4.831813812255859,-0.048980750143527985,-5.947490692138672,6f4ed6575ea0d8231d04ec002099158d0955805664313039ae05746846925daa
basic_math_45|R1,basic_math_45,basic_math,hard,R1,C,B,C,C,C,3.935333251953125,-3.9717867374420166,-5.2010579109191895,-0.0364534854888916,-6.313007831573486,5f57f9a644b8deaa0cc4ca098bf6f17a5f181757e7a5fbd1db243be26c989b09
basic_math_45|F,basic_math_45,basic_math,hard,F,C,B,C,C,C,4.607227299362421,-4.663424015045166,-5.704290866851807,-0.05619671568274498,-6.462551593780518,d47d91ed8c1e5adc7c5f0d7ea642621595462e0b661b3c296d0e4d6fb9f71eea
basic_math_45|R3,basic_math_45,basic_math,hard,R3,C,B,C,C,C,3.548379734158516,-3.6051249504089355,-4.0992045402526855,-0.05674521625041962,-4.683858394622803,db4de787678dd852dc62d9823b9a05b2991577bdbe82ac5b1056bdaf960e9fe1
basic_math_45|R2,basic_math_45,basic_math,hard,R2,C,B,C,C,C,3.576995886862278,-3.6155595779418945,-5.348315238952637,-0.03856369107961655,-6.12253475189209,327ee3a82ce8787d6de576a9278a545107e035e6b9b893f58e75eb9dd4ea12b1
basic_math_45|V,basic_math_45,basic_math,hard,V,C,B,C,B,B,-4.200191453099251,-4.556263446807861,-0.03413252532482147,-4.234323978424072,-7.758459568023682,7a48f8991cb9bdcdfad2cfe2a88f6b470c0b9ccaf0813a92d842a939196f9eac
scientific_facts_29|B,scientific_facts_29,scientific_facts,medium,B,B,C,,D,D,-2.148166596889496,-1.344616413116455,-2.8802571296691895,-1.6324392557144165,-0.7320905327796936,dbdf1e69c0a21c55ca3d427020784b1efeac67df94ca99d12cd4e9cb1205dbc0
scientific_facts_29|R2,scientific_facts_29,scientific_facts,medium,R2,B,C,D,D,D,-2.841671049594879,-1.2753653526306152,-3.626349925994873,-1.5923762321472168,-0.7846788763999939,2cdf4a9039c984ccccbb8bec6f191b93122621c966306cc12cbddf587d6bbc56
scientific_facts_29|P,scientific_facts_29,scientific_facts,medium,P,B,C,D,D,D,-3.63192155957222,-1.7262804508209229,-4.129064559936523,-2.5063555240631104,-0.4971430003643036,63f16df8e9fcae5be03a581633642d139f275b4959ed36b7d71f09470d757381
scientific_facts_29|F,scientific_facts_29,scientific_facts,medium,F,B,C,D,D,D,-3.569360613822937,-1.8797870874404907,-4.095975399017334,-2.4202401638031006,-0.526614785194397,2c0940b62d14914a0ec81577fead30894afb657169c8576191041c8493fe4975
scientific_facts_29|R0,scientific_facts_29,scientific_facts,medium,R0,B,C,D,D,D,-2.402391493320465,-1.729388952255249,-3.362781286239624,-1.466439962387085,-0.9603897929191589,e458c85b31ef3ae2f44f6d0957b965d80e1e72871ecbc172046e7b314b37bfbd
scientific_facts_29|R1,scientific_facts_29,scientific_facts,medium,R1,B,C,D,D,D,-2.770040452480316,-1.580702304840088,-3.4054760932922363,-1.6155991554260254,-0.6354356408119202,ad8b921a9c99d565718c4d19e86f496ab5d7dd79a9df579dac1aec9e9368bdb1
scientific_facts_29|V,scientific_facts_29,scientific_facts,medium,V,B,C,D,C,C,-5.900699786841869,-4.852513313293457,-5.931561470031738,-0.030861683189868927,-4.586886405944824,7a197d08e40b482be04264438047680780aa017bfd53c08c58cba3b813e78f18
scientific_facts_29|R3,scientific_facts_29,scientific_facts,medium,R3,B,C,D,D,D,-1.9985103607177734,-1.2510361671447754,-2.740601062774658,-1.792879581451416,-0.7420907020568848,047826bc2ebdfdade44e4cbd20500f23de8b2f620713904c5c201b25bfb335d1
basic_math_6|B,basic_math_6,basic_math,easy,B,B,A,,B,B,4.843265479430556,-4.855730056762695,-0.012464577332139015,-6.338285446166992,-6.87812614440918,12635ad9dcdbcf49645687e488f683e202af6321ef3e7869055c8882254bef92
basic_math_6|R3,basic_math_6,basic_math,easy,R3,B,A,B,B,B,3.7845610566437244,-3.8142547607421875,-0.02969370409846306,-5.74859619140625,-6.201164245605469,1bc3006df773f6bc9a08f34113f0ab5831d98e0690fd67fb40deacb4d23c58ef
basic_math_6|R1,basic_math_6,basic_math,easy,R1,B,A,B,B,B,5.416223497129977,-5.422956943511963,-0.006733446381986141,-6.982635974884033,-8.99147891998291,02ecf3938ec12c55f05b60c90d04c5b3340de20c833fef0591ea8dbb3d7936ea
basic_math_6|F,basic_math_6,basic_math,easy,F,B,A,B,B,B,5.006330411881208,-5.050443172454834,-0.044112760573625565,-6.9695353507995605,-7.917518138885498,bb427fa011e43f5a55893e7bda4004465f26f082ddd99b8bc53a31d3a03f0066
basic_math_6|P,basic_math_6,basic_math,easy,P,B,A,B,B,B,4.837141299620271,-4.86240816116333,-0.02526686154305935,-6.70344352722168,-7.737983703613281,c56f671954b9ef109f8ad54d23b153fcf25e29523e36bbc992cd3eb197dcccb9
basic_math_6|V,basic_math_6,basic_math,easy,V,B,A,B,A,A,-3.99504485540092,-0.02953610010445118,-4.024580955505371,-6.3008317947387695,-9.088971138000488,bbb271b800dd12a6a9845fbae4504129f1bfcd71ea36dabaf4e6a39c218258a0
basic_math_6|R0,basic_math_6,basic_math,easy,R0,B,A,B,B,B,5.557103952858597,-5.564235687255859,-0.007131734397262335,-7.266393661499023,-8.740274429321289,d5cc4b8cf3955a58023d237a0b6eaaa4a37d45916c76810ffc4e2c487516c90b
basic_math_6|R2,basic_math_6,basic_math,easy,R2,B,A,B,B,B,4.169141786172986,-4.190333366394043,-0.021191580221056938,-5.881562232971191,-8.080510139465332,5907fd7d5e5a0825eb85fade942b8d76ddcfb86ade452ce26fab54d744e5d45b
reading_comprehension_17|B,reading_comprehension_17,reading_comprehension,medium,B,B,A,,B,B,6.8632527962327,-7.226149559020996,-0.02346881479024887,-8.018792152404785,-6.886721611022949,3b4264005fb0e3be6acf0198728c0d77e331d12ea7e4d4c9b68631da23a87c54
reading_comprehension_17|R0,reading_comprehension_17,reading_comprehension,medium,R0,B,A,B,B,B,5.548418261110783,-5.576087474822998,-0.027669213712215424,-5.697230815887451,-7.117978572845459,e3304d17fdc6173f5d712fd8f5c238c264154bad0f3d6a5c4879aec7727587dc
reading_comprehension_17|V,reading_comprehension_17,reading_comprehension,medium,V,B,A,B,A,A,-4.396362446248531,-0.01597581058740616,-4.4123382568359375,-6.770118713378906,-7.5069580078125,a7a1ff84541b14ac59042ac4bc177b01a2e6e4ce02603cdfc0a456f38051247e
reading_comprehension_17|R2,reading_comprehension_17,reading_comprehension,medium,R2,B,A,B,B,B,5.598360229283571,-5.855391502380371,-0.009331535547971725,-5.607691764831543,-6.890439033508301,6c131f08bcd4e99f7985a7c198ef590bbf70dae7867074069c919fb40d6f7609
reading_comprehension_17|R3,reading_comprehension_17,reading_comprehension,medium,R3,B,A,B,B,B,3.7693786807358265,-3.8146417140960693,-0.045263033360242844,-4.304667949676514,-4.824106216430664,489bb8ed9010ff81bed0367f5e0e487437928c43d3d78874a4d3f641e6263ece
reading_comprehension_17|P,reading_comprehension_17,reading_comprehension,medium,P,B,A,B,B,B,5.2008188758045435,-5.228895664215088,-0.02227463386952877,-5.223093509674072,-6.472967624664307,e9232457337c9e767b7a37c7cf24fb8efa1bdc9f610e12ff4f743a3fe410f8d4
reading_comprehension_17|R1,reading_comprehension_17,reading_comprehension,medium,R1,B,A,B,B,B,5.864398972131312,-5.878339767456055,-0.013940795324742794,-6.266029357910156,-7.671831130981445,3b49fe4b76bd9f40b0ad115941d43c3b15ecc53ff9bed2f3c6044e7b72ce5707
reading_comprehension_17|F,reading_comprehension_17,reading_comprehension,medium,F,B,A,B,B,B,4.9334506671875715,-4.992515563964844,-0.020488770678639412,-4.953939437866211,-6.073522567749023,447422d605912422b5d3b73e90f049d900e269ea6fc3d798d441bb8ab27af162
basic_math_10|B,basic_math_10,basic_math,easy,B,A,B,,A,A,0.028322219848632812,-0.7161491513252258,-3.9306323528289795,-0.7444713711738586,-5.147517204284668,2c31c8ebe20c9df73b8410c3e01275a6036ceb717a9fb6983cd343abf42fe8c6
basic_math_10|R0,basic_math_10,basic_math,easy,R0,A,B,A,A,A,1.6567859202623367,-0.1820700615644455,-5.783379077911377,-1.8388559818267822,-7.784402847290039,97971474824dd981412665655c99c7dd5146051a11c50135157921faa6d32c49
basic_math_10|F,basic_math_10,basic_math,easy,F,A,B,A,A,A,3.2863025665283203,-0.07099246978759766,-6.672593116760254,-3.357295036315918,-8.027926445007324,a8e0c0c744f2c6afa678a2f420387e186972bf3186c5e5c7551bfdafdc355afa
basic_math_10|V,basic_math_10,basic_math,easy,V,A,B,A,B,B,-4.109748736023903,-4.144084930419922,-0.03433619439601898,-4.917255401611328,-7.530338287353516,ee9ad60e3beab152beab62bf4a2d1adf9e3efaedbf998e8a2a37eaba4073ffb1
basic_math_10|R2,basic_math_10,basic_math,easy,R2,A,B,A,A,A,3.8652685806155205,-0.023162968456745148,-6.763225555419922,-3.8884315490722656,-7.963022232055664,278d67610ee7cea838d447bc159d1f4942d4dcd7db87ca6168167a7f64216104
basic_math_10|R3,basic_math_10,basic_math,easy,R3,A,B,A,A,A,1.663291946053505,-0.19821415841579437,-3.9032349586486816,-1.8615061044692993,-5.7974019050598145,0613a3d05f7af4fdeff8e87e5e4fb73423598b6626e2ad5764f1ec1994352c63
basic_math_10|R1,basic_math_10,basic_math,easy,R1,A,B,A,A,A,2.878024961799383,-0.059232328087091446,-6.849790096282959,-2.9372572898864746,-8.72578239440918,587d407e271be95500e25e0c306c1682e6db866188881cd72286b3809e446a65
basic_math_10|P,basic_math_10,basic_math,easy,P,A,B,A,A,A,2.5349845960736275,-0.093551866710186,-5.859611511230469,-2.6285364627838135,-6.637304306030273,aa1f73b26b4e01f70a4a5cfe77bc0d1f8bfb32c3738614490531f7ecf7293f9b
basic_math_19|B,basic_math_19,basic_math,medium,B,B,C,,C,C,-1.8362714350223541,-3.718048572540283,-2.027294874191284,-0.19102343916893005,-4.1031880378723145,42580fe6fd4af453fe712bd95e7f411ec634359c0fdf9603612387e175a1a1c2
basic_math_19|P,basic_math_19,basic_math,medium,P,B,C,C,C,C,-3.9317988827824593,-4.052490711212158,-4.009148120880127,-0.0773492380976677,-5.807732105255127,e689fefbe4655572a1f094fc2dafe84c8348079e946527f0b6dc09f50be8b1ae
basic_math_19|R1,basic_math_19,basic_math,medium,R1,B,C,C,C,C,-4.369048919528723,-4.352590084075928,-4.401021480560303,-0.03197256103157997,-6.471892833709717,178c66bda42f1d3cb355d6110216e882d9ebeec94aff6fe3c66a013714d1e8f0
basic_math_19|V,basic_math_19,basic_math,medium,V,B,C,C,C,C,-5.740957356989384,-4.870752334594727,-5.772333145141602,-0.031375788152217865,-7.178056716918945,f014fbbc7bcd0468e8032d6d9f03822e1e6279c328a8403d79801f5c74df622f
basic_math_19|R0,basic_math_19,basic_math,medium,R0,B,C,C,C,C,-3.537919893860817,-3.9878242015838623,-3.5963711738586426,-0.05845127999782562,-6.092972278594971,4d7734173e9b28dd6e71f05912bfe5a2f659e4cd5060155049858b8a9debbbf8
basic_math_19|R2,basic_math_19,basic_math,medium,R2,B,C,C,C,C,-4.569190876558423,-4.177372932434082,-4.600346565246582,-0.03115568868815899,-6.059849739074707,e0480f172ed7d88dc3453d9e8f78486208b0e63ef5aa0e2b87b120a2aef3425d
basic_math_19|F,basic_math_19,basic_math,medium,F,B,C,C,C,C,-4.487320147454739,-4.679588317871094,-4.574287414550781,-0.08696726709604263,-6.5889892578125,4b3dfe3f089c130b9c23036f1956f4d06bbe35bdb60e38bb5153d755315ce486
basic_math_19|R3,basic_math_19,basic_math,medium,R3,B,C,C,C,C,-2.858484208583832,-3.6012113094329834,-2.9588828086853027,-0.10039860010147095,-4.501712322235107,9424324364c9b632f25e3ab3707418a42a6a3ea6678a9cf23faa12db037b633b
analogies_5|B,analogies_5,analogies,easy,B,C,D,,C,C,8.038553025573492,-8.052578926086426,-11.144966125488281,-0.014025900512933731,-10.685338020324707,c2d847ae8d60ae16f6c2d980caa5943a935730a392022dba6c44148b50bf66f3
analogies_5|R2,analogies_5,analogies,easy,R2,C,D,C,C,C,8.08044198679272,-8.08155632019043,-9.268062591552734,-0.0011143333977088332,-9.93449592590332,257e88f497560fb82e879f8816bd57d89e8fe772c432c99a14f8753aba50a4d0
analogies_5|R1,analogies_5,analogies,easy,R1,C,D,C,C,C,8.009267484769225,-8.029908180236816,-9.600733757019043,-0.020640695467591286,-9.963958740234375,a25c785df23eb103dccafd76de87ca85b43d36e75510620e39a2de4289123b7a
analogies_5|R3,analogies_5,analogies,easy,R3,C,D,C,C,C,6.179355871165171,-6.1829094886779785,-7.460193634033203,-0.00355361751280725,-7.352151870727539,65cb78ebaf0665b8e0ec8933a2689a6889fe23f172b1e0534d2f7c9a8d690580
analogies_5|V,analogies_5,analogies,easy,V,C,D,C,D,D,-4.469780096784234,-5.123621940612793,-6.886275291442871,-4.494013786315918,-0.024233689531683922,b73ae9f8b5a7427a91c0f782bb124ccc0d76d14e7f2bb27d527d7a23bdd977cb
analogies_5|F,analogies_5,analogies,easy,F,C,D,C,C,C,7.610365139320493,-7.62013578414917,-9.444323539733887,-0.009770644828677177,-9.332925796508789,2cbdd68006220467e0617ef2786ac1b20663885c7351836b777589f28b283c39
analogies_5|P,analogies_5,analogies,easy,P,C,D,C,C,C,7.3035773150622845,-7.322298526763916,-8.968596458435059,-0.018721211701631546,-8.809189796447754,5f63b03a6ce65cf5c78bf568d47c976d7da27884328b716acd29eaec9d9d3876
analogies_5|R0,analogies_5,analogies,easy,R0,C,D,C,C,C,7.419740539044142,-7.4389142990112305,-9.663924217224121,-0.0191737599670887,-9.51882266998291,e91b6448198d5d58f57f1fe130637ce908a8ebb3f156d1d60415ddf33bc99e3e
word_problems_31|B,word_problems_31,word_problems,medium,B,A,C,,A,A,3.105909541249275,-0.12795428931713104,-6.140576362609863,-3.2338638305664062,-5.110843658447266,9200effcca9060feeb79346a7424e6e371c113f4e2fd36064bd5b0eeeae7dbc8
word_problems_31|P,word_problems_31,word_problems,medium,P,A,C,A,A,A,4.701257824897766,-0.5486191511154175,-8.449707984924316,-5.249876976013184,-7.615424156188965,a68490ee773d1af8a065306c4803b911f710db8ca67de80cb26537076c6df7be
word_problems_31|F,word_problems_31,word_problems,medium,F,A,C,A,A,A,5.582057863473892,-0.2907443940639496,-8.774919509887695,-5.872802257537842,-8.193822860717773,f4d048d3c50b0f97bf81d80305b6c64c64b71ac0894508ab418322b6f0025f1d
word_problems_31|R2,word_problems_31,word_problems,medium,R2,A,C,A,A,A,5.441181058529764,-0.007251863833516836,-7.965179443359375,-5.448432922363281,-7.558006286621094,c5b3bd8e61a749a4d55a27eaeed25f81f2fa93c556f453e822ed99e4c7d4ee46
word_problems_31|R0,word_problems_31,word_problems,medium,R0,A,C,A,A,A,5.055147411301732,-0.02077030949294567,-7.778867244720459,-5.075917720794678,-7.765273571014404,aa3532ab9aadf649a53a76e0a4cba7a530e356649c268f4f723b26b5588cde44
word_problems_31|R1,word_problems_31,word_problems,medium,R1,A,C,A,A,A,5.411512336693704,-0.010864772833883762,-8.295165061950684,-5.422377109527588,-7.694298267364502,41516ac2f9d3b61b43d61805687aa4bc9d50a481365aba7ca25c322b5e3bcc45
word_problems_31|R3,word_problems_31,word_problems,medium,R3,A,C,A,A,A,3.626840692013502,-0.03682674840092659,-5.382674694061279,-3.6636674404144287,-5.416652202606201,1c12e016684a62d54ee89d96d6a978316738f49f3a01df717378d64d4f7ad7be
word_problems_31|V,word_problems_31,word_problems,medium,V,A,C,A,C,C,-2.430294118821621,-2.538540840148926,-7.0098772048950195,-0.10824672132730484,-7.201740264892578,6616d455c705f03c43dce13a5206df7f6d8c2934d73565f36becd4c302b53f27
basic_math_50|B,basic_math_50,basic_math,hard,B,D,C,,C,C,-2.0031870901584625,-3.1336612701416016,-1.6891021728515625,-0.3887539803981781,-2.3919410705566406,0cf833e154a2ed12d714e8b33eb877727bfe56f73510996aab7cd90f7a89171e
basic_math_50|R3,basic_math_50,basic_math,hard,R3,D,C,C,C,C,-3.930814638733864,-3.8992652893066406,-2.71624755859375,-0.11169634759426117,-4.042510986328125,a230e8f33e8ac6dc11ee1f73c58224040612a9a21c863f72e2891321903cdfb4
basic_math_50|R2,basic_math_50,basic_math,hard,R2,D,C,C,C,C,-5.25099191069603,-4.384585857391357,-4.024552822113037,-0.040175825357437134,-5.291167736053467,4ce4a40462055c5a948a5554efc228f95f75887c1f457b6b14bdb8dbca021859
basic_math_50|V,basic_math_50,basic_math,hard,V,D,C,C,C,C,-5.980121374130249,-4.753592014312744,-4.620367050170898,-0.038065195083618164,-6.018186569213867,3c33609b35150bcf3bc27aaf1078397c873a8979afdab810c39de291acbd515b
basic_math_50|R1,basic_math_50,basic_math,hard,R1,D,C,C,C,C,-5.026130490005016,-4.433859825134277,-3.5627830028533936,-0.05360669642686844,-5.079737186431885,12fd7228e555fb2d65e41800bb64278415ef656f19b56af0db46cd0d6497ea15
basic_math_50|P,basic_math_50,basic_math,hard,P,D,C,C,C,C,-3.904018521308899,-4.03439474105835,-3.20696759223938,-0.10459458827972412,-4.008613109588623,c9e867bdddd0732c951e343f4a7302928d9af4118ef4d8f8bd2fa074c045ae77
basic_math_50|R0,basic_math_50,basic_math,hard,R0,D,C,C,C,C,-4.547142058610916,-4.3229875564575195,-3.2224245071411133,-0.07132431864738464,-4.618466377258301,441090302daa8108eea3d8fa5fe4329091d573e68f6c048d5985f0ea5410ac04
basic_math_50|F,basic_math_50,basic_math,hard,F,D,C,C,C,C,-4.936908535659313,-5.181425094604492,-3.7865889072418213,-0.07555408030748367,-5.012462615966797,550ac70c2636706988cf906d69484fc384031ded5aa731acc477ac8ffbbc9da3
word_problems_61|B,word_problems_61,word_problems,hard,B,D,A,,D,D,3.7549114897847176,-4.899011611938477,-6.269476890563965,-3.810974359512329,-0.05606286972761154,e0503095a3e9782d0a4c029ab774c626e46c9ec7c4e806496413b2069c8c542c
word_problems_61|V,word_problems_61,word_problems,hard,V,D,A,D,A,A,-3.6544074043631554,-0.05278811603784561,-5.538467884063721,-4.304911136627197,-3.707195520401001,67b38a15f17a026f23ca1c4f410d102984d0d2e2720fb3c4525ad3ff3300a0e9
word_problems_61|R0,word_problems_61,word_problems,hard,R0,D,A,D,D,D,4.05000114440918,-5.792874336242676,-7.338992118835449,-4.161791801452637,-0.11179065704345703,94915870db3659d8d22fe69c94a6f65461397b38b8150ff21e4c7aa5bdc3ba30
word_problems_61|F,word_problems_61,word_problems,hard,F,D,A,D,D,D,5.465042054653168,-6.6336469650268555,-8.89782428741455,-5.919440269470215,-0.4543982148170471,eb06630cc4bcde236a79118a910ba6a58e2d48e4d0995bd0c305268b2729d82c
word_problems_61|R3,word_problems_61,word_problems,hard,R3,D,A,D,D,D,3.487728215754032,-4.422180652618408,-5.672745227813721,-3.5350308418273926,-0.04730262607336044,2d36852f51b85b0fa474a2e979574e43073bf00a410ccc110ab4e42bcdc06386
word_problems_61|P,word_problems_61,word_problems,hard,P,D,A,D,D,D,4.647981688380241,-5.950679779052734,-8.18214225769043,-4.860862731933594,-0.21288104355335236,367381347c7b6de49249dc293607cc713ea9fb72826f8f11632e933d224bee22
word_problems_61|R2,word_problems_61,word_problems,hard,R2,D,A,D,D,D,3.768266797065735,-5.009021282196045,-7.246333599090576,-3.809617757797241,-0.04135096073150635,0054517e868adfc73508c2d3abb8b0bf22f6eef010a1ac9f5810995178d68b9a
word_problems_61|R1,word_problems_61,word_problems,hard,R1,D,A,D,D,D,4.326725222170353,-5.7032623291015625,-7.781255722045898,-4.382759094238281,-0.056033872067928314,fe5fbc0ab804f38824d987224f79d3ca75867aa27bf12fe74ec902b8ab23976a
word_problems_47|B,word_problems_47,word_problems,hard,B,C,B,,C,C,5.9500276278704405,-5.978444576263428,-8.416764259338379,-0.02841694839298725,-8.761383056640625,0a1f82f87dd1050edba03ebc212d5a391804fd3813528e656f7498cff831979a
word_problems_47|V,word_problems_47,word_problems,hard,V,C,B,C,B,B,-3.0081196688115597,-5.039417266845703,-0.06163207069039345,-3.069751739501953,-8.63782024383545,93631bc27a1015e0a0ba648fa06c1c683882b1899bd1ee254f444909d66f5a39
word_problems_47|R2,word_problems_47,word_problems,hard,R2,C,B,C,C,C,6.107408549636602,-6.119485378265381,-8.677435874938965,-0.012076828628778458,-9.10014820098877,eabb02f4371c02f89cd7961fdd3b861ec4d90594b65293eac54ba354f24329eb
word_problems_47|R1,word_problems_47,word_problems,hard,R1,C,B,C,C,C,6.614599391818047,-6.663135051727295,-9.4519624710083,-0.04853565990924835,-9.580960273742676,13cd94ef7d9f415b6ad5decaf0874624392ac0478c4f58a158c5ba90a74125fc
word_problems_47|F,word_problems_47,word_problems,hard,F,C,B,C,C,C,6.259386122226715,-6.313543796539307,-8.7443265914917,-0.05415767431259155,-8.920157432556152,46a600eacdaeaf5db5be08490ff079df12abdee55e1069256790022f865d75d8
word_problems_47|R3,word_problems_47,word_problems,hard,R3,C,B,C,C,C,4.772445817478001,-4.784302711486816,-6.518054008483887,-0.011856894008815289,-6.711676597595215,23af7ac5dc0d95a61891d3275cfa733fb97ebb4141080d3daa01334648810d49
word_problems_47|P,word_problems_47,word_problems,hard,P,C,B,C,C,C,6.151788927614689,-6.244287014007568,-8.820211410522461,-0.09249808639287949,-9.017594337463379,1747b982a4a95b2577e6b49bce3fc46fccb8f1f485ac050a72ea1ca2659b6434
word_problems_47|R0,word_problems_47,word_problems,hard,R0,C,B,C,C,C,5.9234160631895065,-6.0051589012146,-8.786368370056152,-0.08174283802509308,-9.388786315917969,f6fea9728ef02e7fd01e93a156da740813d922e15570667a4ad1581a12d7d010
common_sense_14|B,common_sense_14,common_sense,easy,B,C,B,,C,C,10.600154764135368,-10.602105140686035,-13.05808162689209,-0.001950376550666988,-12.619656562805176,6ac8b89a40fc095749b1df4bfffb37431f709922c5ea180ec9da8d3c002ef632
common_sense_14|R3,common_sense_14,common_sense,easy,R3,C,B,C,C,C,6.6302908062934875,-6.633075714111328,-8.109580993652344,-0.002784907817840576,-7.165185928344727,d5a59720be767c543d68ab6704aaa4e8f5ff3dd5e3dbae507ac9f1e56945002c
common_sense_14|V,common_sense_14,common_sense,easy,V,C,B,C,B,B,-2.6245252266526222,-4.5267791748046875,-0.08385666459798813,-2.7083818912506104,-8.024845123291016,e0131b8e6b19ffad5c2bb89ba0095c8fcfa518abf8f977029e7d8e3a0223e930
common_sense_14|R1,common_sense_14,common_sense,easy,R1,C,B,C,C,C,8.146814447827637,-8.160531997680664,-10.38656234741211,-0.013717549853026867,-10.612953186035156,e624391267d06ca902527734387262a06cb5a7e3ff9427aa0c30c2713db7e693
common_sense_14|P,common_sense_14,common_sense,easy,P,C,B,C,C,C,8.27082448778674,-8.27658748626709,-9.980576515197754,-0.005762998480349779,-10.1544771194458,3b4716d080f9e765304583d04e3c35aba93b6702955ac4daf5edd33c60ceb262
common_sense_14|R0,common_sense_14,common_sense,easy,R0,C,B,C,C,C,8.0322708748281,-8.04183292388916,-10.037378311157227,-0.009562049061059952,-10.969867706298828,9f05f907a86be1e65fdb20df94fc840040180efaddf6e28b80efd6f79ec442f9
common_sense_14|R2,common_sense_14,common_sense,easy,R2,C,B,C,C,C,8.550018086272758,-8.550847053527832,-10.524102210998535,-0.0008289672550745308,-11.155896186828613,f2d3296075aaf5a4ffdafbcc88defb80a246867f454b552a7abfdbf7c32d22c5
common_sense_14|F,common_sense_14,common_sense,easy,F,C,B,C,C,C,7.715137484483421,-7.7191362380981445,-9.371285438537598,-0.003998753614723682,-9.367327690124512,a9eb0ffe60481a90667b845037d783dec60a88f79af353cc556856a461ec3006
logical_reasoning_33|B,logical_reasoning_33,logical_reasoning,medium,B,A,B,,A,A,3.986148774623871,-0.3216167092323303,-6.272637844085693,-5.591479778289795,-4.307765483856201,a8f05ec2df674dbd1547264f61443edde2daf1e452e2c95d2b831c164a3d2450
logical_reasoning_33|R3,logical_reasoning_33,logical_reasoning,medium,R3,A,B,A,A,A,5.133615677244961,-0.01288586389273405,-5.817148208618164,-5.805730819702148,-5.146501541137695,be3a6d4b19b5614e42cb6d14c913799987807b4c8c820b09a37adc9087793873
logical_reasoning_33|V,logical_reasoning_33,logical_reasoning,medium,V,A,B,A,B,B,-1.3381995856761932,-1.5911719799041748,-0.25297239422798157,-5.721076011657715,-4.726021766662598,b0e56ef54b047f12079600f351f8ae5a2115ad07f7bd3ce15153b667b3b0dd35
logical_reasoning_33|R2,logical_reasoning_33,logical_reasoning,medium,R2,A,B,A,A,A,7.184007813222706,-0.01154692005366087,-7.983562469482422,-7.379110336303711,-7.195554733276367,073a08f256b2e3d34c7078657e7a6270a718efc1940b594ac1bc8aa253431b77
logical_reasoning_33|R0,logical_reasoning_33,logical_reasoning,medium,R0,A,B,A,A,A,6.420154362916946,-0.2208835780620575,-7.6671953201293945,-6.641037940979004,-7.301663398742676,39cbfa32fb623aed3ed88929fe32861013fcae09aaa27cd1d0abd9d389fa01a5
logical_reasoning_33|F,logical_reasoning_33,logical_reasoning,medium,F,A,B,A,A,A,6.985489055514336,-0.07175667583942413,-8.193367004394531,-7.407412052154541,-7.05724573135376,dcb7f73444ff39decabc441f59281ae570db26ed8f0c1c07fa5b0fc33ae29998
logical_reasoning_33|R1,logical_reasoning_33,logical_reasoning,medium,R1,A,B,A,A,A,6.928211139515042,-0.02253253571689129,-7.993767738342285,-6.950743675231934,-7.4791460037231445,25df0e4f055698ca810e604f30195bd97be651235ecab39b12f715cdc2485913
logical_reasoning_33|P,logical_reasoning_33,logical_reasoning,medium,P,A,B,A,A,A,7.0081367660313845,-0.03045223467051983,-8.325583457946777,-7.212022304534912,-7.038589000701904,b3da28849fd0fe3d53e1e629a7822c7b20fc473fbe95cb64441e148458698377
